,Date,Price,Open,High,Low,Vol.,Change %,direction
0,2021-01-08,68.7,69.28,69.6,68.32,23620.0,-0.0060999999999999995,-1
1,2021-01-07,69.13,69.45,69.88,69.03,16010.000000000002,-0.009300000000000001,-1
2,2021-01-06,69.78,71.07,71.75,69.53,20470.0,-0.016200000000000003,-1
3,2021-01-05,70.93,71.4,71.4,70.1,18960.0,-0.0042,-1
4,2021-01-04,71.22,71.43,72.0,70.68,24530.0,0.0124,1
5,2021-01-01,70.35,70.35,70.35,70.35,,0.0011,1
6,2020-12-31,70.28,68.03,70.5,67.95,24320.0,0.039599999999999996,1
7,2020-12-30,67.6,67.1,69.15,67.07,18180.0,0.006,1
8,2020-12-29,67.2,66.78,67.75,66.05,12890.0,0.0105,1
9,2020-12-28,66.5,67.2,67.22,65.78,10220.0,-0.0066,-1
10,2020-12-27,66.94,66.94,66.94,66.94,,0.0,0
11,2020-12-25,66.94,66.94,66.94,66.94,,-0.0001,-1
12,2020-12-24,66.95,67.6,67.9,66.68,8620.0,-0.013300000000000001,-1
13,2020-12-23,67.85,66.13,68.13,65.78,16120.000000000002,0.0276,1
14,2020-12-22,66.03,66.38,66.6,65.72,10420.0,0.0015,1
15,2020-12-21,65.93,65.2,66.4,65.1,9820.0,0.0019,1
16,2020-12-18,65.8,65.03,66.0,64.75,8870.0,0.0046,1
17,2020-12-17,65.5,65.97,66.45,65.3,10150.0,-0.0072,-1
18,2020-12-16,65.97,65.6,66.1,64.65,13960.0,-0.0070999999999999995,-1
19,2020-12-15,66.45,65.3,66.9,65.22,14260.0,0.0239,1
20,2020-12-14,64.9,64.7,64.93,64.7,1600.0,0.0034999999999999996,1
21,2020-12-11,64.68,64.8,64.95,64.53,3800.0,-0.0019,-1
22,2020-12-10,64.8,65.0,65.07,64.68,2970.0,-0.005,-1
23,2020-12-09,65.13,64.85,65.22,64.63,3130.0,0.0089,1
24,2020-12-08,64.55,64.85,64.88,64.28,3430.0,0.0008,1
25,2020-12-07,64.5,65.35,65.6,64.35,4650.0,-0.0209,-1
26,2020-12-04,65.88,65.45,65.95,64.6,6890.0,-0.0023,-1
27,2020-12-03,66.03,66.43,66.45,65.85,4990.0,-0.0049,-1
28,2020-12-02,66.35,66.47,66.6,66.05,5300.0,-0.009300000000000001,-1
29,2020-12-01,66.97,67.93,67.95,66.7,6010.0,-0.0089,-1
30,2020-11-30,67.57,66.25,67.85,66.0,8550.0,0.0258,1
31,2020-11-27,65.88,66.18,66.2,65.55,3400.0,-0.0045000000000000005,-1
32,2020-11-25,66.18,65.4,66.32,64.93,6010.0,0.0134,1
33,2020-11-24,65.3,65.8,65.95,64.13,7370.0,0.0054,1
34,2020-11-23,64.95,64.75,66.43,64.47,11410.0,0.0129,1
35,2020-11-20,64.13,63.7,64.75,63.5,10220.0,0.0067,1
36,2020-11-19,63.7,65.38,65.5,63.5,9880.0,-0.0319,-1
37,2020-11-18,65.8,64.6,66.0,64.5,6870.0,0.0042,1
38,2020-11-17,65.53,65.15,66.18,64.9,13780.0,0.0058,1
39,2020-11-16,65.15,64.97,65.8,64.6,12600.0,0.0039000000000000003,1
40,2020-11-13,64.9,66.03,66.03,64.18,18180.0,-0.0137,-1
41,2020-11-12,65.8,65.63,66.57,65.22,26880.0,0.0154,1
42,2020-11-11,64.8,65.15,65.78,63.6,27210.0,-0.005,-1
43,2020-11-10,65.13,66.3,66.3,64.9,24090.0,-0.0072,-1
44,2020-11-09,65.6,65.8,66.57,65.25,25740.0,0.0108,1
45,2020-11-06,64.9,67.0,67.57,64.63,32110.0,-0.0374,-1
46,2020-11-05,67.43,66.88,67.6,66.43,18710.0,0.016200000000000003,1
47,2020-11-04,66.35,65.57,66.45,64.7,13320.0,0.014499999999999999,1
48,2020-11-03,65.4,66.5,66.8,65.15,15740.0,-0.0083,-1
49,2020-11-02,65.95,65.72,66.05,64.1,16750.0,0.005699999999999999,1
50,2020-10-30,65.57,66.45,66.97,65.2,18180.0,-0.0008,-1
51,2020-10-29,65.63,65.8,66.15,64.2,18260.0,-0.0113,-1
52,2020-10-28,66.38,67.0,67.32,65.82,15590.0,-0.018799999999999997,-1
53,2020-10-27,67.65,68.18,69.65,67.43,16970.0,-0.0015,-1
54,2020-10-26,67.75,66.68,67.95,65.3,18180.0,0.0108,1
55,2020-10-23,67.03,66.35,67.22,65.7,14250.0,0.0125,1
56,2020-10-22,66.2,69.57,69.8,66.2,21220.0,-0.0434,-1
57,2020-10-21,69.2,69.9,70.82,68.85,19550.0,-0.0007000000000000001,-1
58,2020-10-20,69.25,70.97,71.05,68.5,24150.0,-0.0305,-1
59,2020-10-19,71.43,69.72,72.8,69.32,30550.0,0.0233,1
60,2020-10-16,69.8,70.3,70.7,68.82,17730.0,-0.0011,-1
61,2020-10-15,69.88,68.2,69.93,68.03,21380.0,-0.109,-1
62,2020-10-14,78.43,78.05,78.43,78.0,1770.0,0.008,1
63,2020-10-13,77.8,77.97,78.05,77.65,2550.0,-0.0048,-1
64,2020-10-12,78.18,78.22,78.28,78.05,3070.0,0.0006,1
65,2020-10-09,78.13,77.75,78.2,77.55,2550.0,0.01,1
66,2020-10-08,77.35,77.22,77.57,77.0,3980.0,0.0062,1
67,2020-10-07,76.88,76.45,77.03,76.2,5500.0,0.0072,1
68,2020-10-06,76.32,75.5,76.38,75.47,5450.0,0.021099999999999997,1
69,2020-10-05,74.75,74.32,74.9,74.0,4450.0,0.0034000000000000002,1
70,2020-10-02,74.5,74.7,75.43,74.25,5100.0,0.004699999999999999,1
71,2020-10-01,74.15,73.2,74.4,73.03,6980.0,0.018500000000000003,1
72,2020-09-30,72.8,72.57,73.05,72.2,5590.0,0.0059,1
73,2020-09-29,72.38,73.28,73.45,72.13,7480.0,-0.0045000000000000005,-1
74,2020-09-28,72.7,72.28,72.78,72.15,6210.0,0.0132,1
75,2020-09-25,71.75,69.47,72.0,68.9,9090.0,0.0327,1
76,2020-09-24,69.47,69.18,69.85,69.03,6330.0,-0.0004,-1
77,2020-09-23,69.5,68.3,69.55,68.25,8310.0,0.0172,1
78,2020-09-22,68.32,67.6,68.6,67.07,10660.0,0.0415,1
79,2020-09-21,65.6,66.1,66.47,65.28,8180.0,-0.013500000000000002,-1
80,2020-09-18,66.5,67.28,67.78,65.9,10560.0,-0.0004,-1
81,2020-09-17,66.53,66.07,67.2,65.6,14930.0,0.0199,1
82,2020-09-16,65.22,66.38,66.88,64.15,18710.0,-0.0072,-1
83,2020-09-15,65.7,65.25,67.0,65.15,21860.0,0.0166,1
84,2020-09-14,64.63,68.32,68.53,64.4,30790.0,-0.029300000000000003,-1
85,2020-09-11,66.57,67.47,68.72,66.13,50630.0,0.0342,1
86,2020-09-10,64.38,63.1,64.38,62.88,18370.0,0.0489,1
87,2020-09-09,61.38,60.05,61.72,59.78,30700.0,0.0246,1
88,2020-09-08,59.9,59.38,60.28,58.78,29290.0,0.0013,1
89,2020-09-04,59.83,59.9,60.95,58.88,23880.0,0.0097,1
90,2020-09-03,59.25,57.3,59.4,57.17,33940.0,0.050499999999999996,1
91,2020-09-02,56.4,55.25,56.92,54.9,23440.0,0.025,1
92,2020-09-01,55.03,54.0,55.2,53.8,18420.0,0.026600000000000002,1
93,2020-08-31,53.6,53.38,54.38,53.17,13110.0,-0.0009,-1
94,2020-08-28,53.65,55.03,55.08,53.22,19710.0,-0.037200000000000004,-1
95,2020-08-27,55.72,55.4,56.13,55.28,11780.0,0.0032,1
96,2020-08-26,55.55,55.95,56.7,54.65,15650.0,-0.0070999999999999995,-1
97,2020-08-25,55.95,55.47,56.17,55.17,12950.0,0.024700000000000003,1
98,2020-08-24,54.6,54.5,55.95,54.25,14300.0,0.006500000000000001,1
99,2020-08-21,54.25,55.53,55.97,54.08,13370.0,-0.0168,-1
100,2020-08-20,55.17,53.7,56.13,53.55,27790.0,0.05,1
101,2020-08-19,52.55,51.65,52.83,51.47,11340.0,0.0219,1
102,2020-08-18,51.42,53.45,53.55,51.28,15600.0,-0.0392,-1
103,2020-08-17,53.53,52.83,53.9,52.8,10560.0,-0.005600000000000001,-1
104,2020-08-14,53.83,53.8,53.97,53.7,,0.0023,1
105,2020-08-13,53.7,53.05,53.83,53.03,1870.0,0.0151,1
106,2020-08-12,52.9,52.83,53.08,52.6,3700.0,-0.0033,-1
107,2020-08-11,53.08,53.38,53.67,52.95,3570.0,-0.0009,-1
108,2020-08-10,53.13,51.85,53.42,51.65,6280.0,0.0417,1
109,2020-08-07,51.0,50.5,51.2,50.5,5070.0,0.025099999999999997,1
110,2020-08-06,49.75,49.45,50.0,49.45,3910.0,0.0060999999999999995,1
111,2020-08-05,49.45,49.33,49.7,49.2,8510.0,-0.005,-1
112,2020-08-04,49.7,49.9,50.47,49.55,6860.0,-0.0034999999999999996,-1
113,2020-08-03,49.88,51.28,51.5,49.65,8910.0,-0.0409,-1
114,2020-07-31,52.0,51.25,52.1,51.1,5690.0,0.011200000000000002,1
115,2020-07-30,51.42,53.05,53.13,51.03,7970.0,-0.0311,-1
116,2020-07-29,53.08,53.8,53.8,52.5,8870.0,-0.0208,-1
117,2020-07-28,54.2,54.75,55.28,54.03,7630.0,-0.0064,-1
118,2020-07-27,54.55,54.25,54.92,53.67,9240.0,0.0102,1
119,2020-07-24,54.0,54.03,54.2,52.78,8670.0,-0.0087,-1
120,2020-07-23,54.47,53.1,54.95,52.92,11710.0,0.0347,1
121,2020-07-22,52.65,52.75,53.05,52.0,10470.0,0.022799999999999997,1
122,2020-07-21,51.47,50.53,51.65,50.5,10550.0,0.0213,1
123,2020-07-20,50.4,52.83,53.28,50.2,16450.0,-0.0455,-1
124,2020-07-17,52.8,53.2,53.63,52.33,14420.0,-0.0158,-1
125,2020-07-16,53.65,50.55,53.8,50.5,29740.0,0.13369999999999999,1
126,2020-07-15,47.33,46.92,47.53,46.85,1460.0,0.011200000000000002,1
127,2020-07-14,46.8,46.58,46.95,46.55,1730.0,0.0027,1
128,2020-07-13,46.67,46.08,46.97,45.95,3770.0,0.0152,1
129,2020-07-10,45.97,46.0,46.5,45.83,3440.0,0.0027,1
130,2020-07-09,45.85,44.6,46.2,44.6,5320.0,0.0409,1
131,2020-07-08,44.05,44.35,44.55,43.58,9280.0,-0.010700000000000001,-1
132,2020-07-07,44.53,44.67,44.95,44.53,4230.0,-0.0095,-1
133,2020-07-06,44.95,45.0,45.45,44.65,4360.0,0.005,1
134,2020-07-02,44.72,45.08,45.35,44.63,2120.0,-0.0017000000000000001,-1
135,2020-07-01,44.8,44.75,45.35,44.5,3370.0,-0.0083,-1
136,2020-06-30,45.17,45.28,45.63,45.08,3290.0,-0.0044,-1
137,2020-06-29,45.38,45.28,45.6,45.08,2450.0,0.0022,1
138,2020-06-26,45.28,45.28,45.75,44.97,6620.0,-0.0352,-1
139,2020-06-25,46.92,46.03,47.15,46.03,4400.0,0.0218,1
140,2020-06-24,45.92,46.33,46.72,45.85,4900.0,-0.0208,-1
141,2020-06-23,46.9,46.83,47.47,46.28,6960.0,0.0016,1
142,2020-06-22,46.83,47.88,48.08,45.75,6520.0,-0.0335,-1
143,2020-06-19,48.45,49.95,50.35,48.33,7140.0,-0.0291,-1
144,2020-06-18,49.9,49.38,50.28,48.97,8220.0,0.005,1
145,2020-06-17,49.65,48.5,49.85,48.17,11480.0,0.0,0
146,2020-06-16,49.65,51.78,51.8,48.92,19310.0,-0.050199999999999995,-1
147,2020-06-15,52.28,51.25,53.08,51.25,13340.0,0.08789999999999999,1
148,2020-06-12,48.05,47.92,48.22,47.83,700.0,0.0016,1
149,2020-06-11,47.97,48.03,48.08,47.85,1650.0,0.0026,1
150,2020-06-10,47.85,47.88,48.15,47.72,1590.0,-0.004699999999999999,-1
151,2020-06-09,48.08,48.08,48.58,47.78,2170.0,-0.0103,-1
152,2020-06-08,48.58,47.0,48.7,46.85,2770.0,0.023700000000000002,1
153,2020-06-05,47.45,48.45,48.78,47.28,3040.0,-0.020099999999999996,-1
154,2020-06-04,48.42,48.53,48.9,46.45,7650.0,-0.0046,-1
155,2020-06-03,48.65,51.33,51.45,48.65,6940.0,-0.0716,-1
156,2020-06-02,52.4,54.03,54.4,52.08,6910.0,-0.0403,-1
157,2020-06-01,54.6,55.28,55.85,54.45,5340.0,-0.039599999999999996,-1
158,2020-05-29,56.85,56.45,56.92,55.92,5700.0,-0.0013,-1
159,2020-05-28,56.92,58.67,58.8,56.65,7600.0,-0.054000000000000006,-1
160,2020-05-27,60.17,60.1,62.0,60.05,6530.0,-0.0054,-1
161,2020-05-26,60.5,59.3,61.3,58.8,6860.0,0.029300000000000003,1
162,2020-05-22,58.78,59.03,59.72,58.55,5040.0,-0.0097,-1
163,2020-05-21,59.35,57.03,59.42,56.95,8180.0,0.0435,1
164,2020-05-20,56.88,56.05,57.05,55.75,5810.0,0.004,1
165,2020-05-19,56.65,57.6,58.65,56.55,6190.0,-0.0173,-1
166,2020-05-18,57.65,58.5,58.8,57.1,9450.0,-0.0039000000000000003,-1
167,2020-05-15,57.88,58.22,59.4,57.75,11610.0,-0.1573,-1
168,2020-05-14,68.68,68.25,68.75,67.9,240.0,0.009899999999999999,1
169,2020-05-13,68.0,67.5,68.28,67.25,710.0,-0.0004,-1
170,2020-05-12,68.03,67.57,68.07,67.32,460.0,0.0256,1
171,2020-05-11,66.32,67.1,67.75,66.22,1160.0,-0.014499999999999999,-1
172,2020-05-08,67.3,68.25,68.7,67.2,490.0,-0.0218,-1
173,2020-05-07,68.8,67.93,68.95,65.55,800.0,0.0103,1
174,2020-05-06,68.1,66.97,68.2,66.5,770.0,0.029500000000000002,1
175,2020-05-05,66.15,66.5,67.4,65.0,1300.0,-0.0233,-1
176,2020-05-04,67.72,65.88,68.25,65.43,1270.0,0.0771,1
177,2020-05-01,62.88,60.92,62.88,60.92,660.0,0.0634,1
178,2020-04-30,59.13,57.42,59.47,57.4,1010.0,0.0506,1
179,2020-04-29,56.28,57.08,57.78,55.85,1070.0,0.0223,1
180,2020-04-28,55.05,57.08,59.0,54.0,1660.0,-0.0218,-1
181,2020-04-27,56.28,54.3,56.28,53.8,1360.0,0.07139999999999999,1
182,2020-04-24,52.53,52.13,53.72,51.7,1290.0,0.0304,1
183,2020-04-23,50.97,47.97,50.97,47.97,2060.0,0.0794,1
184,2020-04-22,47.22,44.97,47.63,44.97,1760.0,0.0666,1
185,2020-04-21,44.28,40.6,44.35,40.58,1080.0,0.09050000000000001,1
186,2020-04-20,40.6,38.5,41.38,38.42,1350.0,0.0705,1
187,2020-04-17,37.92,38.2,39.5,37.22,470.0,0.0161,1
188,2020-04-16,37.33,39.3,39.78,37.0,320.0,-0.1815,-1
189,2020-04-15,45.6,45.75,46.05,45.5,1810.0,-0.0011,-1
190,2020-04-14,45.65,44.78,45.8,44.5,2770.0,0.0167,1
191,2020-04-13,44.9,41.9,45.0,41.9,4050.0,0.0466,1
192,2020-04-10,42.9,42.9,42.9,42.9,,0.0023,1
193,2020-04-09,42.8,42.0,43.0,42.0,2770.0,-0.0075,-1
194,2020-04-08,43.13,44.1,44.3,40.85,6540.0,-0.0227,-1
195,2020-04-07,44.13,43.33,44.13,42.85,6100.0,0.0729,1
196,2020-04-06,41.13,40.22,42.75,37.5,9550.0,0.022400000000000003,1
197,2020-04-03,40.22,41.83,42.5,40.2,9030.0,-0.1001,-1
198,2020-04-02,44.7,48.0,48.2,44.7,8510.0,-0.0915,-1
199,2020-04-01,49.2,51.4,51.6,49.2,5820.0,-0.0575,-1
200,2020-03-31,52.2,53.95,54.8,52.1,7490.0,-0.032400000000000005,-1
201,2020-03-30,53.95,58.1,58.25,53.95,10160.0,-0.077,-1
202,2020-03-27,58.45,62.22,62.22,58.4,7700.0,-0.0707,-1
203,2020-03-26,62.9,65.2,65.25,62.85,,-0.044800000000000006,-1
204,2020-03-25,65.85,66.97,67.45,65.15,,-0.0087,-1
205,2020-03-24,66.43,66.3,67.7,65.8,,0.0286,1
206,2020-03-23,64.57,64.0,64.57,63.17,,0.0487,1
207,2020-03-20,61.58,62.75,63.85,61.45,10710.0,0.006999999999999999,1
208,2020-03-19,61.15,60.78,61.15,59.38,,0.0516,1
209,2020-03-18,58.15,59.62,62.8,56.27,29540.0,-0.005600000000000001,-1
210,2020-03-17,58.48,55.5,58.48,55.5,11710.0,0.0834,1
211,2020-03-16,53.98,52.3,56.58,52.12,29750.0,-0.0426,-1
212,2020-03-13,56.38,62.83,62.85,56.38,22410.0,-0.0739,-1
213,2020-03-12,60.88,62.48,62.5,60.88,21340.0,-0.047,-1
214,2020-03-11,63.88,65.55,66.0,63.8,25780.0,-0.0172,-1
215,2020-03-10,65.0,64.62,66.0,64.5,33010.0,0.0317,1
216,2020-03-09,63.0,62.92,65.22,62.92,35590.0,-0.0443,-1
217,2020-03-06,65.92,65.0,66.38,65.0,28160.0,0.0083,1
218,2020-03-05,65.38,64.12,65.47,63.65,19020.0,0.0168,1
219,2020-03-04,64.3,64.0,64.78,63.3,20320.0,0.0118,1
220,2020-03-03,63.55,63.7,64.83,63.23,24150.0,0.011899999999999999,1
221,2020-03-02,62.8,62.55,63.17,62.12,19140.0,0.0085,1
222,2020-02-28,62.27,62.12,63.0,61.52,25830.0,-0.0045000000000000005,-1
223,2020-02-27,62.55,64.53,64.92,62.15,26610.0,-0.039900000000000005,-1
224,2020-02-26,65.15,64.67,65.95,64.22,18470.0,0.0074,1
225,2020-02-25,64.67,65.2,65.88,64.5,17020.0,0.0008,1
226,2020-02-24,64.62,65.0,65.35,64.08,20130.0,-0.036000000000000004,-1
227,2020-02-21,67.03,66.5,67.15,66.05,12020.0,0.0022,1
228,2020-02-20,66.88,66.9,67.25,66.1,16760.0,-0.0104,-1
229,2020-02-19,67.58,66.1,68.25,65.78,25100.0,0.0318,1
230,2020-02-18,65.5,64.47,65.85,63.1,22220.0,0.17170000000000002,1
231,2020-02-14,55.9,55.88,56.0,55.65,1160.0,-0.0018,-1
232,2020-02-13,56.0,55.73,56.12,55.65,1800.0,0.0059,1
233,2020-02-12,55.67,56.0,56.3,55.5,2510.0,-0.008,-1
234,2020-02-11,56.12,56.17,56.33,55.6,2940.0,-0.0014000000000000002,-1
235,2020-02-10,56.2,57.0,57.0,55.77,3160.0,-0.0158,-1
236,2020-02-07,57.1,57.7,57.8,57.02,5240.0,-0.0104,-1
237,2020-02-06,57.7,56.85,58.27,56.77,6810.0,0.0105,1
238,2020-02-05,57.1,57.6,57.98,56.98,6020.0,0.0062,1
239,2020-02-04,56.75,56.83,57.85,56.55,5770.0,0.008,1
240,2020-02-03,56.3,57.88,58.0,54.67,10200.0,-0.0144,-1
241,2020-01-31,57.12,60.5,60.5,56.85,14640.0,-0.0682,-1
242,2020-01-30,61.3,63.25,63.25,61.3,12110.0,-0.0467,-1
243,2020-01-29,64.3,66.5,66.6,64.12,12120.0,-0.028999999999999998,-1
244,2020-01-28,66.22,66.5,67.05,66.15,9080.0,0.0040999999999999995,1
245,2020-01-27,65.95,66.28,66.33,65.22,17010.0,-0.0189,-1
246,2020-01-24,67.22,68.4,68.4,66.75,13160.0,-0.0187,-1
247,2020-01-23,68.5,67.45,69.0,67.28,11480.0,0.0141,1
248,2020-01-22,67.55,67.62,67.95,66.9,7570.0,0.003,1
249,2020-01-21,67.35,67.58,68.0,66.42,14520.0,-0.004699999999999999,-1
250,2020-01-17,67.67,67.15,67.8,66.5,18700.0,0.0118,1
251,2020-01-16,66.88,67.67,68.17,66.33,15660.0,-0.0147,-1
252,2020-01-15,67.88,67.6,68.05,66.78,17420.0,0.0031,1
253,2020-01-14,67.67,65.67,68.22,65.67,35080.0,0.0269,1
254,2020-01-13,65.9,66.97,67.05,65.58,28890.0,-0.020099999999999996,-1
255,2020-01-10,67.25,67.33,68.22,66.88,31730.0,0.0033,1
256,2020-01-09,67.03,68.9,69.0,66.47,36760.0,-0.028999999999999998,-1
257,2020-01-08,69.03,68.78,70.2,68.6,30280.0,-0.0027,-1
258,2020-01-07,69.22,68.62,69.35,68.03,23540.0,0.0087,1
259,2020-01-06,68.62,68.95,69.22,67.55,20020.0,0.001,1
260,2020-01-03,68.55,70.6,70.9,68.55,25400.0,-0.04190000000000001,-1
261,2020-01-02,71.55,71.6,72.6,70.78,23800.0,0.0042,1
262,2020-01-01,71.25,71.25,71.25,71.25,,-0.0024,-1
263,2019-12-31,71.42,71.7,71.88,70.83,12230.0,-0.0053,-1
264,2019-12-30,71.8,71.25,71.9,70.6,18760.0,0.0173,1
265,2019-12-27,70.58,70.75,71.03,69.83,12700.0,-0.0045000000000000005,-1
266,2019-12-26,70.9,71.05,71.5,70.05,9910.0,0.0014000000000000002,1
267,2019-12-25,70.8,70.8,70.8,70.8,,0.0014000000000000002,1
268,2019-12-24,70.7,70.12,70.92,69.62,8950.0,0.0064,1
269,2019-12-23,70.25,70.67,71.3,69.47,17340.0,-0.0059,-1
270,2019-12-20,70.67,70.85,71.22,70.3,15250.0,-0.0042,-1
271,2019-12-19,70.97,69.9,71.0,69.53,18530.0,0.015300000000000001,1
272,2019-12-18,69.9,69.67,70.4,69.33,16050.0,0.0007000000000000001,1
273,2019-12-17,69.85,70.2,71.0,69.4,22570.0,-0.0092,-1
274,2019-12-16,70.5,69.53,70.9,69.08,22360.0,0.16570000000000001,1
275,2019-12-13,60.48,60.75,60.83,60.27,,-0.0085,-1
276,2019-12-12,61.0,60.7,61.05,60.5,4019.9999999999995,0.0049,1
277,2019-12-11,60.7,60.6,60.9,60.42,4280.0,0.0036,1
278,2019-12-10,60.48,60.17,60.75,59.92,5200.0,0.008,1
279,2019-12-09,60.0,60.8,60.9,59.9,6230.0,-0.0183,-1
280,2019-12-06,61.12,62.2,62.52,61.05,6410.0,-0.0075,-1
281,2019-12-05,61.58,61.88,61.95,61.17,7050.0,-0.0048,-1
282,2019-12-04,61.88,62.25,62.75,61.75,7470.0,-0.009899999999999999,-1
283,2019-12-03,62.5,60.58,62.58,60.3,8850.0,0.0356,1
284,2019-12-02,60.35,61.73,62.35,60.17,7360.0,-0.0269,-1
285,2019-11-29,62.02,60.75,62.4,60.15,9710.0,0.0223,1
286,2019-11-27,60.67,60.75,61.52,60.5,6960.0,-0.0026,-1
287,2019-11-26,60.83,61.2,61.23,60.6,6320.0,-0.0031,-1
288,2019-11-25,61.02,61.3,61.65,60.73,6710.0,-0.0034000000000000002,-1
289,2019-11-22,61.23,60.8,61.58,60.5,7830.0,0.0096,1
290,2019-11-21,60.65,61.15,61.7,60.17,9850.0,0.0033,1
291,2019-11-20,60.45,62.0,62.15,60.05,13580.0,-0.0274,-1
292,2019-11-19,62.15,62.85,62.92,61.92,14080.0,-0.0096,-1
293,2019-11-18,62.75,63.0,63.62,62.42,14680.0,-0.0070999999999999995,-1
294,2019-11-15,63.2,63.02,63.3,62.48,16700.0,0.0072,1
295,2019-11-14,62.75,63.12,64.08,62.67,18260.0,-0.0059,-1
296,2019-11-13,63.12,65.0,65.97,62.95,32430.0,-0.024700000000000003,-1
297,2019-11-12,64.72,63.75,65.67,63.75,29800.0,0.022400000000000003,1
298,2019-11-11,63.3,64.0,64.7,62.92,32650.0,-0.0128,-1
299,2019-11-08,64.12,64.2,64.9,63.75,30710.0,-0.0028000000000000004,-1
300,2019-11-07,64.3,65.6,65.9,64.08,37630.0,-0.0074,-1
301,2019-11-06,64.78,67.38,67.65,64.45,30410.0,-0.037200000000000004,-1
302,2019-11-05,67.28,64.65,67.53,64.6,28710.0,0.0426,1
303,2019-11-04,64.53,63.77,65.3,63.38,20060.0,0.0012,1
304,2019-11-01,64.45,65.67,65.7,63.67,24650.0,-0.0235,-1
305,2019-10-31,66.0,64.78,66.12,63.88,22070.0,0.0033,1
306,2019-10-30,65.78,63.7,66.47,63.5,23440.0,0.0225,1
307,2019-10-29,64.33,65.25,65.25,63.45,19240.0,-0.020099999999999996,-1
308,2019-10-28,65.65,64.67,66.0,64.12,16090.0,0.011200000000000002,1
309,2019-10-25,64.92,64.47,66.17,63.73,23700.0,0.005699999999999999,1
310,2019-10-24,64.55,65.25,66.2,63.85,21470.0,-0.0194,-1
311,2019-10-23,65.83,64.75,66.97,64.15,26240.0,0.005,1
312,2019-10-22,65.5,68.4,69.25,65.2,26470.0,-0.0344,-1
313,2019-10-21,67.83,67.5,69.1,67.2,14520.0,-0.0018,-1
314,2019-10-18,67.95,70.0,70.0,66.12,28890.0,-0.0029,-1
315,2019-10-17,68.15,70.08,70.4,67.72,23420.0,-0.035,-1
316,2019-10-16,70.62,71.53,72.08,69.65,24360.0,-0.0208,-1
317,2019-10-15,72.12,69.12,72.12,69.12,26150.0,0.0434,1
318,2019-10-14,69.12,70.55,70.92,68.38,17270.0,0.09849999999999999,1
319,2019-10-11,62.92,62.8,63.05,62.5,3830.0,0.0083,1
320,2019-10-10,62.4,62.75,62.95,62.33,2890.0,-0.0064,-1
321,2019-10-09,62.8,62.5,62.95,62.02,4080.0,0.0178,1
322,2019-10-08,61.7,60.6,62.12,60.58,4540.0,0.019799999999999998,1
323,2019-10-07,60.5,61.92,61.95,60.45,6770.0,-0.0304,-1
324,2019-10-04,62.4,62.27,62.6,61.77,4019.9999999999995,-0.0003,-1
325,2019-10-03,62.42,62.25,63.0,62.08,5500.0,0.0034999999999999996,1
326,2019-10-02,62.2,62.98,63.3,61.85,6360.0,-0.005600000000000001,-1
327,2019-10-01,62.55,64.7,65.0,62.48,7890.0,-0.0443,-1
328,2019-09-30,65.45,64.5,65.83,63.58,7630.0,0.0026,1
329,2019-09-27,65.28,64.33,65.45,63.92,7870.0,0.0165,1
330,2019-09-26,64.22,64.5,65.08,63.83,6090.0,-0.005600000000000001,-1
331,2019-09-25,64.58,62.92,65.0,62.45,15220.0,0.0416,1
332,2019-09-24,62.0,61.5,62.23,61.12,7730.0,0.0172,1
333,2019-09-23,60.95,60.92,62.25,60.5,8020.0,0.009899999999999999,1
334,2019-09-20,60.35,61.35,62.48,60.1,9710.0,-0.0171,-1
335,2019-09-19,61.4,61.7,63.0,61.23,13240.0,-0.0242,-1
336,2019-09-18,62.92,62.1,63.62,62.0,11390.0,0.0132,1
337,2019-09-17,62.1,64.1,64.65,61.5,21290.0,-0.0239,-1
338,2019-09-16,63.62,66.03,66.03,63.17,39410.0,-0.0429,-1
339,2019-09-13,66.47,64.72,66.85,63.88,38820.0,0.052199999999999996,1
340,2019-09-12,63.17,63.17,63.17,62.2,17290.0,0.0499,1
341,2019-09-11,60.17,61.3,61.92,59.77,40770.0,-0.0408,-1
342,2019-09-10,62.73,61.6,64.4,59.9,46120.0,0.0021,1
343,2019-09-09,62.6,63.0,65.12,62.27,35790.0,-0.014199999999999999,-1
344,2019-09-06,63.5,65.5,65.75,63.3,32350.0,-0.042199999999999994,-1
345,2019-09-05,66.3,66.88,68.0,65.92,24600.0,-0.012199999999999999,-1
346,2019-09-04,67.12,67.12,67.4,65.78,29070.0,0.0089,1
347,2019-09-03,66.53,64.0,66.53,64.0,26800.0,0.047400000000000005,1
348,2019-08-30,63.52,64.55,64.75,63.33,19240.0,-0.0213,-1
349,2019-08-29,64.9,63.7,65.15,63.48,21920.0,0.022000000000000002,1
350,2019-08-28,63.5,61.3,63.6,60.88,20900.0,0.0043,1
351,2019-08-27,63.23,64.25,64.4,62.4,20410.0,-0.0089,-1
352,2019-08-26,63.8,60.88,63.8,60.88,25770.0,0.0759,1
353,2019-08-23,59.3,61.58,61.6,59.3,23200.0,-0.0482,-1
354,2019-08-22,62.3,63.0,63.33,62.08,13730.0,-0.0158,-1
355,2019-08-21,63.3,64.92,65.7,63.08,15690.0,-0.025699999999999997,-1
356,2019-08-20,64.97,64.2,65.83,63.38,19100.0,0.0147,1
357,2019-08-19,64.03,62.33,64.47,62.15,18370.0,0.0327,1
358,2019-08-16,62.0,65.3,66.53,62.0,18120.0,-0.0462,-1
359,2019-08-15,65.0,67.5,68.55,64.53,19970.0,-0.026699999999999998,-1
360,2019-08-14,66.78,64.85,67.28,64.6,18700.0,-0.1547,-1
361,2019-08-13,79.0,79.1,79.33,78.7,2050.0,-0.0021,-1
362,2019-08-12,79.17,79.2,79.45,79.0,3140.0,0.0018,1
363,2019-08-09,79.03,77.88,79.3,77.7,3550.0,0.0217,1
364,2019-08-08,77.35,77.3,77.97,77.15,4500.0,-0.0048,-1
365,2019-08-07,77.72,77.55,77.95,77.12,4870.0,0.0078000000000000005,1
366,2019-08-06,77.12,78.3,78.95,77.03,5970.0,-0.009399999999999999,-1
367,2019-08-05,77.85,75.0,78.3,74.3,8870.0,0.0206,1
368,2019-08-02,76.28,77.47,78.22,76.17,6990.0,-0.0068000000000000005,-1
369,2019-08-01,76.8,79.33,80.3,76.5,11320.0,-0.0319,-1
370,2019-07-31,79.33,82.83,82.95,79.3,12010.0,-0.0361,-1
371,2019-07-30,82.3,84.8,84.8,82.1,11250.0,-0.025099999999999997,-1
372,2019-07-29,84.42,85.72,86.05,84.35,10710.0,-0.0231,-1
373,2019-07-26,86.42,86.33,86.9,85.92,6010.0,0.0055000000000000005,1
374,2019-07-25,85.95,87.22,87.5,85.55,12050.0,-0.0069,-1
375,2019-07-24,86.55,86.22,86.85,85.7,8620.0,0.0044,1
376,2019-07-23,86.17,84.2,86.22,84.08,14540.0,0.0354,1
377,2019-07-22,83.22,84.3,84.4,82.3,10860.0,-0.0079,-1
378,2019-07-19,83.88,82.75,84.55,82.0,17700.0,0.013300000000000001,1
379,2019-07-18,82.78,82.53,82.95,80.6,28090.0,0.0095,1
380,2019-07-17,82.0,79.95,82.05,79.62,23460.0,0.0373,1
381,2019-07-16,79.05,80.6,80.92,78.75,29010.0,-0.0131,-1
382,2019-07-15,80.1,80.6,81.75,79.62,24780.0,0.1274,1
383,2019-07-12,71.05,71.6,71.92,71.0,3230.0,-0.0077,-1
384,2019-07-11,71.6,71.47,71.75,71.15,3080.0,-0.0021,-1
385,2019-07-10,71.75,71.5,72.03,71.17,4280.0,0.0052,1
386,2019-07-09,71.38,70.22,72.85,69.88,5620.0,0.018600000000000002,1
387,2019-07-08,70.08,72.12,72.25,69.92,6560.0,-0.028300000000000002,-1
388,2019-07-05,72.12,73.4,73.42,71.78,5120.0,-0.0194,-1
389,2019-07-03,73.55,73.5,74.25,73.2,4540.0,-0.0023,-1
390,2019-07-02,73.72,72.78,74.35,72.7,6330.0,0.015700000000000002,1
391,2019-07-01,72.58,72.83,72.95,72.0,5190.0,0.0067,1
392,2019-06-28,72.1,73.17,73.5,72.0,6600.0,-0.023399999999999997,-1
393,2019-06-27,73.83,73.45,74.3,73.08,5730.0,0.0038,1
394,2019-06-26,73.55,73.25,74.3,72.5,6310.0,-0.011399999999999999,-1
395,2019-06-25,74.4,73.5,74.9,73.1,7390.0,0.0213,1
396,2019-06-24,72.85,75.65,76.25,72.6,10840.0,-0.0446,-1
397,2019-06-21,76.25,79.0,79.15,76.25,12220.0,-0.0379,-1
398,2019-06-20,79.25,81.1,81.5,79.12,10950.0,-0.028999999999999998,-1
399,2019-06-19,81.62,81.05,82.08,80.92,13050.0,0.0018,1
400,2019-06-18,81.47,83.05,83.3,81.33,15440.0,-0.019,-1
401,2019-06-17,83.05,81.05,83.28,80.53,14610.0,0.0209,1
402,2019-06-14,81.35,83.6,84.47,80.6,20520.0,0.0269,1
403,2019-06-13,79.22,79.15,79.35,79.03,1740.0,0.0024,1
404,2019-06-12,79.03,79.1,79.25,78.85,2780.0,-0.0006,-1
405,2019-06-11,79.08,78.9,79.28,78.85,3750.0,-0.0025,-1
406,2019-06-10,79.28,78.67,79.5,78.65,3650.0,0.008,1
407,2019-06-07,78.65,79.2,80.4,78.28,4880.0,-0.0092,-1
408,2019-06-06,79.38,79.92,81.05,79.15,5520.0,-0.0059,-1
409,2019-06-05,79.85,80.62,81.05,79.53,6660.0,-0.015700000000000002,-1
410,2019-06-04,81.12,81.78,82.03,80.85,4620.0,-0.005600000000000001,-1
411,2019-06-03,81.58,81.97,82.62,81.3,6560.0,-0.0017000000000000001,-1
412,2019-05-31,81.72,83.62,84.47,81.4,7720.0,-0.0233,-1
413,2019-05-30,83.67,84.38,85.38,82.95,10340.0,-0.018000000000000002,-1
414,2019-05-29,85.2,83.65,85.38,82.95,8990.0,0.0146,1
415,2019-05-28,83.97,85.8,86.38,82.7,11240.0,-0.028300000000000002,-1
416,2019-05-24,86.42,88.53,89.28,86.42,9730.0,-0.0335,-1
417,2019-05-23,89.42,89.6,89.78,88.08,7740.0,-0.0026,-1
418,2019-05-22,89.65,89.7,90.67,89.25,6160.0,-0.005,-1
419,2019-05-21,90.1,91.55,91.67,89.92,8550.0,-0.018000000000000002,-1
420,2019-05-20,91.75,92.1,93.03,90.83,14510.0,-0.0068000000000000005,-1
421,2019-05-17,92.38,91.75,92.83,89.65,19940.0,0.0017000000000000001,1
422,2019-05-16,92.22,90.7,92.83,89.45,14270.0,0.0042,1
423,2019-05-15,91.83,89.53,92.0,89.45,20760.0,0.0304,1
424,2019-05-14,89.12,87.95,90.17,87.22,25930.0,0.0667,1
425,2019-05-13,83.55,83.53,83.78,83.45,350.0,-0.0024,-1
426,2019-05-10,83.75,83.85,83.85,83.62,230.0,0.0,0
427,2019-05-09,83.75,83.12,83.78,82.85,340.0,0.002,1
428,2019-05-08,83.58,82.92,83.72,82.7,210.0,0.0064,1
429,2019-05-07,83.05,82.25,83.5,81.7,560.0,0.008100000000000001,1
430,2019-05-06,82.38,84.42,84.42,82.35,890.0,-0.0348,-1
431,2019-05-03,85.35,85.53,86.0,85.3,280.0,-0.0087,-1
432,2019-05-02,86.1,87.0,87.2,85.75,550.0,-0.0115,-1
433,2019-05-01,87.1,84.47,87.3,84.25,760.0,0.0332,1
434,2019-04-30,84.3,84.7,85.12,83.92,530.0,-0.005699999999999999,-1
435,2019-04-29,84.78,86.5,86.8,84.5,820.0,-0.0255,-1
436,2019-04-26,87.0,87.7,88.85,86.83,360.0,-0.0097,-1
437,2019-04-25,87.85,88.25,88.58,87.4,630.0,-0.0148,-1
438,2019-04-24,89.17,87.9,89.2,87.38,550.0,0.015300000000000001,1
439,2019-04-23,87.83,89.0,89.8,87.67,590.0,-0.013500000000000002,-1
440,2019-04-22,89.03,90.9,91.0,88.72,640.0,-0.07980000000000001,-1
441,2019-04-19,96.75,96.75,96.75,96.75,,0.0726,1
442,2019-04-18,90.2,88.75,90.35,87.7,550.0,0.0144,1
443,2019-04-17,88.92,89.4,89.7,87.6,670.0,-0.0006,-1
444,2019-04-16,88.97,90.5,91.22,88.45,680.0,-0.0123,-1
445,2019-04-15,90.08,90.12,90.6,88.75,400.0,0.0054,1
446,2019-04-12,89.6,87.2,89.8,85.83,670.0,0.131,1
447,2019-04-11,79.22,79.33,79.35,79.12,2140.0,0.0040999999999999995,1
448,2019-04-10,78.9,78.75,79.12,78.67,2930.0,0.004699999999999999,1
449,2019-04-09,78.53,78.53,78.85,78.5,2680.0,-0.0009,-1
450,2019-04-08,78.6,79.03,79.03,78.42,3340.0,-0.0054,-1
451,2019-04-05,79.03,79.9,80.17,78.78,6540.0,-0.0069,-1
452,2019-04-04,79.58,78.45,79.85,77.83,4490.0,0.0063,1
453,2019-04-03,79.08,79.22,79.72,78.78,5730.0,0.0016,1
454,2019-04-02,78.95,78.2,79.72,78.1,5020.0,0.02,1
455,2019-04-01,77.4,76.42,78.08,76.3,6400.0,0.0003,1
456,2019-03-29,77.38,78.72,80.58,76.78,8930.0,-0.019,-1
457,2019-03-28,78.88,81.08,81.15,78.67,9270.0,-0.0301,-1
458,2019-03-27,81.33,79.8,81.75,78.78,9630.0,0.0202,1
459,2019-03-26,79.72,79.25,79.95,78.75,8790.0,0.013600000000000001,1
460,2019-03-25,78.65,79.85,80.0,78.0,6370.0,0.0040999999999999995,1
461,2019-03-22,78.33,79.1,80.3,75.88,15800.0,0.0,0
462,2019-03-21,78.33,74.0,78.33,74.0,16900.0,0.061,1
463,2019-03-20,73.83,71.25,73.83,70.55,10790.0,0.0424,1
464,2019-03-19,70.83,71.25,71.83,69.9,12960.0,-0.0028000000000000004,-1
465,2019-03-18,71.03,69.62,71.17,67.53,20680.0,0.032400000000000005,1
466,2019-03-15,68.8,65.8,68.8,65.42,21350.0,0.045599999999999995,1
467,2019-03-14,65.8,63.5,65.88,63.38,20620.0,0.0365,1
468,2019-03-13,63.48,64.1,66.08,63.15,41440.0,-0.0027,-1
469,2019-03-12,63.65,63.0,63.85,62.02,33300.0,0.0127,1
470,2019-03-11,62.85,60.75,63.5,60.15,49440.0,0.038,1
471,2019-03-08,60.55,57.98,60.73,57.85,39660.0,0.048799999999999996,1
472,2019-03-07,57.73,57.92,58.15,57.15,32049.999999999996,0.011399999999999999,1
473,2019-03-06,57.08,57.67,57.73,56.6,17420.0,-0.014199999999999999,-1
474,2019-03-05,57.9,57.73,58.6,57.4,17110.0,0.009899999999999999,1
475,2019-03-04,57.33,57.38,57.8,56.83,21650.0,0.0165,1
476,2019-03-01,56.4,55.7,57.58,55.67,23370.0,0.009300000000000001,1
477,2019-02-28,55.88,55.45,56.62,55.2,15310.0,0.005,1
478,2019-02-27,55.6,54.65,56.88,54.23,20500.0,-0.0023,-1
479,2019-02-26,55.73,54.92,56.48,54.3,24650.0,0.034,1
480,2019-02-25,53.9,54.85,54.9,52.75,26860.0,-0.027999999999999997,-1
481,2019-02-22,55.45,55.6,56.6,55.23,20390.0,-0.0089,-1
482,2019-02-21,55.95,54.4,55.98,53.73,26130.0,0.056100000000000004,1
483,2019-02-20,52.98,56.27,56.4,52.25,35560.0,-0.0626,-1
484,2019-02-19,56.52,58.88,58.92,56.52,16370.000000000002,-0.0504,-1
485,2019-02-15,59.52,58.7,60.27,58.12,14480.0,0.013999999999999999,1
486,2019-02-14,58.7,59.25,59.73,58.5,20330.0,0.0644,1
487,2019-02-13,55.15,55.08,55.2,55.0,1280.0,-0.0004,-1
488,2019-02-12,55.17,55.27,55.38,55.1,2890.0,0.0,0
489,2019-02-11,55.17,55.0,55.38,54.9,2090.0,0.0022,1
490,2019-02-08,55.05,55.3,55.55,55.0,3410.0,-0.004,-1
491,2019-02-07,55.27,56.02,56.02,55.2,4370.0,-0.0116,-1
492,2019-02-06,55.92,56.3,56.48,55.88,4980.0,-0.0089,-1
493,2019-02-05,56.42,57.45,57.45,56.38,4420.0,-0.0167,-1
494,2019-02-04,57.38,56.4,57.7,56.15,5320.0,0.0183,1
495,2019-02-01,56.35,56.4,56.67,56.05,3360.0,0.0018,1
496,2019-01-31,56.25,57.33,57.75,56.15,6480.0,-0.0209,-1
497,2019-01-30,57.45,57.45,57.8,57.33,4960.0,0.0021,1
498,2019-01-29,57.33,57.65,57.77,57.1,8029.999999999999,-0.011200000000000002,-1
499,2019-01-28,57.98,58.52,58.52,57.8,5280.0,-0.0069,-1
500,2019-01-25,58.38,59.38,59.4,58.05,8510.0,-0.0242,-1
501,2019-01-24,59.83,60.75,60.85,59.8,6640.0,-0.0155,-1
502,2019-01-23,60.77,61.15,61.45,60.3,10850.0,-0.0115,-1
503,2019-01-22,61.48,61.73,62.02,60.85,7870.0,0.0040999999999999995,1
504,2019-01-18,61.23,61.17,62.17,61.1,15080.0,0.0062,1
505,2019-01-17,60.85,60.08,61.2,59.12,16570.0,0.013300000000000001,1
506,2019-01-16,60.05,61.45,61.67,59.5,22140.0,-0.0338,-1
507,2019-01-15,62.15,62.25,63.6,61.48,22050.0,0.0049,1
508,2019-01-14,61.85,62.65,62.73,61.4,24990.0,-0.0128,-1
509,2019-01-11,62.65,63.38,63.7,62.42,30030.0,-0.0223,-1
510,2019-01-10,64.08,63.58,64.22,63.1,36160.0,0.0049,1
511,2019-01-09,63.77,62.4,64.1,62.38,31400.0,0.0187,1
512,2019-01-08,62.6,62.6,63.15,62.08,32490.000000000004,0.0113,1
513,2019-01-07,61.9,61.95,62.15,61.25,14090.0,-0.0008,-1
514,2019-01-04,61.95,62.77,62.95,61.4,16600.0,-0.0032,-1
515,2019-01-03,62.15,62.1,62.73,61.95,15370.0,0.0073,1
516,2019-01-02,61.7,61.38,63.42,61.25,25540.0,0.0118,1
517,2018-12-31,60.98,60.85,61.48,60.8,15860.0,0.0054,1
518,2018-12-28,60.65,60.95,61.2,60.55,12680.0,0.0012,1
519,2018-12-27,60.58,61.17,61.2,60.2,14740.0,0.0033,1
520,2018-12-26,60.38,60.9,61.33,60.25,12980.0,0.0013,1
521,2018-12-24,60.3,61.9,61.9,60.23,14990.0,-0.0134,-1
522,2018-12-21,61.12,63.25,63.25,61.02,19270.0,-0.0202,-1
523,2018-12-20,62.38,62.5,63.42,61.8,15890.0,-0.0051,-1
524,2018-12-19,62.7,62.73,63.52,62.2,12800.0,0.0008,1
525,2018-12-18,62.65,63.65,63.7,62.12,18190.0,-0.018500000000000003,-1
526,2018-12-17,63.83,64.33,64.4,63.02,17370.0,-0.0104,-1
527,2018-12-14,64.5,65.28,66.8,64.45,18310.0,0.177,1
528,2018-12-13,54.8,54.83,54.88,54.5,1940.0,0.0013,1
529,2018-12-12,54.73,54.7,54.8,54.38,2020.0,0.0051,1
530,2018-12-11,54.45,55.0,55.0,54.27,3280.0,-0.0051,-1
531,2018-12-10,54.73,54.35,55.1,54.35,4760.0,0.0088,1
532,2018-12-07,54.25,54.92,55.2,54.12,8650.0,-0.005,-1
533,2018-12-06,54.52,55.62,55.62,54.5,8770.0,-0.023799999999999998,-1
534,2018-12-05,55.85,56.6,56.6,55.8,8370.0,-0.0181,-1
535,2018-12-04,56.88,57.85,57.9,56.7,7120.0,-0.0196,-1
536,2018-12-03,58.02,58.65,58.88,57.12,7130.0,0.0024,1
537,2018-11-30,57.88,58.7,58.8,57.77,9650.0,-0.014499999999999999,-1
538,2018-11-29,58.73,58.25,59.25,58.15,9800.0,0.013500000000000002,1
539,2018-11-28,57.95,57.8,58.4,57.3,6020.0,0.0012,1
540,2018-11-27,57.88,57.73,58.35,56.7,8270.0,0.0084,1
541,2018-11-26,57.4,59.48,59.48,57.15,7450.0,-0.028399999999999998,-1
542,2018-11-23,59.08,58.8,59.75,58.4,5770.0,0.0139,1
543,2018-11-21,58.27,58.52,58.9,58.1,8320.0,-0.012,-1
544,2018-11-20,58.98,60.83,61.02,58.8,18350.0,-0.0334,-1
545,2018-11-19,61.02,60.25,61.42,59.62,23070.0,0.015600000000000001,1
546,2018-11-16,60.08,57.48,60.08,57.42,24320.0,0.0526,1
547,2018-11-15,57.08,57.17,57.88,56.77,16450.0,0.0014000000000000002,1
548,2018-11-14,57.0,56.75,58.2,56.75,21010.0,-0.0052,-1
549,2018-11-13,57.3,56.35,57.4,55.6,26810.0,0.013300000000000001,1
550,2018-11-12,56.55,55.7,57.9,55.23,32460.0,0.0134,1
551,2018-11-09,55.8,54.8,56.1,54.23,36560.0,0.0032,1
552,2018-11-08,55.62,55.15,55.75,54.38,35640.0,0.0018,1
553,2018-11-07,55.52,54.4,55.75,54.0,36720.0,0.0262,1
554,2018-11-06,54.1,56.52,56.83,54.1,27670.0,-0.0525,-1
555,2018-11-05,57.1,57.95,59.12,56.7,22750.0,-0.0175,-1
556,2018-11-02,58.12,57.77,58.6,57.25,19160.0,-0.0014000000000000002,-1
557,2018-11-01,58.2,57.83,59.08,56.75,25970.0,-0.0043,-1
558,2018-10-31,58.45,59.7,60.2,58.2,25700.0,-0.009300000000000001,-1
559,2018-10-30,59.0,59.52,59.88,58.7,25110.0,0.0025,1
560,2018-10-29,58.85,58.5,59.45,58.2,24460.0,0.0161,1
561,2018-10-26,57.92,56.92,58.08,56.77,18600.0,0.0203,1
562,2018-10-25,56.77,57.92,58.45,56.35,29840.0,-0.013000000000000001,-1
563,2018-10-24,57.52,55.1,57.52,55.1,22600.0,0.055,1
564,2018-10-23,54.52,53.75,55.4,53.38,20800.0,0.0254,1
565,2018-10-22,53.17,52.2,53.92,51.27,20480.0,0.0304,1
566,2018-10-19,51.6,52.9,53.95,51.5,22940.0,-0.0134,-1
567,2018-10-18,52.3,54.38,54.38,52.0,25760.0,-0.043899999999999995,-1
568,2018-10-17,54.7,56.15,56.75,54.55,26090.0,-0.0383,-1
569,2018-10-16,56.88,56.8,58.33,56.65,26000.0,0.0023,1
570,2018-10-15,56.75,55.25,57.6,55.25,22330.0,0.0318,1
571,2018-10-12,55.0,54.6,56.67,54.27,23070.0,-0.1991,-1
572,2018-10-11,68.67,68.8,68.8,68.3,1210.0,0.0029,1
573,2018-10-10,68.47,68.92,69.25,68.4,3080.0,-0.0040999999999999995,-1
574,2018-10-09,68.75,68.4,69.03,68.2,2610.0,0.0044,1
575,2018-10-08,68.45,68.9,69.12,68.38,3740.0,0.0037,1
576,2018-10-05,68.2,67.8,68.83,67.7,5760.0,0.0104,1
577,2018-10-04,67.5,66.8,67.95,66.75,6030.0,0.0004,1
578,2018-10-03,67.47,67.0,67.55,65.72,9300.0,0.0158,1
579,2018-10-02,66.42,64.5,66.75,64.25,8670.0,0.0258,1
580,2018-10-01,64.75,62.8,64.85,62.8,7130.0,0.0415,1
581,2018-09-28,62.17,61.88,62.92,61.55,8160.0,0.014199999999999999,1
582,2018-09-27,61.3,62.2,62.2,60.3,10780.0,-0.014499999999999999,-1
583,2018-09-26,62.2,62.8,63.02,61.9,10210.0,-0.0034999999999999996,-1
584,2018-09-25,62.42,61.65,62.73,61.4,10930.0,0.0233,1
585,2018-09-24,61.0,60.77,61.25,60.0,7700.0,0.0116,1
586,2018-09-21,60.3,61.5,61.73,59.9,9840.0,-0.0155,-1
587,2018-09-20,61.25,60.7,61.62,60.6,13500.0,0.0208,1
588,2018-09-19,60.0,59.77,60.4,59.12,14540.0,0.013999999999999999,1
589,2018-09-18,59.17,57.4,59.45,57.4,18510.0,0.0482,1
590,2018-09-17,56.45,56.33,56.77,54.2,27910.0,0.0039000000000000003,1
591,2018-09-14,56.23,56.33,56.88,55.48,28560.0,0.0101,1
592,2018-09-13,55.67,55.85,56.48,54.08,31390.0,-0.0023,-1
593,2018-09-12,55.8,54.65,56.48,54.08,37660.0,0.0242,1
594,2018-09-11,54.48,56.58,56.58,54.02,33250.0,-0.0263,-1
595,2018-09-10,55.95,56.4,57.25,55.85,36850.0,0.0054,1
596,2018-09-07,55.65,55.12,55.8,53.83,29460.0,0.012199999999999999,1
597,2018-09-06,54.98,53.27,54.98,52.83,25010.0,0.057699999999999994,1
598,2018-09-05,51.98,51.55,52.58,50.27,25740.0,0.0176,1
599,2018-09-04,51.08,51.65,51.95,50.15,33020.0,-0.1643,-1
600,2018-08-31,61.12,83.08,84.08,60.88,185610.0,0.2443,1
601,2018-08-30,49.12,51.35,52.12,48.92,26000.0,-0.0471,-1
602,2018-08-29,51.55,51.75,53.3,51.25,24970.0,-0.0087,-1
603,2018-08-28,52.0,55.6,55.65,51.65,28910.0,-0.0506,-1
604,2018-08-27,54.77,51.77,54.77,51.67,24170.0,0.0579,1
605,2018-08-24,51.77,50.65,52.25,50.17,21270.0,0.011699999999999999,1
606,2018-08-23,51.17,53.1,53.48,51.0,21340.0,-0.0453,-1
607,2018-08-22,53.6,55.1,55.3,53.4,22990.0,-0.046799999999999994,-1
608,2018-08-21,56.23,56.55,57.33,55.67,20150.0,-0.0044,-1
609,2018-08-20,56.48,59.15,59.5,55.98,31110.0,-0.0362,-1
610,2018-08-17,58.6,56.38,58.85,55.7,35000.0,0.0562,1
611,2018-08-16,55.48,53.55,55.48,53.55,22170.0,0.0572,1
612,2018-08-15,52.48,51.83,52.75,51.25,14650.0,0.012199999999999999,1
613,2018-08-14,51.85,51.65,52.92,51.5,17620.0,-0.0661,-1
614,2018-08-13,55.52,55.12,55.85,55.12,2850.0,0.0131,1
615,2018-08-10,54.8,55.15,55.62,54.7,1950.0,-0.0033,-1
616,2018-08-09,54.98,54.45,55.8,54.27,4560.0,0.0033,1
617,2018-08-08,54.8,55.35,55.42,54.4,4710.0,-0.0179,-1
618,2018-08-07,55.8,56.77,56.95,55.75,4750.0,-0.0141,-1
619,2018-08-06,56.6,58.45,58.7,56.4,5510.0,-0.0325,-1
620,2018-08-03,58.5,58.88,59.05,58.02,5960.0,-0.008100000000000001,-1
621,2018-08-02,58.98,59.88,59.9,58.67,5960.0,-0.021099999999999997,-1
622,2018-08-01,60.25,61.0,61.0,59.67,7700.0,-0.014199999999999999,-1
623,2018-07-31,61.12,62.7,62.7,60.88,10110.0,-0.0344,-1
624,2018-07-30,63.3,63.98,64.03,63.2,5690.0,-0.0055000000000000005,-1
625,2018-07-27,63.65,64.22,64.45,63.52,6650.0,-0.019299999999999998,-1
626,2018-07-26,64.9,65.95,66.88,64.6,11160.0,-0.0226,-1
627,2018-07-25,66.4,66.1,66.75,65.58,5720.0,0.013000000000000001,1
628,2018-07-24,65.55,66.53,66.83,65.3,12180.0,-0.0131,-1
629,2018-07-23,66.42,66.5,67.12,66.33,11370.0,-0.0005,-1
630,2018-07-20,66.45,66.6,67.05,65.65,12040.0,-0.011899999999999999,-1
631,2018-07-19,67.25,67.53,68.47,66.85,17310.0,0.0007000000000000001,1
632,2018-07-18,67.2,68.15,68.22,67.1,19240.0,-0.0103,-1
633,2018-07-17,67.9,69.72,69.97,67.72,20050.0,-0.018799999999999997,-1
634,2018-07-16,69.2,70.1,70.78,69.08,16030.000000000002,-0.13449999999999998,-1
635,2018-07-13,79.95,79.92,80.03,79.85,1660.0,0.0,0
636,2018-07-12,79.95,80.25,80.25,79.88,2580.0,0.0021,1
637,2018-07-11,79.78,79.8,79.95,79.35,3450.0,0.0034999999999999996,1
638,2018-07-10,79.5,80.72,80.72,79.45,4210.0,-0.009000000000000001,-1
639,2018-07-09,80.22,81.88,81.88,80.1,4190.0,-0.0143,-1
640,2018-07-06,81.38,82.75,82.85,81.25,5750.0,-0.023,-1
641,2018-07-05,83.3,83.9,83.92,83.0,3630.0,-0.005,-1
642,2018-07-03,83.72,83.5,84.08,83.3,4550.0,0.0063,1
643,2018-07-02,83.2,83.08,83.42,81.85,8060.000000000001,0.0039000000000000003,1
644,2018-06-29,82.88,80.42,83.3,80.4,8770.0,0.0217,1
645,2018-06-28,81.12,80.4,81.28,80.05,6720.0,0.011200000000000002,1
646,2018-06-27,80.22,79.55,80.47,79.12,6810.0,0.0139,1
647,2018-06-26,79.12,78.42,80.0,78.4,9210.0,0.013300000000000001,1
648,2018-06-25,78.08,79.2,79.3,77.97,7130.0,-0.0219,-1
649,2018-06-22,79.83,80.25,80.35,79.15,7210.0,-0.008,-1
650,2018-06-21,80.47,79.97,80.65,79.58,10230.0,0.0055000000000000005,1
651,2018-06-20,80.03,81.95,82.38,79.55,12050.0,-0.0226,-1
652,2018-06-19,81.88,82.6,82.92,81.5,18420.0,-0.022000000000000002,-1
653,2018-06-18,83.72,82.05,83.83,81.95,16640.0,0.0245,1
654,2018-06-15,81.72,81.47,83.0,80.88,21350.0,0.0012,1
655,2018-06-14,81.62,82.8,83.17,81.25,18640.0,0.0077,1
656,2018-06-13,81.0,80.7,81.1,80.6,2690.0,0.0058,1
657,2018-06-12,80.53,80.5,80.65,80.08,2430.0,0.004699999999999999,1
658,2018-06-11,80.15,80.3,80.62,79.62,3550.0,0.0034000000000000002,1
659,2018-06-08,79.88,79.0,80.12,79.0,5660.0,0.0189,1
660,2018-06-07,78.4,78.75,78.9,78.12,4310.0,0.0029,1
661,2018-06-06,78.17,77.17,78.5,77.05,7370.0,0.021400000000000002,1
662,2018-06-05,76.53,76.72,77.2,76.05,8420.0,-0.013500000000000002,-1
663,2018-06-04,77.58,77.55,77.7,76.42,6300.0,-0.0003,-1
664,2018-06-01,77.6,77.3,77.9,76.33,8630.0,0.0128,1
665,2018-05-31,76.62,77.0,77.7,75.3,10250.0,-0.0092,-1
666,2018-05-30,77.33,75.97,77.38,75.88,9560.0,0.0219,1
667,2018-05-29,75.67,74.6,76.0,74.6,8060.000000000001,0.019799999999999998,1
668,2018-05-25,74.2,74.67,74.85,74.08,6170.0,-0.0084,-1
669,2018-05-24,74.83,74.28,75.0,73.78,6920.0,0.0031,1
670,2018-05-23,74.6,73.25,75.22,73.25,17300.0,0.0202,1
671,2018-05-22,73.12,73.38,73.58,72.55,12070.0,-0.011899999999999999,-1
672,2018-05-21,74.0,75.2,75.35,72.97,15510.0,-0.009399999999999999,-1
673,2018-05-18,74.7,76.47,76.55,74.33,18700.0,-0.0231,-1
674,2018-05-17,76.47,75.62,76.72,75.4,24860.0,0.0075,1
675,2018-05-16,75.9,75.08,76.03,74.75,19180.0,0.0158,1
676,2018-05-15,74.72,76.22,76.3,74.08,22610.0,-0.018799999999999997,-1
677,2018-05-14,76.15,75.53,76.5,75.35,17100.0,0.16620000000000001,1
678,2018-05-11,65.3,65.67,65.75,65.08,690.0,-0.0026,-1
679,2018-05-10,65.47,66.0,66.05,65.45,420.0,-0.0068000000000000005,-1
680,2018-05-09,65.92,66.5,66.5,65.75,500.0,-0.0042,-1
681,2018-05-08,66.2,66.38,66.78,65.95,390.0,0.0018,1
682,2018-05-07,66.08,66.78,66.9,66.03,640.0,-0.0149,-1
683,2018-05-04,67.08,66.55,67.2,66.15,730.0,0.0,0
684,2018-05-03,67.08,67.0,68.12,67.0,520.0,0.0027,1
685,2018-05-02,66.9,67.78,68.0,66.8,370.0,-0.008199999999999999,-1
686,2018-05-01,67.45,66.47,67.78,66.3,360.0,0.0173,1
687,2018-04-30,66.3,65.95,66.8,65.58,250.0,0.003,1
688,2018-04-27,66.1,67.3,67.67,66.0,430.0,-0.0183,-1
689,2018-04-26,67.33,68.0,68.25,67.08,280.0,-0.0178,-1
690,2018-04-25,68.55,67.05,68.7,66.7,400.0,0.0163,1
691,2018-04-24,67.45,67.7,68.2,66.83,610.0,-0.008100000000000001,-1
692,2018-04-23,68.0,69.42,69.42,67.75,470.0,-0.0279,-1
693,2018-04-20,69.95,70.15,70.75,69.9,340.0,-0.0029,-1
694,2018-04-19,70.15,69.97,70.35,69.38,320.0,0.0043,1
695,2018-04-18,69.85,68.0,69.97,67.85,700.0,0.0287,1
696,2018-04-17,67.9,68.4,68.7,67.6,270.0,-0.004,-1
697,2018-04-16,68.17,69.2,69.5,68.0,430.0,-0.022000000000000002,-1
698,2018-04-13,69.7,69.55,70.12,67.5,400.0,0.2836,1
699,2018-04-12,54.3,53.75,54.38,53.6,3550.0,0.018799999999999997,1
700,2018-04-11,53.3,53.8,53.9,53.27,3710.0,-0.0037,-1
701,2018-04-10,53.5,53.25,54.1,53.25,4880.0,0.0113,1
702,2018-04-09,52.9,52.25,53.23,52.0,4890.0,0.015,1
703,2018-04-06,52.12,52.65,52.7,52.05,4780.0,-0.0063,-1
704,2018-04-05,52.45,53.17,53.33,52.33,6310.0,-0.011899999999999999,-1
705,2018-04-04,53.08,51.75,53.62,50.48,9420.0,0.0273,1
706,2018-04-03,51.67,54.35,54.4,51.35,10890.0,-0.0479,-1
707,2018-04-02,54.27,56.5,56.7,54.25,5750.0,-0.0521,-1
708,2018-03-29,57.25,57.05,57.5,56.9,7260.0,0.0058,1
709,2018-03-28,56.92,56.85,57.4,56.75,10020.0,-0.0144,-1
710,2018-03-27,57.75,58.0,58.23,57.52,6610.0,-0.004699999999999999,-1
711,2018-03-26,58.02,58.83,59.1,57.95,7210.0,-0.0068000000000000005,-1
712,2018-03-23,58.42,60.33,60.75,58.4,12980.0,-0.047400000000000005,-1
713,2018-03-22,61.33,62.62,62.73,60.85,11430.0,-0.02,-1
714,2018-03-21,62.58,63.6,63.6,62.52,12930.0,-0.0106,-1
715,2018-03-20,63.25,63.27,63.85,62.83,11850.0,0.0016,1
716,2018-03-19,63.15,65.25,65.25,62.98,19580.0,-0.0351,-1
717,2018-03-16,65.45,65.7,66.53,65.38,20870.0,-0.0040999999999999995,-1
718,2018-03-15,65.72,66.4,66.83,65.67,21770.0,-0.0173,-1
719,2018-03-14,66.88,67.45,67.72,66.62,20600.0,-0.0124,-1
720,2018-03-13,67.72,67.67,68.85,67.42,30590.0,0.0007000000000000001,1
721,2018-03-12,67.67,67.5,67.83,66.53,25260.0,-0.0027,-1
722,2018-03-09,67.85,67.75,68.3,67.0,28950.0,-0.0034000000000000002,-1
723,2018-03-08,68.08,67.17,68.17,66.62,32940.0,0.0040999999999999995,1
724,2018-03-07,67.8,68.08,68.33,66.42,34020.0,-0.0059,-1
725,2018-03-06,68.2,69.28,69.33,68.12,20920.0,-0.0087,-1
726,2018-03-05,68.8,67.92,69.1,67.65,17960.0,0.0181,1
727,2018-03-02,67.58,67.45,68.0,66.9,21360.0,0.0091,1
728,2018-03-01,66.97,67.5,67.83,66.88,20880.0,-0.0037,-1
729,2018-02-28,67.22,69.4,69.5,67.12,38960.0,-0.039,-1
730,2018-02-27,69.95,70.08,70.67,69.8,20370.0,0.0,0
731,2018-02-26,69.95,71.15,71.95,69.9,21410.0,-0.02,-1
732,2018-02-23,71.38,71.3,71.78,70.88,14090.0,0.0014000000000000002,1
733,2018-02-22,71.28,69.83,71.55,69.47,21240.0,0.0197,1
734,2018-02-21,69.9,69.88,70.55,69.12,17820.0,0.0101,1
735,2018-02-20,69.2,68.47,70.03,68.3,24560.0,0.0154,1
736,2018-02-16,68.15,69.42,69.45,68.03,22440.0,-0.0225,-1
737,2018-02-15,69.72,70.72,71.25,69.62,18860.0,-0.0132,-1
738,2018-02-14,70.65,69.65,71.28,69.08,20210.0,-0.0368,-1
739,2018-02-13,73.35,73.3,73.45,73.1,1830.0,0.0037,1
740,2018-02-12,73.08,73.3,73.4,73.05,2430.0,-0.0012,-1
741,2018-02-09,73.17,73.67,73.97,73.1,3370.0,-0.0031,-1
742,2018-02-08,73.4,73.85,73.85,73.33,4240.0,-0.0060999999999999995,-1
743,2018-02-07,73.85,74.75,74.75,73.8,5340.0,-0.012,-1
744,2018-02-06,74.75,75.5,75.5,74.08,9200.0,-0.014199999999999999,-1
745,2018-02-05,75.83,75.45,75.9,75.0,4250.0,0.0084,1
746,2018-02-02,75.2,75.15,75.4,74.55,5220.0,0.0049,1
747,2018-02-01,74.83,73.75,74.95,73.7,5970.0,0.022000000000000002,1
748,2018-01-31,73.22,72.75,73.5,72.67,6080.0,0.0106,1
749,2018-01-30,72.45,72.6,72.72,72.05,7580.0,0.0007000000000000001,1
750,2018-01-29,72.4,72.65,73.12,72.35,4680.0,0.0017000000000000001,1
751,2018-01-26,72.28,72.7,73.12,72.17,5060.0,-0.0026,-1
752,2018-01-25,72.47,73.33,73.72,72.15,8140.000000000001,-0.0062,-1
753,2018-01-24,72.92,72.3,73.3,71.85,8610.0,0.009300000000000001,1
754,2018-01-23,72.25,72.17,72.78,71.53,11660.0,0.0063,1
755,2018-01-22,71.8,72.28,72.28,71.65,7470.0,-0.0039000000000000003,-1
756,2018-01-19,72.08,73.05,73.15,72.0,13060.0,-0.013300000000000001,-1
757,2018-01-18,73.05,72.88,73.35,72.38,15640.0,0.0045000000000000005,1
758,2018-01-17,72.72,73.65,73.7,72.53,15180.0,-0.016,-1
759,2018-01-16,73.9,72.08,74.25,72.05,20010.0,0.032400000000000005,1
760,2018-01-12,71.58,71.0,71.83,70.95,23460.0,0.0086,1
761,2018-01-11,70.97,72.5,72.5,70.72,30250.0,-0.0215,-1
762,2018-01-10,72.53,73.5,73.67,71.58,33380.0,-0.0087,-1
763,2018-01-09,73.17,73.33,73.45,72.45,27390.0,0.0027,1
764,2018-01-08,72.97,71.67,73.4,71.67,30820.0,0.0217,1
765,2018-01-05,71.42,71.5,71.65,70.9,13320.0,0.0006,1
766,2018-01-04,71.38,71.45,71.8,70.83,16430.0,0.0046,1
767,2018-01-03,71.05,71.1,71.2,70.2,18300.0,0.004699999999999999,1
768,2018-01-02,70.72,72.0,72.0,70.67,19310.0,-0.0148,-1
769,2017-12-29,71.78,71.75,72.45,71.58,,0.0032,1
770,2017-12-28,71.55,71.1,71.85,70.7,15190.0,0.0073,1
771,2017-12-27,71.03,71.53,71.95,70.3,19200.0,-0.006999999999999999,-1
772,2017-12-26,71.53,70.25,71.67,69.9,14810.0,0.0223,1
773,2017-12-22,69.97,68.9,70.12,68.42,13050.0,0.0203,1
774,2017-12-21,68.58,68.6,69.3,68.15,12420.0,0.0029,1
775,2017-12-20,68.38,67.4,68.67,66.83,15450.0,0.022099999999999998,1
776,2017-12-19,66.9,67.58,67.9,66.78,13680.0,-0.0074,-1
777,2017-12-18,67.4,68.85,69.92,67.3,19760.0,-0.0165,-1
778,2017-12-15,68.53,67.53,68.62,67.17,15340.0,0.013500000000000002,1
779,2017-12-14,67.62,66.25,68.7,66.25,19580.0,0.0574,1
780,2017-12-13,63.95,63.83,64.08,63.65,2910.0,0.0031,1
781,2017-12-12,63.75,63.73,63.92,63.6,3010.0,0.0024,1
782,2017-12-11,63.6,63.9,64.05,63.52,3090.0,-0.0011,-1
783,2017-12-08,63.67,63.8,64.1,63.55,4070.0000000000005,0.0014000000000000002,1
784,2017-12-07,63.58,63.98,64.3,63.5,5780.0,-0.0039000000000000003,-1
785,2017-12-06,63.83,64.55,64.58,63.75,5620.0,-0.006999999999999999,-1
786,2017-12-05,64.28,65.08,65.08,63.95,5720.0,-0.0103,-1
787,2017-12-04,64.95,65.42,65.65,64.42,8490.0,-0.0051,-1
788,2017-12-01,65.28,64.6,65.7,64.4,7120.0,0.015600000000000001,1
789,2017-11-30,64.28,65.4,65.8,64.15,8750.0,-0.0123,-1
790,2017-11-29,65.08,66.1,66.3,64.85,8370.0,-0.0102,-1
791,2017-11-28,65.75,64.5,65.95,64.17,10630.0,0.0189,1
792,2017-11-27,64.53,63.67,64.65,63.6,7760.0,0.0202,1
793,2017-11-24,63.25,63.2,63.67,63.12,5140.0,0.0067,1
794,2017-11-22,62.83,61.25,62.9,60.95,9260.0,0.0351,1
795,2017-11-21,60.7,62.45,62.73,60.58,10260.0,-0.0213,-1
796,2017-11-20,62.02,60.83,62.42,60.77,14450.0,0.0226,1
797,2017-11-17,60.65,60.2,62.1,60.0,16450.0,0.0092,1
798,2017-11-16,60.1,61.42,61.55,59.88,17830.0,-0.0167,-1
799,2017-11-15,61.12,60.27,61.23,59.25,24660.0,0.019,1
800,2017-11-14,59.98,62.4,62.4,59.9,25610.0,-0.037200000000000004,-1
801,2017-11-13,62.3,62.58,62.92,61.92,28350.0,-0.0029,-1
802,2017-11-10,62.48,63.1,63.1,62.15,30070.0,-0.0109,-1
803,2017-11-09,63.17,63.58,63.9,62.62,32200.000000000004,-0.006,-1
804,2017-11-08,63.55,64.12,64.25,63.35,30050.0,-0.0058,-1
805,2017-11-07,63.92,64.6,64.6,63.6,28330.0,-0.0108,-1
806,2017-11-06,64.62,65.08,65.15,64.42,19560.0,-0.0074,-1
807,2017-11-03,65.1,66.05,66.3,64.78,20560.0,-0.0106,-1
808,2017-11-02,65.8,66.47,66.47,65.3,25450.0,-0.012,-1
809,2017-11-01,66.6,67.95,68.0,66.3,28660.0,-0.0206,-1
810,2017-10-31,68.0,65.62,68.17,65.42,35290.0,0.0434,1
811,2017-10-30,65.17,64.45,65.3,64.33,17310.0,0.011200000000000002,1
812,2017-10-27,64.45,65.0,65.15,63.67,18540.0,-0.0092,-1
813,2017-10-26,65.05,64.62,65.55,64.1,21980.0,0.009000000000000001,1
814,2017-10-25,64.47,63.88,64.67,63.67,16010.000000000002,0.0069,1
815,2017-10-24,64.03,63.5,64.38,62.95,18720.0,0.008,1
816,2017-10-23,63.52,64.9,65.33,63.45,19110.0,-0.020499999999999997,-1
817,2017-10-20,64.85,64.28,64.92,63.9,19470.0,0.009300000000000001,1
818,2017-10-19,64.25,64.0,64.65,63.6,18440.0,0.0078000000000000005,1
819,2017-10-18,63.75,62.3,63.8,62.3,21050.0,0.0254,1
820,2017-10-17,62.17,64.0,64.5,61.98,21120.0,-0.024,-1
821,2017-10-16,63.7,62.5,63.88,62.3,19500.0,0.0241,1
822,2017-10-13,62.2,61.75,62.4,61.52,11500.0,0.024700000000000003,1
823,2017-10-12,60.7,61.48,61.5,60.6,3190.0,-0.009000000000000001,-1
824,2017-10-11,61.25,60.75,61.27,60.4,3720.0,0.0179,1
825,2017-10-10,60.17,59.67,60.4,59.58,3250.0,0.0195,1
826,2017-10-09,59.02,59.33,59.7,58.85,4340.0,-0.0025,-1
827,2017-10-06,59.17,61.38,61.38,59.1,5420.0,-0.0287,-1
828,2017-10-05,60.92,60.67,61.75,60.62,6850.0,0.0098,1
829,2017-10-04,60.33,60.5,61.05,59.83,7630.0,0.0075,1
830,2017-10-03,59.88,58.08,60.25,58.08,21760.0,0.045899999999999996,1
831,2017-10-02,57.25,55.85,57.92,55.65,11030.0,0.0334,1
832,2017-09-29,55.4,55.4,56.38,55.27,9870.0,-0.0027,-1
833,2017-09-28,55.55,55.58,56.17,55.45,8400.0,0.0027,1
834,2017-09-27,55.4,55.4,56.2,54.92,12410.0,0.0027,1
835,2017-09-26,55.25,56.52,56.58,55.02,12710.0,-0.0192,-1
836,2017-09-25,56.33,55.6,56.9,55.38,8780.0,0.0113,1
837,2017-09-22,55.7,56.38,56.65,55.67,14140.0,-0.028399999999999998,-1
838,2017-09-21,57.33,58.55,58.55,57.08,16790.0,-0.0225,-1
839,2017-09-20,58.65,59.35,59.6,58.48,27200.0,-0.0245,-1
840,2017-09-19,60.12,60.02,60.8,59.65,20290.0,0.002,1
841,2017-09-18,60.0,60.38,60.88,59.8,20700.0,-0.0161,-1
842,2017-09-15,60.98,58.6,61.2,58.5,30430.0,0.0332,1
843,2017-09-14,59.02,59.48,60.1,58.6,27210.0,-0.009399999999999999,-1
844,2017-09-13,59.58,58.83,59.98,58.25,37310.0,0.0022,1
845,2017-09-12,59.45,60.73,60.92,59.23,34900.0,-0.0346,-1
846,2017-09-11,61.58,61.83,62.27,61.25,26820.0,-0.0092,-1
847,2017-09-08,62.15,61.2,62.95,61.08,26610.0,0.011399999999999999,1
848,2017-09-07,61.45,62.83,63.05,61.33,27510.0,-0.033,-1
849,2017-09-06,63.55,64.0,64.35,63.25,22810.0,-0.0031,-1
850,2017-09-05,63.75,62.08,64.45,61.88,30420.0,0.0374,1
851,2017-09-01,61.45,61.3,62.58,61.17,22250.0,0.0008,1
852,2017-08-31,61.4,61.67,62.6,61.27,29370.0,0.0008,1
853,2017-08-30,61.35,60.4,61.7,60.15,23730.0,0.018600000000000002,1
854,2017-08-29,60.23,61.62,61.75,59.83,20620.0,-0.0226,-1
855,2017-08-28,61.62,62.77,63.0,61.58,19350.0,-0.0231,-1
856,2017-08-25,63.08,63.92,64.3,62.77,19150.0,-0.0108,-1
857,2017-08-24,63.77,63.55,64.03,62.62,22440.0,0.0034999999999999996,1
858,2017-08-23,63.55,63.6,63.77,62.77,22210.0,-0.0052,-1
859,2017-08-22,63.88,64.85,65.15,63.35,22790.0,-0.012199999999999999,-1
860,2017-08-21,64.67,65.5,65.7,64.25,17150.0,-0.0219,-1
861,2017-08-18,66.12,66.5,66.8,65.42,19370.0,-0.012,-1
862,2017-08-17,66.92,68.47,68.47,66.42,22270.0,-0.027000000000000003,-1
863,2017-08-16,68.78,70.6,71.33,67.95,28560.0,-0.0248,-1
864,2017-08-15,70.53,69.47,70.9,69.38,22670.0,0.0197,1
865,2017-08-14,69.17,68.7,69.47,68.62,13310.0,-0.18289999999999998,-1
866,2017-08-11,84.65,84.6,84.75,84.5,3550.0,0.0024,1
867,2017-08-10,84.45,84.17,84.5,84.05,5510.0,0.0039000000000000003,1
868,2017-08-09,84.12,83.8,84.17,83.72,3760.0,0.0070999999999999995,1
869,2017-08-08,83.53,83.67,83.92,83.35,4700.0,0.0016,1
870,2017-08-07,83.4,83.62,83.72,83.08,6700.0,0.0022,1
871,2017-08-04,83.22,82.25,83.33,82.25,6230.0,0.0152,1
872,2017-08-03,81.97,82.25,82.35,80.8,9620.0,0.0002,1
873,2017-08-02,81.95,80.25,82.17,79.95,10660.0,0.0269,1
874,2017-08-01,79.8,80.33,80.4,79.6,10260.0,-0.0062,-1
875,2017-07-31,80.3,81.03,81.5,80.25,7400.0,-0.013500000000000002,-1
876,2017-07-28,81.4,82.58,82.58,81.12,6900.0,-0.0103,-1
877,2017-07-27,82.25,81.85,82.42,81.33,6000.0,0.003,1
878,2017-07-26,82.0,81.85,82.7,81.5,7700.0,0.0068000000000000005,1
879,2017-07-25,81.45,81.2,81.72,80.78,8510.0,0.013300000000000001,1
880,2017-07-24,80.38,80.72,81.03,80.08,9090.0,-0.0089,-1
881,2017-07-21,81.1,81.22,82.0,81.0,12550.0,0.0,0
882,2017-07-20,81.1,82.65,82.8,81.05,16020.0,-0.0179,-1
883,2017-07-19,82.58,80.62,83.03,80.12,17240.0,0.0258,1
884,2017-07-18,80.5,80.95,81.25,79.9,17670.0,-0.0034999999999999996,-1
885,2017-07-17,80.78,80.05,81.1,79.78,16340.0,-0.1276,-1
886,2017-07-14,92.6,92.75,92.75,92.35,1770.0,-0.0016,-1
887,2017-07-13,92.75,92.6,92.83,92.45,2930.0,0.0018,1
888,2017-07-12,92.58,92.5,92.65,92.38,2430.0,0.004699999999999999,1
889,2017-07-11,92.15,91.92,92.28,91.83,3170.0,0.0074,1
890,2017-07-10,91.47,91.92,92.08,91.33,2740.0,-0.0027,-1
891,2017-07-07,91.72,91.78,92.1,91.55,3720.0,0.0027,1
892,2017-07-06,91.47,92.47,92.47,91.2,5080.0,-0.0063,-1
893,2017-07-05,92.05,91.3,92.58,91.15,4790.0,0.0149,1
894,2017-07-03,90.7,91.05,91.08,90.05,3240.0,0.0009,1
895,2017-06-30,90.62,89.97,90.85,89.8,7010.0,0.0129,1
896,2017-06-29,89.47,88.25,89.65,88.15,6270.0,0.0176,1
897,2017-06-28,87.92,86.9,88.0,86.58,7110.0,0.0168,1
898,2017-06-27,86.47,87.3,87.4,86.25,5880.0,-0.0064,-1
899,2017-06-26,87.03,85.67,87.72,85.55,8420.0,0.0203,1
900,2017-06-23,85.3,85.15,85.35,84.1,7540.0,0.0032,1
901,2017-06-22,85.03,85.95,85.97,84.5,7450.0,-0.012199999999999999,-1
902,2017-06-21,86.08,85.6,86.4,85.4,12480.0,0.0127,1
903,2017-06-20,85.0,84.5,85.28,84.2,14300.0,0.0131,1
904,2017-06-19,83.9,82.97,84.38,82.88,18850.0,0.0191,1
905,2017-06-16,82.33,82.2,82.8,81.65,11310.0,0.0034000000000000002,1
906,2017-06-15,82.05,82.85,83.45,80.72,16410.0,-0.0064,-1
907,2017-06-14,82.58,83.0,83.67,82.22,16530.0,-0.0024,-1
908,2017-06-13,82.78,82.25,82.85,82.2,3730.0,0.009899999999999999,1
909,2017-06-12,81.97,82.3,82.5,81.9,3020.0,-0.0060999999999999995,-1
910,2017-06-09,82.47,82.4,82.6,82.25,2100.0,0.0054,1
911,2017-06-08,82.03,81.95,82.35,81.78,3700.0,0.005,1
912,2017-06-07,81.62,81.9,82.22,81.5,5010.0,-0.0004,-1
913,2017-06-06,81.65,81.22,82.35,80.92,5910.0,0.0115,1
914,2017-06-05,80.72,81.1,81.72,80.45,5250.0,-0.0062,-1
915,2017-06-02,81.22,81.25,81.65,80.88,5110.0,0.0037,1
916,2017-06-01,80.92,82.38,82.38,80.67,6220.0,-0.012199999999999999,-1
917,2017-05-31,81.92,80.9,82.67,80.78,8900.0,0.0176,1
918,2017-05-30,80.5,81.65,81.7,80.4,6170.0,-0.0163,-1
919,2017-05-26,81.83,81.2,81.88,80.85,5340.0,0.0109,1
920,2017-05-25,80.95,80.28,81.08,79.6,6500.0,0.009399999999999999,1
921,2017-05-24,80.2,80.5,80.95,80.03,6090.0,0.0006,1
922,2017-05-23,80.15,78.92,80.28,78.9,8189.999999999999,0.0101,1
923,2017-05-22,79.35,79.08,79.75,78.65,6110.0,-0.0019,-1
924,2017-05-19,79.5,78.67,79.55,78.33,8640.0,0.0044,1
925,2017-05-18,79.15,78.62,79.25,77.95,11410.0,0.0032,1
926,2017-05-17,78.9,79.22,79.95,78.8,15300.0,0.0023,1
927,2017-05-16,78.72,77.1,79.1,76.42,15730.0,0.019,1
928,2017-05-15,77.25,78.05,78.25,77.05,14800.0,-0.009000000000000001,-1
929,2017-05-12,77.95,77.15,78.17,76.88,17710.0,0.0898,1
930,2017-05-11,71.53,71.45,71.75,71.45,290.0,0.0068000000000000005,1
931,2017-05-10,71.05,70.72,71.35,70.72,380.0,0.010700000000000001,1
932,2017-05-09,70.3,70.3,70.65,70.1,280.0,0.005699999999999999,1
933,2017-05-08,69.9,69.25,70.1,69.25,240.0,0.0072,1
934,2017-05-05,69.4,69.5,69.5,69.15,240.0,0.0058,1
935,2017-05-04,69.0,68.47,69.5,68.35,510.0,0.0155,1
936,2017-05-03,67.95,67.5,68.2,67.5,340.0,0.0149,1
937,2017-05-02,66.95,66.5,67.12,66.5,280.0,0.0126,1
938,2017-05-01,66.12,67.0,67.38,66.03,200.0,-0.0127,-1
939,2017-04-28,66.97,66.7,67.25,66.6,210.0,0.001,1
940,2017-04-27,66.9,65.25,67.62,65.25,520.0,0.0345,1
941,2017-04-26,64.67,65.28,66.42,64.6,370.0,-0.0084,-1
942,2017-04-25,65.22,64.3,65.85,64.3,680.0,0.0127,1
943,2017-04-24,64.4,62.8,64.47,62.8,440.0,0.0219,1
944,2017-04-21,63.02,63.5,63.9,62.5,670.0,-0.012199999999999999,-1
945,2017-04-20,63.8,65.53,65.75,63.6,630.0,-0.0316,-1
946,2017-04-19,65.88,66.67,66.67,65.83,310.0,-0.0189,-1
947,2017-04-18,67.15,67.9,67.9,66.08,250.0,-0.0084,-1
948,2017-04-17,67.72,68.53,68.6,67.5,100.0,0.08439999999999999,1
949,2017-04-13,62.45,62.25,62.52,62.15,1870.0,0.0034999999999999996,1
950,2017-04-12,62.23,62.7,62.9,62.17,3280.0,-0.0067,-1
951,2017-04-11,62.65,63.3,63.4,62.58,5080.0,-0.010700000000000001,-1
952,2017-04-10,63.33,63.5,63.52,63.12,2350.0,0.0,0
953,2017-04-07,63.33,63.7,63.85,63.23,3740.0,-0.0092,-1
954,2017-04-06,63.92,63.9,64.0,63.38,3720.0,0.004699999999999999,1
955,2017-04-05,63.62,63.77,63.9,63.42,4750.0,-0.0008,-1
956,2017-04-04,63.67,64.8,64.95,63.58,4450.0,-0.0174,-1
957,2017-04-03,64.8,65.55,65.97,64.72,4230.0,-0.0132,-1
958,2017-03-31,65.67,65.88,65.88,64.85,4240.0,0.0008,1
959,2017-03-30,65.62,65.17,65.95,64.67,7440.0,0.0049,1
960,2017-03-29,65.3,65.5,65.83,64.7,5230.0,0.0031,1
961,2017-03-28,65.1,66.03,66.12,65.03,5420.0,-0.0084,-1
962,2017-03-27,65.65,67.05,67.08,65.58,7220.0,-0.0242,-1
963,2017-03-24,67.28,69.35,69.42,67.12,11340.0,-0.0298,-1
964,2017-03-23,69.35,68.38,69.62,67.6,16470.0,0.0176,1
965,2017-03-22,68.15,68.22,68.72,67.92,9330.0,0.0022,1
966,2017-03-21,68.0,68.78,68.88,67.72,12390.0,-0.0095,-1
967,2017-03-20,68.65,69.12,69.28,68.3,12320.0,-0.0058,-1
968,2017-03-17,69.05,69.5,69.78,68.78,13120.0,-0.012199999999999999,-1
969,2017-03-16,69.9,70.38,70.42,69.38,12890.0,-0.0026,-1
970,2017-03-15,70.08,70.5,70.78,69.8,15580.0,-0.0106,-1
971,2017-03-14,70.83,70.42,71.28,70.0,19770.0,0.0087,1
972,2017-03-13,70.22,68.4,70.3,68.08,27480.0,0.0301,1
973,2017-03-10,68.17,68.1,68.5,67.08,,0.0013,1
974,2017-03-09,68.08,68.72,68.97,67.55,26670.0,-0.005,-1
975,2017-03-08,68.42,68.15,68.67,67.9,25000.0,0.0054,1
976,2017-03-07,68.05,67.4,68.4,66.95,24700.0,0.0131,1
977,2017-03-06,67.17,67.28,68.17,66.8,15330.0,0.0063,1
978,2017-03-03,66.75,68.0,68.0,66.58,20210.0,-0.022400000000000003,-1
979,2017-03-02,68.28,68.55,69.62,68.1,24240.0,-0.002,-1
980,2017-03-01,68.42,68.25,68.9,67.53,22080.0,0.0121,1
981,2017-02-28,67.6,68.3,68.38,67.17,19870.0,-0.0076,-1
982,2017-02-27,68.12,68.25,69.0,67.88,16309.999999999998,0.0013,1
983,2017-02-24,68.03,66.7,68.22,66.33,19910.0,0.0218,1
984,2017-02-23,66.58,67.5,67.5,66.03,24810.0,-0.0173,-1
985,2017-02-22,67.75,70.0,70.0,67.53,28110.0,-0.037000000000000005,-1
986,2017-02-21,70.35,71.25,71.58,70.25,16510.0,-0.0060999999999999995,-1
987,2017-02-17,70.78,69.83,71.12,69.83,15540.0,0.013600000000000001,1
988,2017-02-16,69.83,71.08,71.78,69.75,19270.0,-0.0134,-1
989,2017-02-15,70.78,71.78,72.33,70.65,16740.0,-0.0073,-1
990,2017-02-14,71.3,70.0,71.62,70.0,15670.0,-0.0462,-1
991,2017-02-13,74.75,74.67,75.1,74.62,2760.0,0.0027,1
992,2017-02-10,74.55,74.78,74.97,74.0,4960.0,0.0044,1
993,2017-02-09,74.22,73.9,74.35,73.55,2870.0,0.011899999999999999,1
994,2017-02-08,73.35,72.6,73.45,72.45,4650.0,0.0134,1
995,2017-02-07,72.38,71.7,72.8,71.7,8240.0,0.0144,1
996,2017-02-06,71.35,70.28,71.42,70.28,7340.0,0.014499999999999999,1
997,2017-02-03,70.33,70.6,70.65,69.92,5170.0,-0.0003,-1
998,2017-02-02,70.35,69.85,70.5,69.65,8750.0,0.0134,1
999,2017-02-01,69.42,69.5,70.0,68.92,9320.0,0.0049,1
1000,2017-01-31,69.08,67.2,69.3,67.15,9980.0,0.029500000000000002,1
1001,2017-01-30,67.1,67.25,67.7,66.92,7690.0,0.003,1
1002,2017-01-27,66.9,66.42,67.08,66.05,7730.0,0.0159,1
1003,2017-01-26,65.85,67.7,68.0,65.25,11140.0,-0.024900000000000002,-1
1004,2017-01-25,67.53,66.0,67.83,65.85,9520.0,0.0354,1
1005,2017-01-24,65.22,65.05,65.72,64.97,7350.0,0.0034000000000000002,1
1006,2017-01-23,65.0,65.35,65.45,64.33,9080.0,-0.0046,-1
1007,2017-01-20,65.3,65.7,65.88,65.03,9990.0,-0.0018,-1
1008,2017-01-19,65.42,65.47,65.78,64.9,12460.0,0.0034000000000000002,1
1009,2017-01-18,65.2,65.9,66.67,64.53,16870.0,-0.0091,-1
1010,2017-01-17,65.8,65.95,65.97,65.05,10680.0,0.003,1
1011,2017-01-13,65.6,66.1,66.2,64.72,22090.0,-0.0053,-1
1012,2017-01-12,65.95,65.9,66.22,64.9,25280.0,0.0053,1
1013,2017-01-11,65.6,65.25,66.08,64.83,26720.0,0.0085,1
1014,2017-01-10,65.05,64.2,65.9,63.85,27020.0,0.0204,1
1015,2017-01-09,63.75,64.12,64.12,62.55,24480.0,-0.0036,-1
1016,2017-01-06,63.98,65.15,65.15,63.58,15870.0,-0.0139,-1
1017,2017-01-05,64.88,64.92,65.6,64.22,16300.0,0.0043,1
1018,2017-01-04,64.6,63.88,64.78,63.3,17800.0,0.0173,1
1019,2017-01-03,63.5,66.4,66.9,63.23,22570.0,-0.0401,-1
1020,2016-12-30,66.15,64.6,66.35,64.28,16450.0,0.0232,1
1021,2016-12-29,64.65,65.58,65.95,64.15,11500.0,-0.0069,-1
1022,2016-12-28,65.1,65.05,66.12,64.45,14590.0,0.0054,1
1023,2016-12-27,64.75,62.5,64.88,62.15,14870.0,0.0245,1
1024,2016-12-23,63.2,65.08,65.1,62.27,15730.0,-0.0235,-1
1025,2016-12-22,64.72,65.3,65.75,64.42,10210.0,-0.0028000000000000004,-1
1026,2016-12-21,64.9,63.83,65.47,62.9,15870.0,0.0141,1
1027,2016-12-20,64.0,65.85,66.42,63.65,19460.0,-0.0318,-1
1028,2016-12-19,66.1,64.72,66.58,63.92,25040.0,0.0216,1
1029,2016-12-16,64.7,62.75,64.95,62.58,23280.0,0.0369,1
1030,2016-12-15,62.4,61.7,62.95,60.88,17090.0,0.0102,1
1031,2016-12-14,61.77,61.7,62.15,61.27,11670.0,0.0805,1
1032,2016-12-13,57.17,57.48,57.5,57.02,1650.0,-0.0037,-1
1033,2016-12-12,57.38,57.0,57.4,56.8,2770.0,0.0115,1
1034,2016-12-09,56.73,56.65,57.1,56.12,5090.0,0.019,1
1035,2016-12-08,55.67,55.3,56.88,55.12,9110.0,0.0177,1
1036,2016-12-07,54.7,54.05,55.33,54.0,11100.0,0.024700000000000003,1
1037,2016-12-06,53.38,52.25,54.08,52.0,8730.0,0.0365,1
1038,2016-12-05,51.5,51.2,51.9,51.15,7310.0,0.0148,1
1039,2016-12-02,50.75,50.9,51.27,50.52,6990.0,0.0104,1
1040,2016-12-01,50.23,51.25,51.52,49.95,11590.0,-0.0155,-1
1041,2016-11-30,51.02,50.85,51.7,50.75,9180.0,0.013300000000000001,1
1042,2016-11-29,50.35,50.58,50.95,50.27,9870.0,-0.0014000000000000002,-1
1043,2016-11-28,50.42,51.1,51.48,50.3,8690.0,-0.0123,-1
1044,2016-11-25,51.05,50.5,51.38,50.5,5660.0,0.026099999999999998,1
1045,2016-11-23,49.75,49.6,50.38,49.38,10680.0,0.0091,1
1046,2016-11-22,49.3,49.83,50.33,49.15,10650.0,-0.009399999999999999,-1
1047,2016-11-21,49.77,47.9,50.02,47.77,16200.0,0.0412,1
1048,2016-11-18,47.8,47.52,48.1,47.02,10510.0,0.0074,1
1049,2016-11-17,47.45,48.17,48.25,46.8,13060.0,-0.011899999999999999,-1
1050,2016-11-16,48.02,46.27,48.27,46.25,23390.0,0.0412,1
1051,2016-11-15,46.12,46.9,47.33,45.73,15530.0,-0.0166,-1
1052,2016-11-14,46.9,47.08,47.08,45.42,23250.0,-0.004699999999999999,-1
1053,2016-11-11,47.12,47.4,48.75,46.88,27990.0,-0.0055000000000000005,-1
1054,2016-11-10,47.38,46.52,47.8,45.55,30550.0,0.0178,1
1055,2016-11-09,46.55,46.85,47.42,45.98,24440.0,-0.0092,-1
1056,2016-11-08,46.98,47.2,47.67,46.62,27730.0,-0.0025,-1
1057,2016-11-07,47.1,46.38,47.25,45.98,26990.0,0.0206,1
1058,2016-11-04,46.15,46.9,46.95,45.1,18930.0,-0.0181,-1
1059,2016-11-03,47.0,47.45,47.55,46.35,16620.0,-0.0174,-1
1060,2016-11-02,47.83,46.92,47.95,46.55,17630.0,0.0297,1
1061,2016-11-01,46.45,47.7,48.12,46.1,21980.0,-0.0313,-1
1062,2016-10-31,47.95,46.83,48.15,46.58,22930.0,0.0246,1
1063,2016-10-28,46.8,45.5,47.08,45.45,17890.0,0.0313,1
1064,2016-10-27,45.38,44.2,45.98,43.85,20320.0,0.026699999999999998,1
1065,2016-10-26,44.2,44.7,44.88,43.75,13400.0,-0.009399999999999999,-1
1066,2016-10-25,44.62,43.75,44.7,43.6,17890.0,0.0329,1
1067,2016-10-24,43.2,43.0,43.75,42.77,15840.0,0.0323,1
1068,2016-10-21,41.85,41.62,42.65,41.45,16870.0,0.0182,1
1069,2016-10-20,41.1,41.3,41.85,41.05,12750.0,-0.0017000000000000001,-1
1070,2016-10-19,41.17,41.25,42.0,40.7,15370.0,0.0012,1
1071,2016-10-18,41.12,41.7,42.25,41.02,13610.0,-0.0115,-1
1072,2016-10-17,41.6,42.48,42.73,41.25,15840.0,-0.0149,-1
1073,2016-10-14,42.23,44.3,44.3,41.98,19840.0,-0.1975,-1
1074,2016-10-13,52.62,52.52,52.77,52.45,1870.0,0.0046,1
1075,2016-10-12,52.38,51.8,52.45,51.77,3500.0,0.0181,1
1076,2016-10-11,51.45,51.1,51.77,51.1,3740.0,0.0154,1
1077,2016-10-10,50.67,51.15,51.25,50.33,2340.0,0.0,0
1078,2016-10-07,50.67,50.98,51.73,50.5,6890.0,0.0058,1
1079,2016-10-06,50.38,48.8,50.52,48.65,4860.0,0.0446,1
1080,2016-10-05,48.23,49.02,49.15,47.62,6070.0,-0.008,-1
1081,2016-10-04,48.62,49.4,49.6,48.5,6130.0,-0.0060999999999999995,-1
1082,2016-10-03,48.92,49.27,49.8,48.7,7070.0,-0.002,-1
1083,2016-09-30,49.02,52.12,52.12,49.02,9590.0,-0.057699999999999994,-1
1084,2016-09-29,52.02,51.6,52.27,50.83,5760.0,0.0062,1
1085,2016-09-28,51.7,52.3,52.45,51.5,5280.0,0.0,0
1086,2016-09-27,51.7,53.3,53.85,51.5,9320.0,-0.0254,-1
1087,2016-09-26,53.05,53.83,54.25,52.95,9510.0,-0.0176,-1
1088,2016-09-23,54.0,54.23,54.98,53.77,9380.0,-0.0037,-1
1089,2016-09-22,54.2,54.38,55.02,53.7,7280.0,-0.004,-1
1090,2016-09-21,54.42,55.55,55.6,54.02,10030.0,-0.0203,-1
1091,2016-09-20,55.55,55.05,55.7,54.67,11740.0,0.0115,1
1092,2016-09-19,54.92,55.73,56.45,54.73,13570.0,-0.0101,-1
1093,2016-09-16,55.48,55.3,55.7,54.65,13620.0,0.006,1
1094,2016-09-15,55.15,55.25,55.98,54.55,18290.0,0.0042,1
1095,2016-09-14,54.92,57.23,57.6,54.7,27840.0,-0.0322,-1
1096,2016-09-13,56.75,59.55,59.55,56.58,34370.0,-0.0449,-1
1097,2016-09-12,59.42,59.92,61.98,59.1,36650.0,0.0032,1
1098,2016-09-09,59.23,61.2,61.6,59.1,23420.0,-0.028999999999999998,-1
1099,2016-09-08,61.0,61.5,62.05,60.88,23200.0,0.002,1
1100,2016-09-07,60.88,59.2,61.02,59.2,17760.0,0.0333,1
1101,2016-09-06,58.92,60.12,60.17,58.5,20260.0,-0.0301,-1
1102,2016-09-02,60.75,63.33,63.67,60.52,17900.0,-0.0407,-1
1103,2016-09-01,63.33,62.75,63.85,62.17,17480.0,0.0076,1
1104,2016-08-31,62.85,62.1,62.9,61.62,15620.0,0.0129,1
1105,2016-08-30,62.05,61.38,62.3,61.05,11340.0,0.0109,1
1106,2016-08-29,61.38,61.42,61.95,60.83,11260.0,0.0008,1
1107,2016-08-26,61.33,59.33,61.7,59.33,16600.0,0.044800000000000006,1
1108,2016-08-25,58.7,60.2,60.23,58.38,14870.0,-0.027000000000000003,-1
1109,2016-08-24,60.33,60.73,60.8,59.92,9530.0,-0.0031,-1
1110,2016-08-23,60.52,61.12,61.85,60.15,11260.0,-0.0103,-1
1111,2016-08-22,61.15,62.2,63.02,60.9,13760.0,-0.0124,-1
1112,2016-08-19,61.92,60.52,62.4,60.27,13700.0,0.020099999999999996,1
1113,2016-08-18,60.7,60.7,61.65,60.05,12090.0,-0.0049,-1
1114,2016-08-17,61.0,59.85,61.05,59.27,12490.0,0.0192,1
1115,2016-08-16,59.85,62.9,63.25,59.62,21050.0,-0.0424,-1
1116,2016-08-15,62.5,60.62,62.8,60.42,20530.0,0.0417,1
1117,2016-08-12,60.0,58.58,60.33,57.85,14040.0,-0.10710000000000001,-1
1118,2016-08-11,67.2,67.4,67.67,67.15,4130.0,0.0012,1
1119,2016-08-10,67.12,67.22,67.35,66.83,2060.0,0.003,1
1120,2016-08-09,66.92,67.28,67.55,66.85,2660.0,-0.0027,-1
1121,2016-08-08,67.1,67.6,67.7,66.95,3160.0,-0.0052,-1
1122,2016-08-05,67.45,67.75,68.1,67.35,4570.0,-0.0037,-1
1123,2016-08-04,67.7,68.42,68.42,67.6,3810.0,-0.0095,-1
1124,2016-08-03,68.35,68.88,69.1,68.3,3840.0,-0.0083,-1
1125,2016-08-02,68.92,68.7,69.22,68.67,4400.0,0.0039000000000000003,1
1126,2016-08-01,68.65,69.65,69.65,68.6,7340.0,-0.0046,-1
1127,2016-07-29,68.97,69.2,70.15,68.7,6550.0,0.0017000000000000001,1
1128,2016-07-28,68.85,71.72,71.78,68.78,12270.0,-0.0393,-1
1129,2016-07-27,71.67,74.45,74.58,71.6,11660.0,-0.0393,-1
1130,2016-07-26,74.6,75.72,75.92,74.47,7920.0,-0.0141,-1
1131,2016-07-25,75.67,75.9,75.92,74.83,5630.0,0.0052,1
1132,2016-07-22,75.28,74.6,75.42,73.83,9180.0,0.0111,1
1133,2016-07-21,74.45,76.2,76.2,74.15,10730.0,-0.023,-1
1134,2016-07-20,76.2,77.45,78.15,76.12,13940.0,-0.0149,-1
1135,2016-07-19,77.35,78.28,78.28,77.28,9350.0,-0.0062,-1
1136,2016-07-18,77.83,78.25,78.58,77.3,12690.0,-0.0012,-1
1137,2016-07-15,77.92,78.5,78.6,77.78,12830.0,-0.0296,-1
1138,2016-07-14,80.3,80.28,80.6,80.15,1920.0,0.0016,1
1139,2016-07-13,80.17,80.08,80.25,80.08,1580.0,0.0028000000000000004,1
1140,2016-07-12,79.95,80.08,80.17,79.85,2110.0,0.0040999999999999995,1
1141,2016-07-11,79.62,80.55,80.55,79.58,2970.0,-0.0054,-1
1142,2016-07-08,80.05,81.25,81.25,80.0,3600.0,-0.0123,-1
1143,2016-07-07,81.05,81.58,81.7,80.88,3730.0,-0.006500000000000001,-1
1144,2016-07-06,81.58,82.15,82.35,81.5,7850.0,-0.005699999999999999,-1
1145,2016-07-05,82.05,82.75,83.65,81.95,4810.0,-0.0075,-1
1146,2016-07-01,82.67,82.88,82.88,82.1,5830.0,-0.0022,-1
1147,2016-06-30,82.85,83.22,83.3,82.62,3710.0,-0.003,-1
1148,2016-06-29,83.1,83.53,83.55,82.85,4010.0,-0.0006,-1
1149,2016-06-28,83.15,83.6,83.72,82.78,5220.0,0.0,0
1150,2016-06-27,83.15,83.3,83.75,83.03,5940.0,-0.010700000000000001,-1
1151,2016-06-24,84.05,83.97,84.47,83.67,4670.0,-0.0027,-1
1152,2016-06-23,84.28,84.7,84.7,83.62,7330.0,-0.0022,-1
1153,2016-06-22,84.47,86.7,86.9,84.38,11080.0,-0.020099999999999996,-1
1154,2016-06-21,86.2,86.5,86.83,86.05,4570.0,-0.0025,-1
1155,2016-06-20,86.42,86.12,86.55,85.42,5380.0,0.0029,1
1156,2016-06-17,86.17,87.03,87.3,86.08,9940.0,-0.0105,-1
1157,2016-06-16,87.08,86.88,87.45,86.25,8400.0,0.0029,1
1158,2016-06-15,86.83,88.67,88.83,86.78,12960.0,-0.014199999999999999,-1
1159,2016-06-14,88.08,85.97,88.9,85.92,15290.0,0.0764,1
1160,2016-06-13,81.83,82.25,82.25,81.6,3280.0,-0.0055000000000000005,-1
1161,2016-06-10,82.28,82.7,82.7,82.05,1720.0,-0.004699999999999999,-1
1162,2016-06-09,82.67,82.62,82.9,82.4,3760.0,0.0076,1
1163,2016-06-08,82.05,82.25,82.35,81.85,2090.0,0.0024,1
1164,2016-06-07,81.85,82.42,82.55,81.6,5650.0,-0.0049,-1
1165,2016-06-06,82.25,82.33,82.95,82.15,4470.0,-0.0006,-1
1166,2016-06-03,82.3,82.0,82.58,81.5,6870.0,0.0033,1
1167,2016-06-02,82.03,81.28,82.12,80.92,6130.0,0.0108,1
1168,2016-06-01,81.15,80.8,81.25,80.03,7740.0,0.0070999999999999995,1
1169,2016-05-31,80.58,80.75,81.38,80.35,5850.0,0.0006,1
1170,2016-05-27,80.53,80.42,80.58,79.95,3860.0,-0.0002,-1
1171,2016-05-26,80.55,80.7,81.0,79.97,9150.0,0.004699999999999999,1
1172,2016-05-25,80.17,79.92,80.45,79.6,7820.0,0.0063,1
1173,2016-05-24,79.67,79.38,79.75,78.9,8720.0,0.0075,1
1174,2016-05-23,79.08,79.8,79.85,78.62,10770.0,-0.0096,-1
1175,2016-05-20,79.85,80.25,80.35,79.7,10730.0,-0.0070999999999999995,-1
1176,2016-05-19,80.42,81.15,81.22,80.12,12750.0,-0.0098,-1
1177,2016-05-18,81.22,82.7,82.75,81.0,13000.0,-0.018500000000000003,-1
1178,2016-05-17,82.75,83.22,83.28,82.3,11790.0,-0.0034000000000000002,-1
1179,2016-05-16,83.03,82.15,83.15,81.58,12510.0,0.0132,1
1180,2016-05-13,81.95,83.3,83.4,81.33,15260.0,0.0654,1
1181,2016-05-12,76.92,77.05,77.17,76.9,350.0,0.0005,1
1182,2016-05-11,76.88,76.83,76.97,76.6,290.0,0.0023,1
1183,2016-05-10,76.7,76.4,76.88,76.3,200.0,0.0079,1
1184,2016-05-09,76.1,77.22,77.22,75.97,330.0,-0.0091,-1
1185,2016-05-06,76.8,77.47,77.47,76.5,230.0,-0.0101,-1
1186,2016-05-05,77.58,77.85,78.0,77.53,210.0,0.0026,1
1187,2016-05-04,77.38,78.47,78.47,77.33,240.0,-0.0139,-1
1188,2016-05-03,78.47,78.33,78.58,77.8,270.0,0.0006,1
1189,2016-05-02,78.42,77.9,78.53,77.58,480.0,0.0067,1
1190,2016-04-29,77.9,77.25,77.97,76.55,330.0,0.0074,1
1191,2016-04-28,77.33,76.97,77.7,76.92,340.0,0.0102,1
1192,2016-04-27,76.55,75.25,76.65,75.25,350.0,0.023700000000000002,1
1193,2016-04-26,74.78,74.92,75.25,73.95,250.0,-0.0019,-1
1194,2016-04-25,74.92,75.67,75.67,73.45,430.0,-0.0103,-1
1195,2016-04-22,75.7,77.12,77.92,75.17,330.0,-0.0173,-1
1196,2016-04-21,77.03,77.12,77.38,76.17,350.0,-0.0025,-1
1197,2016-04-20,77.22,76.65,77.5,76.65,320.0,0.0134,1
1198,2016-04-19,76.2,75.03,76.62,75.0,400.0,0.018000000000000002,1
1199,2016-04-18,74.85,74.5,75.0,73.85,270.0,0.006,1
1200,2016-04-15,74.4,73.42,74.45,73.33,370.0,0.013300000000000001,1
1201,2016-04-14,73.42,74.5,74.5,73.17,550.0,0.1036,1
1202,2016-04-13,66.53,66.75,66.78,66.4,2870.0,-0.0011,-1
1203,2016-04-12,66.6,66.55,66.83,66.38,2200.0,0.0038,1
1204,2016-04-11,66.35,66.88,66.92,66.33,2560.0,-0.0072,-1
1205,2016-04-08,66.83,67.15,67.2,66.78,4390.0,-0.0043,-1
1206,2016-04-07,67.12,67.62,67.8,67.05,5260.0,-0.005600000000000001,-1
1207,2016-04-06,67.5,67.45,67.8,67.25,3620.0,0.0018,1
1208,2016-04-05,67.38,67.8,68.12,67.28,5050.0,-0.0043,-1
1209,2016-04-04,67.67,68.12,68.15,67.6,2810.0,-0.0019,-1
1210,2016-04-01,67.8,68.5,68.65,67.25,6510.0,-0.008,-1
1211,2016-03-31,68.35,69.28,69.53,67.95,5740.0,-0.0083,-1
1212,2016-03-30,68.92,70.35,70.65,68.83,8560.0,-0.0189,-1
1213,2016-03-29,70.25,70.2,70.4,69.83,5780.0,0.004699999999999999,1
1214,2016-03-28,69.92,69.75,71.67,69.33,7440.0,0.0043,1
1215,2016-03-24,69.62,70.22,70.22,69.28,9290.0,-0.0007000000000000001,-1
1216,2016-03-23,69.67,70.0,70.15,69.4,8530.0,-0.0068000000000000005,-1
1217,2016-03-22,70.15,69.33,70.2,69.28,7470.0,0.0115,1
1218,2016-03-21,69.35,70.95,70.95,69.25,12350.0,-0.0294,-1
1219,2016-03-18,71.45,71.1,71.62,70.78,6490.0,0.0021,1
1220,2016-03-17,71.3,71.38,71.75,70.62,9240.0,0.0,0
1221,2016-03-16,71.3,70.6,71.92,69.97,11990.0,0.008199999999999999,1
1222,2016-03-15,70.72,70.88,71.2,70.38,9230.0,-0.0008,-1
1223,2016-03-14,70.78,71.67,71.7,70.35,15330.0,-0.0146,-1
1224,2016-03-11,71.83,72.5,72.7,71.62,18700.0,-0.004699999999999999,-1
1225,2016-03-10,72.17,71.8,72.88,71.75,21060.0,0.001,1
1226,2016-03-09,72.1,69.85,72.2,69.47,30420.0,0.0332,1
1227,2016-03-08,69.78,70.17,70.2,69.47,18360.0,-0.0039000000000000003,-1
1228,2016-03-07,70.05,70.85,70.95,69.28,23000.0,-0.0106,-1
1229,2016-03-04,70.8,70.72,71.38,70.45,16059.999999999998,0.0064,1
1230,2016-03-03,70.35,70.03,70.58,69.12,16850.0,0.0043,1
1231,2016-03-02,70.05,70.78,70.8,69.9,11920.0,-0.005,-1
1232,2016-03-01,70.4,70.25,70.47,69.72,10790.0,0.0060999999999999995,1
1233,2016-02-29,69.97,70.47,70.7,69.67,17970.0,-0.0124,-1
1234,2016-02-26,70.85,71.15,71.2,70.05,13940.0,-0.0038,-1
1235,2016-02-25,71.12,71.6,71.85,70.72,14020.0,-0.0049,-1
1236,2016-02-24,71.47,70.0,71.58,69.22,21630.0,0.0217,1
1237,2016-02-23,69.95,69.0,70.75,68.58,15980.0,0.0101,1
1238,2016-02-22,69.25,68.8,69.4,68.35,12490.0,0.0051,1
1239,2016-02-19,68.9,70.08,70.4,68.35,20850.0,-0.026600000000000002,-1
1240,2016-02-18,70.78,71.33,72.22,70.28,22570.0,-0.0052,-1
1241,2016-02-17,71.15,70.22,71.38,69.67,17510.0,0.0143,1
1242,2016-02-16,70.15,70.17,70.8,70.05,11750.0,-0.0033,-1
1243,2016-02-12,70.38,69.5,70.78,69.28,15870.0,0.07400000000000001,1
1244,2016-02-11,65.53,65.28,65.78,65.15,4010.0,0.0058,1
1245,2016-02-10,65.15,65.5,65.55,64.85,6590.0,0.0046,1
1246,2016-02-09,64.85,65.0,65.47,64.6,3890.0,-0.0028000000000000004,-1
1247,2016-02-08,65.03,65.28,65.75,64.8,4370.0,0.0034999999999999996,1
1248,2016-02-05,64.8,65.3,65.53,64.78,4680.0,-0.0049,-1
1249,2016-02-04,65.12,64.78,65.5,64.6,3700.0,0.0088,1
1250,2016-02-03,64.55,64.45,65.0,64.28,4460.0,0.0055000000000000005,1
1251,2016-02-02,64.2,65.22,65.33,64.12,4910.0,-0.0176,-1
1252,2016-02-01,65.35,66.1,66.1,65.03,3740.0,-0.0068000000000000005,-1
1253,2016-01-29,65.8,65.5,66.1,65.33,3690.0,0.0077,1
1254,2016-01-28,65.3,65.78,66.12,64.58,6510.0,-0.0012,-1
1255,2016-01-27,65.38,64.8,65.6,64.42,5660.0,0.0163,1
1256,2016-01-26,64.33,63.8,64.62,63.23,5870.0,0.0128,1
1257,2016-01-25,63.52,63.55,63.88,62.92,7200.0,0.0083,1
1258,2016-01-22,63.0,63.55,63.85,62.92,7130.0,-0.0118,-1
1259,2016-01-21,63.75,63.3,64.05,62.65,10780.0,0.0163,1
1260,2016-01-20,62.73,62.95,63.55,62.05,11050.0,-0.0019,-1
1261,2016-01-19,62.85,62.83,63.15,62.1,11420.0,0.0134,1
1262,2016-01-15,62.02,62.02,62.45,61.33,9970.0,-0.0053,-1
1263,2016-01-14,62.35,61.73,62.67,61.42,19110.0,0.0118,1
1264,2016-01-13,61.62,62.1,62.62,61.15,21540.0,-0.0045000000000000005,-1
1265,2016-01-12,61.9,60.17,62.05,60.12,28140.0,0.0369,1
1266,2016-01-11,59.7,59.62,59.92,58.88,18430.0,-0.0025,-1
1267,2016-01-08,59.85,59.6,60.95,59.3,22760.0,0.005,1
1268,2016-01-07,59.55,61.02,61.42,58.95,20980.0,-0.021,-1
1269,2016-01-06,60.83,60.88,61.5,60.65,14740.0,-0.0044,-1
1270,2016-01-05,61.1,59.45,61.48,59.45,21160.0,0.028300000000000002,1
1271,2016-01-04,59.42,59.88,60.02,58.08,13830.0,-0.0064,-1
1272,2015-12-31,59.8,59.85,60.08,59.25,11530.0,0.0005,1
1273,2015-12-30,59.77,59.15,59.9,58.98,10530.0,0.0105,1
1274,2015-12-29,59.15,59.02,59.48,58.62,9260.0,0.0005,1
1275,2015-12-28,59.12,58.55,59.65,58.4,8610.0,0.0141,1
1276,2015-12-24,58.3,58.6,59.35,58.2,5650.0,0.0092,1
1277,2015-12-23,57.77,57.38,59.17,56.77,9610.0,0.016200000000000003,1
1278,2015-12-22,56.85,56.6,57.5,56.6,8440.0,0.0070999999999999995,1
1279,2015-12-21,56.45,56.98,57.85,56.35,9620.0,-0.003,-1
1280,2015-12-18,56.62,56.1,58.3,56.1,12300.0,0.0152,1
1281,2015-12-17,55.77,57.4,57.4,54.95,20360.0,-0.0368,-1
1282,2015-12-16,57.9,59.2,59.25,57.35,11190.0,-0.0173,-1
1283,2015-12-15,58.92,59.75,60.12,58.38,15750.0,-0.02,-1
1284,2015-12-14,60.12,60.27,60.83,59.23,11150.0,0.0736,1
1285,2015-12-11,56.0,56.35,56.5,55.95,2520.0,-0.0040999999999999995,-1
1286,2015-12-10,56.23,56.25,56.65,56.17,2310.0,-0.0092,-1
1287,2015-12-09,56.75,55.7,56.85,55.55,4050.0,0.025699999999999997,1
1288,2015-12-08,55.33,55.48,56.6,55.0,7830.0,-0.0027,-1
1289,2015-12-07,55.48,56.73,56.73,54.73,7130.0,-0.0275,-1
1290,2015-12-04,57.05,58.4,58.4,56.75,7630.0,-0.0223,-1
1291,2015-12-03,58.35,59.35,59.75,58.0,7860.0,-0.0168,-1
1292,2015-12-02,59.35,59.7,59.8,58.9,6090.0,-0.01,-1
1293,2015-12-01,59.95,58.65,60.1,57.58,12440.0,0.0262,1
1294,2015-11-30,58.42,58.9,58.9,57.58,7230.0,-0.0053,-1
1295,2015-11-27,58.73,58.75,58.95,58.27,2530.0,-0.0012,-1
1296,2015-11-25,58.8,58.0,59.0,57.48,7310.0,0.0274,1
1297,2015-11-24,57.23,57.7,58.3,56.5,9150.0,-0.0038,-1
1298,2015-11-23,57.45,57.67,58.35,57.35,7570.0,0.0,0
1299,2015-11-20,57.45,55.9,57.8,55.83,12830.0,0.037000000000000005,1
1300,2015-11-19,55.4,54.6,55.98,54.2,9920.0,0.018799999999999997,1
1301,2015-11-18,54.38,54.5,55.8,54.15,12140.0,0.0039000000000000003,1
1302,2015-11-17,54.17,51.9,55.4,51.8,19060.0,0.0458,1
1303,2015-11-16,51.8,55.17,55.17,51.8,18390.0,-0.0547,-1
1304,2015-11-13,54.8,56.42,56.85,53.77,18870.0,-0.0232,-1
1305,2015-11-12,56.1,56.0,57.15,55.38,25210.0,-0.0012,-1
1306,2015-11-11,56.17,54.05,56.48,53.95,27720.0,0.0489,1
1307,2015-11-10,53.55,53.73,54.9,52.8,28100.0,-0.0034000000000000002,-1
1308,2015-11-09,53.73,55.02,55.05,53.1,22780.0,-0.0231,-1
1309,2015-11-06,55.0,55.4,56.0,53.92,25210.0,-0.0072,-1
1310,2015-11-05,55.4,57.7,58.58,54.88,25770.0,-0.0345,-1
1311,2015-11-04,57.38,57.62,58.5,57.15,16750.0,-0.0146,-1
1312,2015-11-03,58.23,58.3,59.08,57.17,21560.0,0.0,0
1313,2015-11-02,58.23,59.0,59.42,57.1,21580.0,-0.016399999999999998,-1
1314,2015-10-30,59.2,59.5,61.15,59.02,22130.0,-0.011399999999999999,-1
1315,2015-10-29,59.88,61.35,61.73,59.27,21610.0,-0.0248,-1
1316,2015-10-28,61.4,61.2,62.12,60.42,21090.0,0.0024,1
1317,2015-10-27,61.25,62.6,62.98,60.83,21560.0,-0.0255,-1
1318,2015-10-26,62.85,63.62,64.5,62.62,17710.0,-0.0118,-1
1319,2015-10-23,63.6,66.0,66.28,63.45,34240.0,-0.0429,-1
1320,2015-10-22,66.45,67.83,68.03,66.0,12460.0,-0.0087,-1
1321,2015-10-21,67.03,68.5,68.78,66.65,21700.0,-0.0121,-1
1322,2015-10-20,67.85,66.4,68.83,66.25,24100.0,0.0285,1
1323,2015-10-19,65.97,65.38,66.72,65.03,16290.0,0.0059,1
1324,2015-10-16,65.58,66.53,66.67,65.25,14340.0,-0.0187,-1
1325,2015-10-15,66.83,66.95,67.12,66.15,12640.0,0.0,0
1326,2015-10-14,66.83,67.6,68.08,66.4,15530.0,-0.10710000000000001,-1
1327,2015-10-13,74.85,74.35,74.97,74.3,4019.9999999999995,0.0074,1
1328,2015-10-12,74.3,74.28,74.42,74.12,2350.0,0.0064,1
1329,2015-10-09,73.83,74.33,74.38,73.78,3280.0,-0.0023,-1
1330,2015-10-08,74.0,74.15,74.28,73.62,3840.0,0.0023,1
1331,2015-10-07,73.83,73.92,74.35,73.62,5420.0,0.0031,1
1332,2015-10-06,73.6,73.25,73.92,73.25,4660.0,0.008199999999999999,1
1333,2015-10-05,73.0,73.62,73.62,72.67,3140.0,-0.0048,-1
1334,2015-10-02,73.35,72.38,74.3,72.33,5220.0,0.0101,1
1335,2015-10-01,72.62,73.55,73.6,72.0,7540.0,-0.0124,-1
1336,2015-09-30,73.53,73.28,74.5,72.65,7130.0,0.0038,1
1337,2015-09-29,73.25,71.5,73.4,71.45,7260.0,0.0256,1
1338,2015-09-28,71.42,72.33,72.5,71.15,5560.0,-0.0064,-1
1339,2015-09-25,71.88,71.2,72.35,71.15,5460.0,0.0032,1
1340,2015-09-24,71.65,70.55,71.75,70.05,7410.0,0.015600000000000001,1
1341,2015-09-23,70.55,71.45,71.9,70.3,8320.0,-0.0063,-1
1342,2015-09-22,71.0,71.72,71.85,70.75,9610.0,-0.0087,-1
1343,2015-09-21,71.62,71.12,72.15,71.05,8340.0,0.008,1
1344,2015-09-18,71.05,70.42,71.33,70.1,12930.0,0.0067,1
1345,2015-09-17,70.58,68.75,71.25,68.6,20570.0,0.0341,1
1346,2015-09-16,68.25,69.55,69.92,67.55,20040.0,-0.0163,-1
1347,2015-09-15,69.38,66.95,69.78,66.78,21170.0,0.0382,1
1348,2015-09-14,66.83,67.4,67.78,66.35,16950.0,-0.0074,-1
1349,2015-09-11,67.33,68.55,68.62,67.1,21900.0,-0.0178,-1
1350,2015-09-10,68.55,69.15,69.33,68.42,15870.0,-0.0054,-1
1351,2015-09-09,68.92,69.08,69.38,68.3,22010.0,0.002,1
1352,2015-09-08,68.78,69.5,69.5,68.67,18190.0,-0.0054,-1
1353,2015-09-04,69.15,69.5,69.9,68.95,12740.0,-0.0043,-1
1354,2015-09-03,69.45,69.7,69.9,68.92,13060.0,-0.004699999999999999,-1
1355,2015-09-02,69.78,68.3,69.97,68.08,21030.0,0.026600000000000002,1
1356,2015-09-01,67.97,68.3,68.75,67.05,18040.0,-0.0009,-1
1357,2015-08-31,68.03,66.67,68.58,66.4,14910.0,0.0242,1
1358,2015-08-28,66.42,66.78,67.05,66.0,14030.0,-0.009399999999999999,-1
1359,2015-08-27,67.05,67.08,67.3,66.62,10240.0,0.0007000000000000001,1
1360,2015-08-26,67.0,67.53,67.83,66.55,14980.0,-0.0074,-1
1361,2015-08-25,67.5,66.72,67.85,66.15,22900.0,0.0254,1
1362,2015-08-24,65.83,61.7,65.83,61.6,21020.0,0.04769999999999999,1
1363,2015-08-21,62.83,64.25,64.97,62.62,16800.0,-0.0297,-1
1364,2015-08-20,64.75,65.3,65.55,64.15,12230.0,-0.0189,-1
1365,2015-08-19,66.0,66.12,66.17,64.3,17700.0,-0.0018,-1
1366,2015-08-18,66.12,66.22,66.47,65.25,10020.0,-0.0024,-1
1367,2015-08-17,66.28,65.85,66.78,65.62,11530.0,0.014199999999999999,1
1368,2015-08-14,65.35,65.6,66.0,64.83,13590.0,-0.16879999999999998,-1
1369,2015-08-13,78.62,78.47,78.9,78.28,2610.0,0.009899999999999999,1
1370,2015-08-12,77.85,77.58,78.42,77.3,3370.0,0.0147,1
1371,2015-08-11,76.72,77.08,77.88,76.53,5530.0,0.0009,1
1372,2015-08-10,76.65,77.85,78.0,76.2,7010.0,-0.0088,-1
1373,2015-08-07,77.33,77.97,78.8,77.28,5490.0,-0.0096,-1
1374,2015-08-06,78.08,79.92,80.0,77.92,8690.0,-0.026699999999999998,-1
1375,2015-08-05,80.22,80.72,80.8,79.05,9430.0,-0.014499999999999999,-1
1376,2015-08-04,81.4,80.6,81.58,80.12,7200.0,0.015,1
1377,2015-08-03,80.2,79.05,80.75,78.75,9530.0,0.0217,1
1378,2015-07-31,78.5,79.6,79.72,77.92,11220.0,-0.0147,-1
1379,2015-07-30,79.67,80.5,81.03,79.35,7220.0,-0.0023,-1
1380,2015-07-29,79.85,79.7,81.38,79.58,13810.0,0.0048,1
1381,2015-07-28,79.47,77.47,79.78,76.88,10920.0,0.025,1
1382,2015-07-27,77.53,77.33,78.0,76.9,10250.0,-0.0018,-1
1383,2015-07-24,77.67,78.33,78.78,77.53,7900.0,-0.0078000000000000005,-1
1384,2015-07-23,78.28,78.0,78.83,77.75,9890.0,-0.0032,-1
1385,2015-07-22,78.53,76.5,78.78,76.5,22340.0,0.0349,1
1386,2015-07-21,75.88,75.1,76.4,74.8,15550.0,0.0131,1
1387,2015-07-20,74.9,75.8,76.08,74.58,12470.0,-0.0102,-1
1388,2015-07-17,75.67,76.12,76.22,75.35,11280.0,-0.0043,-1
1389,2015-07-16,76.0,75.47,76.4,75.03,16070.0,0.009300000000000001,1
1390,2015-07-15,75.3,75.9,76.4,74.92,15870.0,-0.057800000000000004,-1
1391,2015-07-14,79.92,79.58,80.15,79.5,1860.0,0.0106,1
1392,2015-07-13,79.08,79.25,79.42,79.0,2480.0,0.0014000000000000002,1
1393,2015-07-10,78.97,79.2,79.4,78.9,2140.0,0.0032,1
1394,2015-07-09,78.72,79.7,79.88,78.53,5160.0,-0.0098,-1
1395,2015-07-08,79.5,79.58,79.95,79.1,6080.0,0.0032,1
1396,2015-07-07,79.25,79.28,80.17,78.85,6480.0,0.0067,1
1397,2015-07-06,78.72,79.25,79.38,78.38,5670.0,-0.0008,-1
1398,2015-07-02,78.78,77.55,79.15,77.33,5860.0,0.0218,1
1399,2015-07-01,77.1,75.85,77.78,75.85,6500.0,0.0118,1
1400,2015-06-30,76.2,75.12,76.75,74.55,8700.0,0.0263,1
1401,2015-06-29,74.25,75.47,75.6,73.8,9030.0,-0.0159,-1
1402,2015-06-26,75.45,74.9,75.8,74.5,5960.0,0.010700000000000001,1
1403,2015-06-25,74.65,75.17,75.25,74.12,5320.0,-0.0009,-1
1404,2015-06-24,74.72,74.2,75.17,74.2,6640.0,0.005,1
1405,2015-06-23,74.35,74.7,75.45,73.97,8150.0,0.0018,1
1406,2015-06-22,74.22,75.3,75.3,73.15,11010.0,-0.0202,-1
1407,2015-06-19,75.75,77.28,77.45,75.45,11650.0,-0.0292,-1
1408,2015-06-18,78.03,78.0,78.42,77.42,12270.0,0.0004,1
1409,2015-06-17,78.0,77.67,78.15,77.28,10310.0,0.011000000000000001,1
1410,2015-06-16,77.15,77.0,77.8,76.83,12760.0,-0.0006,-1
1411,2015-06-15,77.2,77.95,77.95,76.03,14730.0,-0.0109,-1
1412,2015-06-12,78.05,79.12,79.12,77.92,15520.0,-0.0409,-1
1413,2015-06-11,81.38,81.55,81.65,81.3,2610.0,0.001,1
1414,2015-06-10,81.3,81.6,81.75,81.2,1950.0,0.0012,1
1415,2015-06-09,81.2,81.62,81.78,81.05,5210.0,-0.0043,-1
1416,2015-06-08,81.55,82.17,82.4,81.45,6010.0,-0.0015,-1
1417,2015-06-05,81.67,82.2,82.78,81.58,6920.0,-0.0064,-1
1418,2015-06-04,82.2,83.3,83.3,82.1,7300.0,-0.016200000000000003,-1
1419,2015-06-03,83.55,84.65,84.65,82.88,8900.0,-0.0109,-1
1420,2015-06-02,84.47,84.28,84.72,83.58,9740.0,-0.0021,-1
1421,2015-06-01,84.65,84.17,84.85,83.75,9810.0,0.0098,1
1422,2015-05-29,83.83,84.38,84.92,82.85,14610.0,-0.0091,-1
1423,2015-05-28,84.6,84.28,85.12,83.38,14600.0,0.0098,1
1424,2015-05-27,83.78,83.5,84.5,83.38,9850.0,0.0073,1
1425,2015-05-26,83.17,83.83,83.83,82.95,7350.0,-0.0066,-1
1426,2015-05-22,83.72,83.95,84.12,83.5,8840.0,-0.0007000000000000001,-1
1427,2015-05-21,83.78,82.25,84.3,81.7,18490.0,0.0149,1
1428,2015-05-20,82.55,82.6,82.85,81.6,9980.0,0.0049,1
1429,2015-05-19,82.15,82.25,83.4,81.3,16180.0,-0.003,-1
1430,2015-05-18,82.4,83.1,83.1,82.03,15250.0,-0.011399999999999999,-1
1431,2015-05-15,83.35,84.1,84.1,82.28,15970.0,-0.0070999999999999995,-1
1432,2015-05-14,83.95,84.65,84.88,83.6,16840.0,0.0316,1
1433,2015-05-13,81.38,81.38,81.65,81.35,280.0,0.001,1
1434,2015-05-12,81.3,80.9,81.4,80.7,220.0,0.0074,1
1435,2015-05-11,80.7,80.85,81.15,80.62,190.0,-0.0019,-1
1436,2015-05-08,80.85,80.1,81.2,79.85,340.0,0.0125,1
1437,2015-05-07,79.85,80.4,80.78,79.2,460.0,-0.0062,-1
1438,2015-05-06,80.35,79.42,80.83,79.42,480.0,0.0171,1
1439,2015-05-05,79.0,76.92,79.72,76.92,730.0,0.027000000000000003,1
1440,2015-05-04,76.92,76.5,77.03,76.5,280.0,0.0121,1
1441,2015-05-01,76.0,77.45,77.92,75.97,760.0,-0.0123,-1
1442,2015-04-30,76.95,76.53,77.78,76.28,890.0,0.0215,1
1443,2015-04-29,75.33,74.0,76.75,73.85,750.0,0.021400000000000002,1
1444,2015-04-28,73.75,72.62,74.35,72.53,610.0,0.0203,1
1445,2015-04-27,72.28,72.05,72.78,71.8,170.0,0.0046,1
1446,2015-04-24,71.95,72.0,72.33,71.6,210.0,0.0004,1
1447,2015-04-23,71.92,70.88,72.2,70.88,500.0,0.0173,1
1448,2015-04-22,70.7,71.35,71.35,69.92,360.0,-0.0126,-1
1449,2015-04-21,71.6,69.88,71.75,69.88,470.0,0.018799999999999997,1
1450,2015-04-20,70.28,70.8,70.9,69.58,190.0,-0.0034999999999999996,-1
1451,2015-04-17,70.53,70.35,70.9,70.2,190.0,-0.006999999999999999,-1
1452,2015-04-16,71.03,69.38,71.35,69.28,340.0,0.022799999999999997,1
1453,2015-04-15,69.45,71.7,71.7,69.0,720.0,0.09939999999999999,1
1454,2015-04-14,63.17,63.15,63.35,62.98,2150.0,0.0011,1
1455,2015-04-13,63.1,62.8,63.4,62.75,4380.0,0.0088,1
1456,2015-04-10,62.55,62.38,62.83,62.25,2900.0,0.0072,1
1457,2015-04-09,62.1,62.6,63.05,62.05,4660.0,-0.0032,-1
1458,2015-04-08,62.3,62.38,62.9,62.17,5620.0,-0.0045000000000000005,-1
1459,2015-04-07,62.58,63.0,63.7,62.33,4420.0,-0.0106,-1
1460,2015-04-06,63.25,63.4,63.58,62.8,2980.0,0.0013,1
1461,2015-04-03,63.17,63.17,63.17,63.17,,0.0,0
1462,2015-04-02,63.17,62.75,63.42,62.25,7070.0,0.0043,1
1463,2015-04-01,62.9,62.0,63.0,61.73,5650.0,0.0077,1
1464,2015-03-31,62.42,61.4,62.9,61.3,8690.0,0.0183,1
1465,2015-03-30,61.3,60.5,61.88,60.25,6540.0,0.0029,1
1466,2015-03-27,61.12,61.23,61.6,60.9,5390.0,0.0023,1
1467,2015-03-26,60.98,60.0,61.65,59.92,8060.000000000001,0.0192,1
1468,2015-03-25,59.83,58.4,60.12,57.9,8090.0,0.021,1
1469,2015-03-24,58.6,59.4,60.25,57.8,12870.0,-0.011000000000000001,-1
1470,2015-03-23,59.25,58.77,59.7,58.02,8790.0,0.0137,1
1471,2015-03-20,58.45,58.3,59.6,57.77,11550.0,0.005699999999999999,1
1472,2015-03-19,58.12,60.02,60.25,57.85,17810.0,-0.0425,-1
1473,2015-03-18,60.7,61.75,62.3,60.42,14780.0,-0.0173,-1
1474,2015-03-17,61.77,62.1,63.05,61.73,15170.0,-0.0069,-1
1475,2015-03-16,62.2,61.55,62.4,60.7,15590.0,0.0016,1
1476,2015-03-13,62.1,62.05,62.5,61.45,19060.0,-0.0032,-1
1477,2015-03-12,62.3,63.65,63.92,61.12,33530.0,-0.028399999999999998,-1
1478,2015-03-11,64.12,65.8,65.9,63.33,28380.0,-0.027999999999999997,-1
1479,2015-03-10,65.97,65.8,66.1,65.08,20140.0,-0.0017000000000000001,-1
1480,2015-03-09,66.08,66.0,66.4,65.38,20610.0,-0.0006,-1
1481,2015-03-06,66.12,66.5,66.5,65.25,23440.0,-0.0106,-1
1482,2015-03-05,66.83,68.67,68.7,66.55,16390.0,-0.0172,-1
1483,2015-03-04,68.0,65.25,68.55,64.15,31850.0,0.0366,1
1484,2015-03-03,65.6,67.55,67.83,65.28,22070.0,-0.030600000000000002,-1
1485,2015-03-02,67.67,68.4,68.85,67.28,17940.0,0.003,1
1486,2015-02-27,67.47,66.6,68.15,66.2,20990.0,0.0048,1
1487,2015-02-26,67.15,68.88,69.1,66.55,18620.0,-0.031400000000000004,-1
1488,2015-02-25,69.33,69.15,69.53,68.62,17960.0,0.0109,1
1489,2015-02-24,68.58,68.58,69.28,67.38,19770.0,0.0037,1
1490,2015-02-23,68.33,67.78,69.9,67.5,22980.0,0.0138,1
1491,2015-02-20,67.4,67.5,68.85,66.3,22980.0,0.0052,1
1492,2015-02-19,67.05,65.2,67.22,65.2,19130.0,0.0441,1
1493,2015-02-18,64.22,63.8,65.88,63.23,19960.0,0.0034000000000000002,1
1494,2015-02-17,64.0,66.53,66.55,63.75,17570.0,-0.030699999999999998,-1
1495,2015-02-13,66.03,64.45,66.85,63.92,18140.0,0.0659,1
1496,2015-02-12,61.95,61.8,62.1,61.55,1830.0,0.0118,1
1497,2015-02-11,61.23,61.8,61.95,61.1,2980.0,-0.004699999999999999,-1
1498,2015-02-10,61.52,61.6,62.2,61.38,4100.0,0.0040999999999999995,1
1499,2015-02-09,61.27,63.88,63.88,61.1,6550.0,-0.0409,-1
1500,2015-02-06,63.88,63.27,66.22,63.27,6250.0,0.0096,1
1501,2015-02-05,63.27,64.5,64.6,62.85,5500.0,-0.0281,-1
1502,2015-02-04,65.1,66.42,66.42,64.55,6360.0,-0.031200000000000002,-1
1503,2015-02-03,67.2,66.42,67.47,66.1,7510.0,0.0131,1
1504,2015-02-02,66.33,67.6,67.97,66.12,6200.0,-0.0169,-1
1505,2015-01-30,67.47,68.4,68.97,67.35,7910.0,-0.0158,-1
1506,2015-01-29,68.55,71.1,71.83,68.53,14710.0,-0.0417,-1
1507,2015-01-28,71.53,69.08,72.4,68.53,10500.0,0.0304,1
1508,2015-01-27,69.42,71.4,72.2,69.0,8010.0,-0.0199,-1
1509,2015-01-26,70.83,69.7,71.65,69.42,8119.999999999999,0.022099999999999998,1
1510,2015-01-23,69.3,70.8,70.8,68.85,12130.0,-0.0321,-1
1511,2015-01-22,71.6,73.05,73.53,70.7,14520.0,-0.0104,-1
1512,2015-01-21,72.35,72.38,73.0,71.38,12290.0,0.0079,1
1513,2015-01-20,71.78,74.25,74.3,71.58,15470.0,-0.0365,-1
1514,2015-01-16,74.5,75.8,75.8,74.15,16710.0,-0.0148,-1
1515,2015-01-15,75.62,76.08,76.6,75.35,17760.0,-0.0054,-1
1516,2015-01-14,76.03,75.7,76.5,75.15,29360.0,0.011399999999999999,1
1517,2015-01-13,75.17,76.65,76.95,74.95,29050.0,-0.019299999999999998,-1
1518,2015-01-12,76.65,78.75,78.75,76.42,29600.0,-0.0301,-1
1519,2015-01-09,79.03,78.3,79.15,77.8,24010.0,0.011000000000000001,1
1520,2015-01-08,78.17,79.17,79.7,77.88,25930.0,-0.0146,-1
1521,2015-01-07,79.33,78.6,79.88,78.15,16129.999999999998,0.0095,1
1522,2015-01-06,78.58,79.97,79.97,78.15,16680.0,-0.0168,-1
1523,2015-01-05,79.92,81.62,81.65,79.62,21190.0,-0.017,-1
1524,2015-01-02,81.3,80.95,81.8,80.92,11630.0,0.0012,1
