Date,Paraguay,Indonesia,EU-28,United States of America,Thailand,Mexico,Brazil,Argentina,Netherlands,Spain,Germany,Ukraine,China,Canada,Japan,Russian Federation
2019-01-02,190.5,80.33333333333333,17.56301873071264,12.934434270765204,2.0,0.5384615384615384,86.75,141.21428571428572,3.899135446685879,27.30337078651685,6.963768115942028,36.80952380952381,40.50746268656717,48.671497584541065,22.993006993006997,10.80565371024735
2019-01-03,0.0,153.33333333333334,16.546245548688496,53.56203605514315,222.57142857142856,1.4655172413793105,25.4,329.4347826086956,5.619596541786745,0.016853932584269662,5.063405797101449,24.190476190476193,30.07058823529412,53.14133986928105,18.783216783216783,10.749116607773852
2019-01-04,133.5,155.0,21.384207600133703,39.020288307528034,320.7857142857143,1.8983050847457628,45.5,44.47619047619048,6.916426512968299,3.0960451977401133,30.38405797101449,16.615384615384613,58.843373493975896,20.581526104417673,3.6783216783216783,13.113074204946995
2019-01-05,201.375,141.27959979736576,22.329415092274964,32.092064006919664,187.1875,3.0350877192982457,89.54545454545455,26.0,10.7492795389049,5.259887005649717,65.92377495462793,22.052631578947373,38.40579710144928,14.17087062652563,28.901408450704228,14.949652777777779
2019-01-06,25.625,141.27959979736576,16.385406294214793,28.27922428694901,17.523809523809526,0.1568627450980392,90.92857142857143,57.111111111111114,3.780979827089337,0.005649717514124294,28.93659420289855,25.20833333333333,38.0,26.444972288202692,15.104895104895105,8.0
2019-01-07,104.0,51.0,22.1255259098346,23.57744529045312,35.42857142857143,8.581818181818182,105.71428571428572,220.72,35.50720461095101,0.020408163265306117,47.989110707804,23.0,44.875,23.509372453137733,6.3776223776223775,11.680701754385964
2019-01-08,325.1875,141.27959979736576,29.94781268613937,11.915959252971136,133.95238095238096,0.5671641791044776,123.47058823529413,24.0,31.587896253602306,1.7040816326530612,74.27090909090909,25.0,83.63380281690141,28.810526315789474,13.143884892086332,8.422182468694096
2019-01-09,1.75,199.5,24.831311501511447,17.84111301004059,29.6,2.3015873015873014,81.0,189.3636363636364,1.6657060518731988,2.76530612244898,38.165454545454544,15.958333333333336,53.64634146341464,49.31763766959297,17.93006993006993,7.416666666666668
2019-01-10,27.8,19.0,35.914026624410646,10.43691389599318,6.75,7.904761904761906,65.53333333333333,242.32142857142856,25.853025936599426,1.010204081632653,13.556962025316455,24.0,43.76136363636363,33.427530364372465,4.062937062937063,7.342013888888888
2019-01-11,126.4,82.5,42.05518783449709,8.000266382525307,10.0,0.7096774193548387,190.75,64.24137931034483,13.844380403458214,1.2346938775510203,23.95462794918331,60.2,51.16901408450703,10.694711538461537,12.163120567375884,9.291161178509533
2019-01-12,71.9375,61.0,28.102091702662584,40.876410474771134,112.8,8.203125,50.41666666666666,20.6,74.97406340057637,2.0104166666666665,63.24363636363636,13.653846153846152,47.18,4.726161369193154,27.680851063829788,15.888111888111887
2019-01-13,33.615384615384606,105.5,26.936781755152758,35.069396669396674,68.28571428571429,4.518518518518519,5.0,175.7391304347826,52.90778097982709,0.7083333333333334,113.61272727272728,9.142857142857142,50.675,2.465172137710168,7.113636363636362,9.573426573426572
2019-01-14,120.25,224.2,28.751133094734225,8.367591734365629,121.25,7.627118644067798,68.85714285714286,76.73076923076924,10.426512968299713,2.333333333333333,22.983636363636364,85.70588235294117,13.985294117647056,2.3107890499194848,1.8309859154929575,7.987972508591065
2019-01-15,13.0,43.0,29.89422715971416,8.069733811793691,37.9,11.548387096774194,77.25,74.39285714285714,2.011527377521614,1.5050505050505047,11.386281588447654,30.73333333333333,23.16393442622951,6.2255216693418935,9.422535211267606,11.04070796460177
2019-01-16,0.0,368.33333333333326,25.127445005253755,17.288337680310853,67.83333333333333,3.5625,30.4375,84.57142857142857,39.27377521613833,8.616161616161616,8.68231046931408,39.76470588235294,44.033898305084755,8.582995951417004,25.20422535211268,18.170212765957448
2019-01-17,45.5,299.75,29.480653185462867,31.30148811099931,40.66666666666666,0.476923076923077,26.4,74.3103448275862,44.11527377521614,15.79591836734694,31.35326086956522,10.0,30.88636363636364,15.507961783439493,27.901408450704228,15.327495621716286
2019-01-18,102.16666666666669,0.0,20.257948290647274,25.94071671629094,21.428571428571427,0.09433962264150944,77.15384615384616,190.31034482758625,1.07492795389049,12.724489795918366,1.0867992766726944,10.0,36.79166666666666,21.11120196238757,15.985915492957744,11.979094076655052
2019-01-19,47.57142857142857,90.0,15.358088781158532,48.17030114226375,59.75,0.12698412698412698,78.84615384615384,41.230769230769226,0.09510086455331412,76.30927835051547,0.06690777576853528,8.285714285714286,26.41666666666667,24.67047308319739,3.6971830985915495,6.619469026548673
2019-01-20,0.0,142.33333333333334,21.620699154424077,88.47181823171066,1.6666666666666667,0.05,94.23076923076924,2.2222222222222223,0.10662824207492796,30.353535353535356,0.13743218806509944,16.714285714285715,47.43333333333333,45.58279220779222,31.818181818181817,11.201438848920862
2019-01-21,72.93196967230692,395.0,19.389669837363943,19.736839163965573,33.0,0.12903225806451613,166.84615384615384,155.0,0.7175792507204611,4.686868686868687,0.6347197106690777,66.86666666666666,44.8125,47.990259740259745,22.323943661971832,9.394594594594595
2019-01-22,35.5,63.375,18.52053442520241,9.693458766573142,188.0,0.0,109.53333333333332,1.0,33.7463976945245,64.68686868686869,1.1721014492753623,5.5,85.48837209302326,31.664479081214107,14.311688311688313,10.874125874125873
2019-01-23,0.0,8.0,27.567271685474683,50.27275646171135,1.5,0.9565217391304348,68.64285714285714,270.1666666666667,0.25360230547550433,40.80808080808081,1.4565217391304348,78.32,82.0,41.93247863247864,12.471830985915492,4.808849557522124
2019-01-24,122.0,169.6,17.396719129357855,76.19522104025229,10.333333333333334,0.8235294117647058,50.92857142857143,81.15384615384616,0.8876080691642652,16.12121212121212,1.5742753623188406,23.153846153846153,65.95238095238095,42.43869891576313,33.93,13.658620689655173
2019-01-25,138.16666666666666,143.0,34.567893621352304,36.13012390153376,53.5,1.7014925373134329,50.846153846153854,34.0,43.118155619596536,3.4747474747474754,23.865698729582572,40.90909090909091,77.51724137931033,22.101791530944624,7.141843971631205,9.622608695652174
2019-01-26,0.0,95.0,42.07335105679656,4.815639013452915,0.0,0.8947368421052632,89.0909090909091,178.9090909090909,57.86167146974064,5.7653061224489806,44.13974591651542,19.894736842105264,68.13793103448276,6.953431372549018,26.63636363636364,7.998251748251747
2019-01-27,20.0,29.66666666666667,35.65506450616176,13.988818424566087,3.0,3.4,62.45454545454545,23.55,82.3256484149856,15.298969072164951,37.254083484573506,57.157894736842096,46.2,15.535772357723575,13.859154929577466,13.440140845070422
2019-01-28,0.0,39.66666666666666,30.894866533647672,23.05606758832565,0.0,9.642857142857142,164.25,39.07692307692308,24.26801152737752,15.142857142857142,29.994545454545456,1.25,41.487804878048784,11.570388349514566,14.20979020979021,11.197158081705153
2019-01-29,124.0,56.5,24.333491158265193,9.437171213189435,30.0,0.0,32.888888888888886,2.0,3.8213256484149856,25.377551020408163,2.2976406533575315,13.533333333333333,25.363636363636363,18.89516789516789,18.267605633802816,8.192982456140351
2019-01-30,6.666666666666668,219.5,32.961922750786755,12.411944368693755,89.5,0.07692307692307693,49.3125,177.21428571428572,23.599423631123923,74.89795918367345,9.680580762250454,20.38888888888889,58.0609756097561,15.572357723577234,1.4225352112676055,9.648180242634316
2019-01-31,62.0,63.0,33.55051296532645,5.361841022546492,107.0,0.19696969696969696,23.142857142857146,36.66666666666666,8.438040345821326,77.12121212121212,6.357531760435572,10.266666666666667,45.24,26.6844262295082,68.54545454545455,10.219895287958117
2019-02-01,0.0,293.6666666666667,41.82705143908457,11.355759374157,25.5,0.0,33.785714285714285,160.05882352941177,13.31700288184438,37.954802259886996,17.077757685352626,12.636363636363635,39.628571428571426,24.71093117408907,49.802816901408455,8.945229681978796
2019-02-02,115.33333333333331,269.0,48.76008872831917,21.474710308089406,31.66666666666667,0.0,116.54545454545456,151.05,28.82420749279539,19.758426966292134,23.698010849909586,4.5555555555555545,34.18333333333333,14.096185737976782,6.774647887323943,6.820244328097731
2019-02-03,198.9090909090909,3.0,22.832775429461616,26.958148695224033,31.42857142857143,1.6779661016949152,176.58333333333337,90.05263157894737,1.1008645533141208,1.5617977528089888,31.70108695652174,3.7777777777777777,35.38095238095238,13.857737104825294,26.570422535211268,10.089316987740805
2019-02-04,24.2,146.0,21.95430567151511,28.168908334683728,0.0,22.85,25.33333333333333,7.294117647058822,22.786743515850144,13.621468926553671,1.2192028985507246,3.75,58.86,20.119629317607405,82.81818181818181,11.778571428571427
2019-02-05,2.0,99.0,12.158026332865846,16.583124966750013,12.8,0.4776119402985074,85.44444444444444,0.0,9.080691642651297,22.91573033707865,0.3822463768115942,0.0,45.22641509433962,17.871416871416873,11.937062937062937,9.828371278458842
2019-02-06,54.5,141.27959979736576,24.196688816357327,29.89096225412015,50.0,0.7164179104477612,102.11111111111113,55.54713038105044,117.4149855907781,3.3954802259887007,13.067028985507244,24.4,65.36842105263158,17.133935907970418,69.54545454545455,7.259717314487633
2019-02-07,0.0,66.0,40.09669043353306,55.007171695707605,0.0,0.04477611940298507,114.5,20.0,15.083573487031698,0.3979591836734694,16.51086956521739,1.6666666666666667,59.07017543859649,13.522522522522525,25.53521126760563,11.432675044883304
2019-02-08,30.0,141.27959979736576,18.3475701535036,32.440052128583844,1.5,0.5507246376811594,136.44444444444446,0.5,32.61671469740634,1.4329896907216495,14.251811594202897,26.33333333333333,30.857142857142854,20.40833333333333,25.09090909090909,6.126760563380282
2019-02-09,0.0,119.0,35.703352317009525,14.566750069502366,19.0,2.15625,52.57142857142857,60.846153846153854,80.82708933717579,9.350515463917525,15.932971014492756,6.0,25.50666666666667,10.096106048053024,16.916083916083917,5.670818505338079
2019-02-10,89.15384615384615,37.0,39.672719573122436,17.454161338744647,19.33333333333333,4.803921568627451,104.69230769230771,299.90476190476187,129.49279538904898,5.680412371134021,106.45009074410164,4.5,25.88888888888889,9.760459392945037,11.195804195804195,5.55632582322357
2019-02-11,26.285714285714285,61.0,26.776948594320455,43.36762070276435,30.5,1.6724137931034482,64.25,64.46666666666667,5.195965417867435,2.4242424242424243,13.240942028985508,12.363636363636365,24.03947368421053,13.701639344262295,20.09090909090909,4.512589928057554
2019-02-12,429.0,439.0,17.867859565231598,73.48276230120611,151.55555555555554,5.276923076923077,62.125,147.75757575757575,0.12103746397694524,0.1919191919191919,2.777173913043478,50.74074074074074,43.22368421052632,40.39173553719008,11.867132867132867,7.0177304964539005
2019-02-13,100.0,0.0,12.523663934739687,71.61241060386085,71.875,4.0163934426229515,122.41176470588236,20.80952380952381,0.01729106628242075,0.010101010101010102,0.32065217391304346,44.6875,43.12857142857143,43.05306799336649,27.055944055944057,10.652252252252252
2019-02-14,43.0,105.5,14.323631424412556,40.491960017383754,2.142857142857143,8.40625,123.11764705882355,20.83333333333333,0.01729106628242075,0.5555555555555556,0.012704174228675136,19.857142857142858,27.553398058252426,27.124386252045827,16.40714285714286,11.642857142857142
2019-02-15,173.46153846153842,30.0,7.854378437233754,32.149401746254185,74.17527606712872,0.373134328358209,58.82352941176471,90.5,0.002881844380403458,5.393939393939394,0.003629764065335753,5.75,53.93243243243244,28.00414250207125,13.170212765957446,10.282647584973166
2019-02-16,6.461538461538463,48.33333333333334,21.505629146079265,30.04736317305562,63.625,0.0,83.69230769230771,7.5,0.02017291066282421,2.278350515463917,0.0,0.42857142857142855,55.93478260869565,28.269763651181744,26.557142857142853,6.902097902097903
2019-02-17,19.9,191.0,7.74693543378019,19.568803227252353,114.23529411764706,0.0,105.25,54.5,0.002881844380403458,8.288659793814434,0.0,0.0,84.1574074074074,10.395901639344263,10.006993006993008,7.423280423280422
2019-02-18,21.714285714285715,141.27959979736576,8.9572417167316,35.595256566552145,46.16666666666666,0.0,145.05882352941177,101.6,6.685878962536023,11.765306122448981,0.9327272727272728,0.0,70.64957264957266,4.334160463192721,5.956834532374102,9.084063047285463
2019-02-19,156.33333333333334,0.0,9.591714453814252,13.197091550071608,0.0,0.7846153846153846,141.19047619047618,46.54545454545455,0.8583815028901735,1.4591836734693877,3.3581818181818184,0.0,42.40425531914894,6.477941176470589,117.25174825174824,8.338568935427574
2019-02-20,64.85714285714286,141.27959979736576,9.407437144273294,74.59418524598846,5.0,0.0,68.10526315789474,16.0,0.30835734870317005,0.0,1.7441016333938295,6.857142857142858,66.49450549450549,10.483237939493051,50.74125874125875,10.258289703315883
2019-02-21,0.0,141.27959979736576,10.436544165942237,56.51368500295746,11.5,0.04411764705882353,70.0,149.0,10.063400576368876,0.0,12.765880217785845,4.285714285714286,108.91463414634147,16.9,12.258741258741257,12.942508710801391
2019-02-22,72.93196967230692,67.0,17.98963459260464,40.29347297953896,74.17527606712872,2.4615384615384617,92.83333333333331,10.125,0.4063400576368876,0.0,3.76950998185118,58.647058823529406,62.92857142857143,13.596293311845288,24.251748251748253,9.594405594405597
2019-02-23,79.0,475.0,10.168157224263904,55.93167769815657,61.0,8.301587301587302,68.6,83.0,0.025936599423631124,0.0,0.0,11.615384615384615,86.82666666666668,11.172212978369384,15.094890510948904,9.232517482517485
2019-02-24,0.0,660.0,28.24865789440519,78.31401557285874,29.75,0.0,37.42857142857143,139.0625,0.008645533141210375,0.010204081632653059,0.0,0.0,44.91780821917809,32.90855704697986,4.783216783216783,8.579787234042554
2019-02-25,80.0,141.27959979736576,12.671740806874734,23.95269816390507,28.142857142857146,3.1785714285714284,84.86666666666666,60.17391304347826,0.008645533141210375,0.020408163265306117,0.0,2.142857142857143,36.419753086419746,24.336965632858337,17.223776223776223,9.038732394366198
2019-02-26,302.64285714285717,21.5,13.309869562167705,21.674566851912388,80.71428571428571,8.530303030303031,93.2,93.69565217391305,0.002881844380403458,0.0,0.0,15.5,33.96875,5.551639344262295,4.510489510489512,8.462081128747796
2019-02-27,79.46666666666667,141.27959979736576,5.831294663244612,35.003141077714595,19.0,0.04411764705882353,140.83333333333334,9.526315789473683,0.05763688760806916,1.0816326530612246,0.0,7.294117647058822,56.30681818181818,7.485549132947978,9.342657342657345,8.46631205673759
2019-02-28,24.5,740.5,7.944844675171938,16.769184782608693,8.6,0.8970588235294118,51.88235294117647,71.8125,19.066282420749282,0.010204081632653059,15.462794918330307,5.666666666666668,39.958904109589035,4.947154471544716,116.30769230769229,9.253075571177504
2019-03-01,104.75,129.28571428571428,11.535536006834546,18.694325973114506,65.5,0.11940298507462685,167.33333333333334,19.53846153846154,1.8904899135446689,0.1638418079096045,26.43454545454545,10.785714285714288,61.1625,1.9723352318958505,17.517482517482517,12.375444839857652
2019-03-02,0.0,444.5,9.71717446105475,35.05347091932457,17.4,0.3965517241379311,57.0,181.41666666666663,23.023054755043226,1.2102272727272727,4.838181818181818,4.0,74.48648648648648,4.778709136630344,14.944055944055945,10.446584938704026
2019-03-03,72.93196967230692,0.0,22.708349789268993,26.0970194479643,22.5,0.05555555555555555,169.30769230769232,4.5,92.05187319884728,3.9943502824858768,20.65755919854281,0.0,42.274193548387096,9.485221674876847,56.97902097902098,12.458699472759228
2019-03-04,72.93196967230692,141.27959979736576,25.548288887921387,56.59001529386061,61.83333333333334,0.7457627118644068,97.85714285714286,306.0,27.84438040345821,26.559322033898304,44.098360655737714,13.666666666666664,70.10666666666667,16.3931484502447,108.22377622377623,8.478339350180505
2019-03-05,72.93196967230692,5.0,32.150806153071976,6.841281953452881,29.33333333333333,8.21875,124.64285714285714,67.26315789473685,14.282420749279538,66.28248587570621,23.21129326047359,12.285714285714285,104.10344827586206,15.939144736842106,11.615384615384615,11.51236749116608
2019-03-06,191.57142857142856,198.85714285714286,25.255746380795625,19.168118608300414,0.0,0.10714285714285714,164.5,54.032258064516135,102.164265129683,28.011235955056183,11.136612021857925,6.6,66.74117647058823,5.356443719412725,61.32167832167833,11.253968253968255
2019-03-07,75.81818181818181,330.0,28.29227779418655,15.700156562111971,36.0,2.140625,105.2,70.72727272727273,71.97118155619596,16.8265306122449,25.76502732240437,0.0,77.49367088607596,6.176136363636362,95.6013986013986,8.031802120141343
2019-03-08,139.54545454545453,167.0,19.18808756929899,9.904614717206227,74.17527606712872,2.057971014492753,39.588235294117645,256.87878787878793,40.510086455331404,3.8484848484848486,26.513661202185787,0.0,65.68235294117648,4.165432098765431,14.48951048951049,7.874779541446206
2019-03-09,459.4375,3.0,17.614028171182163,32.529161901650056,0.0,0.796875,110.8181818181818,256.59459459459464,64.42651296829972,0.8673469387755102,48.76138433515483,2.5,57.04054054054054,5.028029678483099,2.769230769230769,13.531305903398929
2019-03-10,6.705882352941178,41.0,33.61409685188941,64.90206638821721,89.0,0.09090909090909093,91.25,17.344827586206893,129.65706051873198,1.6907216494845358,94.26459854014598,26.904761904761905,50.4179104477612,30.928925619834708,122.37762237762236,12.273519163763066
2019-03-11,0.0,55.25,17.78100471230617,14.686545014840055,13.0,0.0,81.05555555555556,24.45,24.90489913544669,0.4489795918367347,33.29014598540146,18.666666666666668,6.452830188679246,31.916182572614108,198.20979020979019,16.02112676056338
2019-03-12,84.4,235.5,18.372084290034792,25.165331928345623,132.0,7.449275362318841,88.55555555555556,39.90909090909091,49.73198847262248,7.16326530612245,9.72495446265938,19.363636363636363,35.85365853658537,7.855769230769232,26.137404580152673,12.91358024691358
2019-03-13,0.0,0.0,24.818741579742095,57.36067936181163,74.17527606712872,11.73015873015873,0.0,0.0,91.92219020172912,6.242424242424242,45.2568306010929,0.0,45.30508474576271,7.430756843800322,16.96,13.974358974358973
2019-03-14,100.55555555555556,10.5,31.498280113317552,50.035101526837714,74.17527606712872,0.14925373134328354,77.28571428571429,53.125,93.43227665706051,1.2040816326530612,93.43272727272728,5.833333333333332,57.42857142857143,16.816211878009632,16.2,6.614186851211072
2019-03-15,87.69230769230771,100.5,33.51392534199362,21.584138227087358,18.0,0.0,100.55555555555556,85.42307692307692,86.7406340057637,0.3333333333333333,107.8,3.0,45.77272727272727,20.654664484451718,12.412587412587412,6.163732394366198
2019-03-16,228.6923076923077,27.33333333333333,41.536522039200655,10.95639982405982,59.9,2.9032258064516134,82.64285714285714,210.38709677419357,54.15561959654178,3.6701030927835046,31.97454545454545,37.90909090909091,25.424242424242426,20.378973105134477,37.40983606557377,9.034739454094293
2019-03-17,325.07142857142856,30.0,22.398946679673582,3.2216965379049314,31.9,0.6909090909090909,50.384615384615394,105.75,26.96541786743516,3.153061224489796,31.07090909090909,42.77777777777778,55.032786885245905,3.112026359143328,10.746478873239436,8.292553191489361
2019-03-18,385.8823529411765,41.0,25.133682096814347,2.086859079479611,31.1875,2.3076923076923075,161.0625,57.875,3.4227129337539437,6.969387755102041,11.415607985480944,0.0,22.475409836065573,1.6011372867587328,3.8732394366197194,9.765112262521587
2019-03-19,30.64705882352941,141.27959979736576,6.459341902891142,4.016022366793914,59.85714285714285,11.306451612903226,31.411764705882355,7.36,0.1844380403458213,8.13265306122449,0.4065335753176044,10.571428571428571,37.64179104477611,1.1123778501628665,57.3169014084507,7.85237258347979
2019-03-20,288.7142857142857,279.0,8.765109584273086,11.851800847457627,25.42857142857143,3.246153846153846,115.5625,47.60869565217392,0.4207492795389049,2.927835051546392,0.15245009074410162,25.1,51.990825688073386,1.7831715210355987,6.478873239436621,5.5671902268760896
2019-03-21,72.0,250.66666666666663,4.263583663406064,20.016727349480238,6.25,2.3538461538461544,143.58823529411762,13.714285714285715,0.07492795389048991,0.19387755102040816,0.03629764065335754,2.6,66.43181818181819,8.80032336297494,57.53146853146853,8.18307426597582
2019-03-22,0.0,141.27959979736576,12.591583639345236,31.94328167438888,1.25,3.161290322580645,73.6111111111111,16.444444444444443,0.02017291066282421,0.16326530612244894,0.02722323049001815,16.714285714285715,50.154761904761905,28.90553745928339,21.440559440559444,12.126760563380284
2019-03-23,72.93196967230692,51.0,6.412279079593577,23.866731047802997,10.75,2.9841269841269837,37.142857142857146,14.545454545454545,0.12103746397694524,0.1414141414141414,0.1560798548094374,10.125,53.364864864864856,22.23913043478261,9.965034965034963,10.181657848324514
2019-03-24,72.93196967230692,141.27959979736576,4.132714350071599,12.190626188019333,132.9230769230769,0.6140350877192983,9.909090909090908,22.63636363636364,14.161383285302591,1.7551020408163265,5.869328493647911,5.0,49.4,5.9367396593673964,13.683098591549294,7.141323792486582
2019-03-25,72.93196967230692,141.27959979736576,10.621443115443963,17.3575179509163,127.38095238095238,0.0,164.92857142857142,103.08333333333331,7.956772334293947,2.9795918367346936,26.41923774954628,19.75,27.26984126984127,6.546266233766234,9.711267605633802,11.22887323943662
2019-03-26,72.93196967230692,5.0,10.655875564509234,18.17489539748954,83.16666666666667,0.0,93.375,129.1578947368421,0.92507204610951,2.8282828282828283,6.161524500907442,9.071428571428571,19.237288135593218,8.378607809847198,34.866197183098585,12.965217391304348
2019-03-27,72.93196967230692,141.27959979736576,4.087279378036993,7.865056515248454,40.352941176470594,0.19402985074626866,155.9375,28.4,0.5763688760806917,2.1515151515151514,5.221415607985482,21.35,37.738461538461536,3.169765561843169,6.028169014084507,7.1005291005291005
2019-03-28,72.93196967230692,19.33333333333333,9.707887274020583,10.19240990751568,45.444444444444436,0.05084745762711865,71.9375,3.35,0.1642651296829971,0.5612244897959183,3.446460980036297,9.777777777777779,52.693548387096776,3.555649241146712,31.106382978723406,5.1234782608695655
2019-03-29,72.93196967230692,146.33333333333334,4.6795241447000615,17.652210393832927,27.5,0.0,150.6315789473684,12.3,0.011527377521613832,2.357142857142857,0.0,1.6666666666666667,46.59154929577465,7.193548387096773,6.943661971830987,5.534843205574913
2019-03-30,13.0,26.5,8.849642011908326,32.96501285897985,42.45454545454545,0.0,53.0,9.6,0.5936599423631124,10.123711340206183,0.003636363636363637,0.0,29.78688524590164,35.682421227197345,21.83098591549296,6.209964412811388
2019-03-31,0.0,35.5,5.650698049783277,27.306979549317397,115.58333333333331,0.0,34.166666666666664,81.93333333333334,0.06628242074927954,35.422680412371136,0.26,0.0,68.1,30.98779495524817,37.02816901408449,8.155635062611807
2019-04-01,205.0,52.0,3.456314414673256,9.246654630416312,53.0,4.379310344827586,24.272727272727273,90.8695652173913,0.002881844380403458,15.203389830508476,0.0,0.0,31.859375,12.862794612794614,19.00704225352113,6.120921305182343
2019-04-02,114.4,421.66666666666674,9.79510288613613,13.351910415262587,52.1875,0.4117647058823529,54.58333333333334,114.5,40.89625360230547,14.807909604519773,8.477313974591652,0.0,56.95945945945946,7.626294820717131,17.323943661971832,3.9922178988326853
2019-04-03,123.0,119.0,15.732014483778709,18.18596509293106,82.41666666666667,0.7164179104477612,201.16666666666663,28.42857142857143,15.268011527377519,12.97752808988764,34.990925589836664,3.75,51.225,29.02202989771833,8.267605633802816,4.922779922779923
2019-04-04,5.7857142857142865,51.0,18.22801057000581,18.317832612566775,38.214285714285715,1.144927536231884,204.0,28.210526315789476,10.775216138328528,16.393258426966288,16.4519056261343,0.0,32.45454545454545,26.64513618677043,7.077464788732394,6.161596958174906
2019-04-05,319.1111111111111,141.27959979736576,22.131560361165594,37.10598983729405,36.06666666666667,0.19696969696969696,200.6,97.70833333333331,0.7838616714697406,31.859550561797754,1.7223230490018149,0.0,26.13333333333333,14.340408805031444,24.183098591549296,6.600798403193612
2019-04-06,62.0,371.0,15.35561295817347,34.23024580651968,13.0,0.6119402985074627,74.15384615384616,13.857142857142858,0.1729106628242075,22.089887640449444,0.0925589836660617,0.0,26.882352941176467,21.937201907790147,12.845070422535212,6.590099009900991
2019-04-07,0.5555555555555556,23.0,13.709091949099445,53.28569194683347,91.875,7.403508771929824,118.0,33.0,0.4421965317919075,36.555555555555564,9.316363636363636,2.5,17.368421052631582,22.507086614173232,2.626760563380281,8.499021526418787
2019-04-08,1.5,99.0,18.444902852687612,57.687202319320775,45.35714285714285,7.741935483870968,174.86666666666667,21.75,4.988439306358382,28.565656565656568,5.103825136612022,5.0,37.01010101010101,29.823064770932067,34.767605633802816,5.145669291338582
2019-04-09,0.0,141.27959979736576,29.629087025213142,47.22804778435778,6.2142857142857135,10.634920634920633,129.64705882352942,74.4,0.07492795389048991,31.367346938775512,21.38433515482696,34.625,59.153846153846146,22.469356089992235,6.415492957746478,6.974257425742573
2019-04-10,72.93196967230692,399.0,24.51671447217412,21.95068097399917,25.5,20.17391304347826,199.72222222222226,4.6,0.002881844380403458,9.857142857142858,6.298724954462659,1.0,57.0609756097561,13.330508474576273,214.66906474820144,7.386904761904763
2019-04-11,146.0,245.5,20.321433304538143,26.523883374689827,62.33333333333334,0.0,77.83333333333333,65.125,0.005763688760806916,3.7142857142857135,0.3909090909090909,57.846153846153854,59.47435897435897,9.576461168935149,36.385714285714286,8.689161554192227
2019-04-12,17.0,141.27959979736576,11.526531989141693,28.237083811710683,90.4,0.0,90.61111111111113,11.0,1.2363112391930835,0.1134020618556701,3.098181818181818,69.8,39.84722222222222,12.532232704402515,12.338461538461539,8.967145790554413
2019-04-13,0.0,53.25,12.520600556348684,45.90232558139535,21.2,0.5671641791044776,18.25,35.75,5.812680115273775,0.17346938775510204,10.127272727272727,29.285714285714285,67.73333333333333,16.84770784770785,0.4577464788732394,9.794715447154474
2019-04-14,20.0,180.2,14.72962173038839,77.55607009419565,65.0,0.0,196.58333333333331,184.0,0.04610951008645533,1.806122448979592,5.401818181818181,63.125,40.87837837837838,34.283268482490264,46.15492957746479,10.0659793814433
2019-04-15,52.0,141.27959979736576,13.39808284701955,56.414102698729394,49.18181818181818,0.0,102.94117647058823,71.14285714285714,0.0,25.714285714285715,0.003636363636363637,155.45454545454547,56.4102564102564,53.98073959938367,94.76760563380282,10.396378269617706
2019-04-16,80.71428571428571,141.27959979736576,11.736084319938783,12.410906456953642,42.45454545454545,0.0,97.41176470588236,125.92857142857143,0.14985590778097982,3.0505050505050506,5.869090909090909,50.8,57.3968253968254,24.82769472856019,13.202797202797205,11.52304609218437
2019-04-17,2.1666666666666665,141.27959979736576,4.372882412476076,10.23058751027116,40.09090909090909,0.0,96.7894736842105,20.176470588235293,0.2507204610951009,32.44897959183673,0.4781818181818182,38.36,32.46875,21.67776917118513,20.43661971830986,5.08659793814433
2019-04-18,0.0,141.27959979736576,8.701091812210185,58.0869630071599,2.0,0.5076923076923077,48.0,19.0,0.0,80.07142857142857,0.0,2.6666666666666665,70.98113207547169,42.27033307513555,4.223776223776223,11.849898580121705
2019-04-19,72.93196967230692,269.0,5.276995875115707,55.98110472640679,15.357142857142858,0.38333333333333336,73.45454545454545,15.25,0.0,79.81632653061223,0.0,23.66666666666667,86.22727272727273,73.08153846153846,7.482517482517482,7.151020408163265
2019-04-20,41.0,450.0,7.136036740882132,76.69799116533446,25.42857142857143,0.6206896551724138,19.0,134.6,0.0,44.080808080808076,0.0,29.66666666666667,72.31521739130434,41.79363847944143,15.322916666666664,5.045833333333333
2019-04-21,252.66666666666663,141.27959979736576,3.887581422185413,19.86071198799056,61.42857142857143,0.0,111.84615384615385,123.66666666666669,0.0,26.917525773195877,0.0,0.0,63.71590909090909,31.01771956856703,2.8181818181818183,4.45398773006135
2019-04-22,297.0,71.0,4.517458081113283,13.485782482357823,161.7407407407407,0.054545454545454536,176.0,62.38095238095239,0.0,32.59183673469388,0.0,1.25,45.34375,17.415956622773045,3.741258741258741,4.3632567849686845
2019-04-23,9.6,141.27959979736576,17.154606218282485,26.304323584570934,31.407407407407412,0.46875,64.2,73.25,0.03746397694524496,40.04081632653061,0.6109090909090911,0.0,40.649350649350644,31.71604938271605,12.867132867132867,7.464065708418891
2019-04-24,8.6,88.66666666666669,22.819147580032304,23.42165011149402,0.0,0.7846153846153846,49.9375,39.6,97.10086455331414,64.24242424242425,18.092896174863387,0.0,54.03191489361702,27.906392694063932,79.26573426573427,8.0491452991453
2019-04-25,86.375,115.75,13.711225824417266,37.27112818439143,169.0909090909091,1.75,47.53333333333333,168.0,42.0028818443804,32.78787878787879,5.4244080145719495,0.0,39.68354430379747,14.877138413685849,85.00699300699301,5.192546583850931
2019-04-26,300.8,254.5,12.673783802245751,39.385332855019726,75.05,1.6515151515151516,117.93333333333334,119.76666666666668,14.201729106628244,1.4949494949494953,49.92,0.0,52.75,55.935384615384606,43.94405594405596,5.9520833333333325
2019-04-27,193.33333333333331,59.0,15.616793083218923,39.04018183718257,64.44444444444444,2.75,69.38461538461539,82.33333333333333,36.10951008645532,0.4693877551020408,50.37636363636364,25.42857142857143,55.19417475728155,41.94871794871795,59.0,8.477272727272727
2019-04-28,208.05882352941174,282.0,30.807456649837157,17.747318678984815,84.08333333333333,0.05357142857142857,99.92857142857143,17.571428571428573,15.902017291066285,0.05154639175257732,14.583636363636366,45.92307692307693,46.439252336448604,21.917246713070377,4.986013986013987,11.581395348837207
2019-04-29,2.5,105.25,13.260413095970009,26.756005967385157,130.5625,1.0909090909090908,59.93333333333333,18.53333333333333,0.25360230547550433,0.4693877551020408,43.51272727272728,84.64285714285714,60.909909909909906,6.6439100077579525,71.0909090909091,11.85531914893617
2019-04-30,0.0,83.83333333333333,13.980343955148461,34.16128870878983,94.66666666666669,4.676470588235294,24.0,45.53846153846154,0.025936599423631124,0.4489795918367347,2.5745454545454547,27.357142857142854,50.83333333333334,11.157068062827225,210.12587412587413,10.222916666666666
2019-05-01,165.6,0.0,10.98820239277086,72.63283421938253,42.142857142857146,5.276923076923077,50.69230769230769,30.176470588235286,0.008645533141210375,4.676136363636363,0.322463768115942,95.91666666666669,27.85057471264368,32.381224489795926,90.13986013986013,12.121794871794872
2019-05-02,18.5,330.0,18.207684171507623,38.97230421094057,13.818181818181818,0.9852941176470588,29.6875,118.125,14.146974063400574,9.698863636363637,23.342391304347824,11.090909090909092,26.233766233766232,20.088074824629775,28.160839160839163,13.634199134199136
2019-05-03,10.571428571428571,99.0,18.311385795542556,44.59312946783161,102.57142857142857,17.2,81.64285714285714,1.9333333333333331,31.461095100864554,7.288135593220339,24.82246376811594,2.5,29.32758620689655,24.2243940578577,7.762237762237762,18.22736842105263
2019-05-04,81.3,81.25,31.642114857626776,57.57693296980298,88.29166666666669,4.776119402985074,16.75,63.10526315789475,22.81556195965418,38.59550561797754,38.89130434782609,29.16666666666667,55.71578947368422,9.670382165605096,4.622377622377623,9.046610169491526
2019-05-05,196.66666666666663,75.0,31.34115282098094,46.26491273769211,119.68421052631581,11.224137931034482,13.636363636363635,85.73076923076924,8.806916426512966,0.5786516853932584,4.907608695652174,46.8,93.4368932038835,4.247993579454254,1.3076923076923077,9.93952483801296
2019-05-06,171.6,119.0,22.282789103628428,35.480784789644005,50.523809523809526,36.46153846153846,43.33333333333334,68.96774193548387,13.051873198847264,7.050847457627119,5.2481884057971016,62.75,65.49019607843137,3.312750601443464,26.74647887323944,9.513215859030836
2019-05-07,78.57142857142857,141.27959979736576,18.71217256669153,29.810251886699987,42.647058823529406,1.9696969696969695,26.555555555555557,11.173913043478262,5.259365994236311,6.683673469387755,1.6297640653357532,126.84210526315788,54.87254901960785,10.938871473354233,49.02097902097902,19.1925601750547
2019-05-08,6.7142857142857135,141.27959979736576,16.543215658009906,65.16614030050722,124.08,13.840579710144928,108.86666666666666,29.34615384615385,21.760806916426514,4.6767676767676765,56.71454545454545,51.33333333333334,54.86021505376344,10.136108887109687,7.1755725190839685,17.7
2019-05-09,282.2857142857143,141.27959979736576,27.009080904671084,82.15304705826033,74.95833333333333,0.6323529411764706,35.07692307692308,104.07142857142857,52.04899135446686,31.11111111111111,34.627272727272725,72.27272727272727,32.93670886075949,18.62569389373513,22.244755244755243,10.09070796460177
2019-05-10,411.6363636363636,141.27959979736576,26.370924069976972,49.826048038191864,70.75,1.1384615384615384,162.28571428571428,185.11428571428573,7.8760806916426525,3.1616161616161618,37.366120218579226,6.428571428571429,15.957746478873242,43.212451361867714,5.643356643356642,10.341573033707864
2019-05-11,436.8235294117647,170.0,33.49206133686727,37.59298623947422,63.526315789473685,4.0151515151515165,98.15384615384615,52.481481481481474,1.0,0.8673469387755102,78.01636363636364,22.83333333333333,21.603773584905664,16.996827914353688,8.97841726618705,12.848552338530064
2019-05-12,158.11111111111111,141.27959979736576,28.145446975799967,57.60069990363645,87.64516129032258,11.56896551724138,82.23076923076924,16.733333333333334,0.446685878962536,0.11224489795918367,8.86,20.4,78.11578947368422,8.886895475819033,1.6503496503496504,7.7963800904977365
2019-05-13,53.6875,8.0,28.04744305579252,34.84292869313781,91.32352941176471,7.828125,75.78571428571429,21.25,0.008645533141210375,0.0,0.22181818181818186,7.0,43.44318181818182,20.669614147909968,4.6231884057971016,7.300448430493272
2019-05-14,0.0,141.27959979736576,11.426464608586059,25.48219067347042,117.34146341463415,0.08955223880597014,24.0,2.5,0.002881844380403458,0.0,3.352727272727273,25.0,33.213483146067425,24.405877680698968,48.790209790209786,15.088888888888887
2019-05-15,0.0,119.0,25.175351346408924,11.477245084127304,65.58974358974359,21.914285714285718,126.64285714285714,0.0,0.002881844380403458,0.08080808080808081,8.372727272727273,41.8,56.111111111111114,27.703163017031628,24.72727272727273,15.659090909090908
2019-05-16,72.93196967230692,259.0,21.180269208029163,20.445211038961038,90.47058823529413,13.462686567164178,138.9375,3.0,1.5331412103746398,40.27272727272727,23.865209471766853,95.53846153846152,60.6829268292683,21.557010785824342,7.755244755244755,19.234234234234236
2019-05-17,72.93196967230692,150.0,10.068141416107752,31.67159957573615,20.428571428571427,14.537313432835822,38.1875,24.25,4.282420749279538,26.59595959595959,6.038181818181817,3.6,55.319587628865975,20.114715189873422,11.921985815602836,16.194690265486727
2019-05-18,72.93196967230692,141.27959979736576,14.6349903794405,37.61335031847135,37.0625,6.7384615384615385,108.2,15.777777777777779,3.1786743515850144,26.329896907216487,16.77777777777778,156.88888888888889,74.38461538461539,18.928341384863124,47.71126760563379,15.189427312775333
2019-05-19,51.66666666666666,141.27959979736576,22.99329223087676,71.08265712413689,123.45454545454544,6.111111111111112,86.35714285714286,33.75,32.227665706051866,16.36082474226804,39.62841530054646,75.625,107.61682242990656,14.951239008792966,47.0979020979021,16.36179775280899
2019-05-20,25.09090909090909,69.0,26.685187787819228,40.51633357005174,63.1875,25.70491803278689,87.64285714285714,61.7,0.446685878962536,3.1122448979591835,204.03290676416822,3.75,53.18811881188119,30.29522317932655,78.27972027972028,29.056818181818183
2019-05-21,91.45454545454544,141.27959979736576,18.41573626549185,85.2601728049428,121.92857142857143,2.6911764705882355,79.76923076923076,98.80645161290323,1.1556195965417868,2.9090909090909087,96.23217550274224,57.83333333333334,19.91764705882353,24.27208201892745,370.83916083916085,25.009070294784586
2019-05-22,209.25,170.0,17.65425401951958,62.353072192901756,117.52777777777777,10.271428571428572,44.4375,41.1875,0.002881844380403458,0.9897959183673468,6.032786885245901,80.41176470588233,27.19178082191781,18.560378847671664,20.02097902097902,16.525114155251142
2019-05-23,53.235294117647065,10.0,15.294747686371306,28.315781593132357,125.35714285714286,7.216666666666668,59.8,26.54545454545455,0.002881844380403458,13.050505050505052,0.0,19.285714285714285,44.09230769230769,17.045524691358025,0.0,20.620437956204377
2019-05-24,144.77777777777774,0.0,13.86675627487284,43.443977660257985,63.235294117647065,13.971428571428573,25.23076923076923,168.0,2.4668587896253604,21.051020408163268,0.7959927140255009,46.75,65.37037037037037,29.107668474051124,0.0,14.769751693002258
2019-05-25,0.5555555555555556,749.0,12.805108262960815,28.381957267211817,73.1111111111111,7.323076923076923,27.142857142857146,1.25,0.4726224783861672,3.091836734693877,12.817850637522767,77.42857142857143,95.0108695652174,44.84336419753087,0.037037037037037035,15.418141592920351
2019-05-26,0.0,141.27959979736576,20.683194249743813,38.343241698279904,82.07142857142857,1.5166666666666666,14.727272727272727,0.0,66.68011527377521,1.3333333333333333,16.996357012750455,46.4,147.01538461538462,28.463190184049076,0.0,23.058956916099767
2019-05-27,10.0,10.0,32.16849346602315,43.35469177042211,97.85185185185185,0.71875,29.72727272727273,20.33333333333333,37.858789625360224,3.0303030303030303,36.65328467153285,0.0,113.4959349593496,11.685402029664324,12.584507042253524,37.9424778761062
2019-05-28,125.57142857142857,0.0,43.48518347048158,49.36774193548386,88.34146341463415,4.4,92.0,41.3,27.44380403458213,3.2424242424242418,45.13321167883212,41.285714285714285,69.94214876033058,15.11904761904762,79.42657342657344,27.273755656108605
2019-05-29,46.07142857142857,23.0,48.773912920750426,50.39545610677658,86.16666666666669,14.292307692307695,21.846153846153847,2.375,4.066282420749278,0.4489795918367347,8.776363636363635,9.666666666666666,46.53465346534654,8.382488479262673,94.41258741258741,23.34318181818182
2019-05-30,24.538461538461537,29.0,35.67831090143361,45.556722480927384,97.92307692307692,8.848484848484848,21.0,25.91304347826087,2.85014409221902,0.0,2.5618181818181816,30.42857142857143,54.22222222222222,8.385392385392388,9.671328671328672,20.848552338530066
2019-05-31,66.8,141.27959979736576,13.775416885502894,23.619453751649914,74.26829268292683,19.6984126984127,91.6153846153846,7.125,0.04322766570605188,0.051020408163265314,1.7618181818181815,24.375,47.839285714285715,8.685375494071145,15.230769230769232,17.968036529680365
2019-06-01,4.714285714285714,135.16666666666666,11.060760139631302,17.313489034752966,69.53846153846153,57.48333333333333,25.72727272727273,12.407407407407408,0.008645533141210375,0.011299435028248588,0.10909090909090907,59.6,63.01020408163265,10.643017176997759,16.433566433566433,24.215777262180968
2019-06-02,26.142857142857146,38.0,9.437793887639383,24.96762717893988,88.42857142857143,57.3448275862069,38.583333333333336,15.944444444444445,12.619596541786745,1.3409090909090908,2.645454545454545,18.2,74.50561797752809,38.355587808418,32.45454545454545,19.99295774647887
2019-06-03,88.8,24.4,18.87125221967126,17.088230842960197,73.6969696969697,68.0,11.272727272727273,3.333333333333333,0.5965417867435159,17.836158192090394,27.023809523809533,17.2,44.09638554216868,25.3635687732342,19.183098591549296,19.200934579439245
2019-06-04,2.5,0.0,14.838648217779005,16.811156246903792,69.57692307692308,68.78571428571429,54.07692307692307,20.33333333333333,71.77521613832853,28.567415730337075,3.493624772313297,105.0,56.13,18.05443698732289,24.725352112676052,16.528735632183906
2019-06-05,0.0,460.0,27.61176206951431,38.25968992248062,91.71428571428572,30.08771929824561,12.375,135.16666666666666,171.30547550432277,7.112994350282487,15.70127504553734,95.58333333333331,103.04347826086956,18.892193308550187,32.361702127659576,11.651764705882352
2019-06-06,72.93196967230692,116.25,29.471982663418906,59.54411051866214,101.85714285714286,34.59016393442623,25.13333333333333,111.28571428571428,7.219020172910661,14.97191011235955,26.425182481751822,82.1111111111111,88.3913043478261,35.688489208633094,10.852112676056338,13.756944444444445
2019-06-07,72.93196967230692,10.0,18.899079748243487,44.0318147871546,85.56756756756756,21.25,46.384615384615394,17.75,27.997118155619603,2.653061224489796,26.79341864716636,145.125,63.38317757009346,41.39413919413919,207.46153846153842,14.037209302325582
2019-06-08,72.93196967230692,121.0,15.877715305720104,51.83953273901015,115.0,13.18032786885246,23.9,16.333333333333332,31.449567723342945,0.9690721649484536,2.7413479052823315,30.83333333333333,85.1,15.389012620638454,85.33802816901408,16.01658767772512
2019-06-09,72.93196967230692,95.0,9.096689902128656,58.97733568370688,91.16666666666669,23.385964912280702,31.72727272727273,33.77777777777778,2.8299711815561963,1.1938775510204085,7.3642987249544625,43.2,94.11818181818182,14.680382072005877,35.83098591549296,20.19664268585132
2019-06-10,72.93196967230692,146.0,15.747836030256567,52.054198778901004,36.857142857142854,41.482142857142854,23.181818181818183,15.428571428571427,70.507204610951,9.540816326530612,91.08957952468008,0.0,63.87037037037037,30.901262063845586,143.32394366197184,23.294117647058826
2019-06-11,72.93196967230692,650.0,30.453322350204648,40.0475129918337,89.86206896551724,30.625,67.25,38.1,33.126801152737755,16.20408163265306,52.058500914076774,0.0,78.48148148148148,34.893586005830905,52.10489510489511,20.144208037825056
2019-06-12,72.93196967230692,150.85714285714286,31.154743110901872,25.33867400599597,55.806451612903224,19.193548387096776,56.5,74.78571428571429,110.36599423631122,3.0102040816326534,57.47619047619048,0.0,82.57758620689657,19.447014925373136,30.176056338028175,20.778037383177573
2019-06-13,72.93196967230692,414.6,34.90623018802738,39.302766010465994,76.29032258064517,34.224137931034484,69.58333333333333,24.66666666666667,39.10086455331412,3.6868686868686873,7.236697247706423,61.0,83.11764705882355,32.084002921840764,3.5034965034965038,31.34916864608076
2019-06-14,72.93196967230692,90.33333333333331,27.006712780333835,27.58499226662675,69.03448275862068,43.360655737704924,60.69230769230769,67.76190476190476,133.35734870317006,3.1616161616161618,11.291970802919707,0.0,71.8740157480315,41.15022091310751,70.5804195804196,19.73985680190931
2019-06-15,72.93196967230692,89.0,17.97668471291421,19.130773568462605,114.27272727272728,21.728813559322035,24.63636363636364,20.90625,23.164265129683,0.4795918367346938,57.707495429616095,0.0,48.6015625,31.29402872260015,251.74125874125875,18.902325581395353
2019-06-16,72.93196967230692,0.0,19.83586214863295,51.68878648233487,75.46341463414635,13.596153846153848,53.9,124.48571428571428,3.1556195965417873,0.0,10.846435100548446,0.0,77.10714285714286,18.73431734317343,153.30769230769232,14.965986394557824
2019-06-17,1.5,56.66666666666666,23.287946772452035,54.74760670123654,125.175,49.096153846153854,48.153846153846146,75.06451612903227,0.12680115273775214,1.9897959183673468,0.01824817518248175,40.6,57.512195121951216,18.23887240356083,24.809859154929576,14.598086124401913
2019-06-18,0.75,130.0,10.77158201670549,48.24304474708171,100.34210526315788,12.0,53.846153846153854,166.7,19.213256484149856,2.897959183673469,5.332116788321168,0.0,46.94262295081968,9.526315789473683,15.683098591549294,13.54942528735632
2019-06-19,17.25,295.0,15.918590992368578,59.258808177468474,44.83333333333334,32.403846153846146,55.45454545454545,33.8,64.70028818443804,1.855670103092784,38.9302752293578,0.0,58.5390625,30.31865671641791,40.619718309859145,18.799511002444987
2019-06-20,21.8,70.0,24.12423253595265,57.40009832841691,18.52173913043478,16.0,2.5,0.0,10.714697406340056,18.60204081632653,45.61325966850829,0.0,73.67796610169492,41.98672566371681,26.13380281690141,13.846511627906976
2019-06-21,0.0,89.0,15.969778737861668,49.74687747819191,76.07142857142857,26.277777777777782,70.08333333333333,4.333333333333333,1.596541786743516,2.1111111111111107,10.853211009174313,7.5,75.27586206896551,70.87113030957524,21.482517482517487,14.865882352941178
2019-06-22,72.93196967230692,128.66666666666666,32.112921839800904,44.013750568727566,81.91666666666667,24.92727272727273,38.3,63.6,0.0,4.204081632653061,41.52660550458715,16.714285714285715,112.01769911504424,55.10680321872714,72.51063829787235,20.318501170960182
2019-06-23,72.93196967230692,141.27959979736576,31.6694536542705,53.376235128050006,131.22727272727272,62.679245283018865,84.33333333333333,34.142857142857146,0.0,6.591836734693878,1.6672760511882998,76.5,76.75,17.599408721359943,50.34507042253521,22.36320754716981
2019-06-24,72.93196967230692,141.27959979736576,22.02896916519944,54.186239084613064,133.58064516129033,37.17307692307692,23.75,4.666666666666667,0.011527377521613832,7.2857142857142865,0.0018281535648994515,22.75,82.57723577235772,22.56610664718773,97.35211267605635,30.482185273159146
2019-06-25,72.93196967230692,141.27959979736576,9.532909994713304,38.628555825845204,70.1842105263158,53.56363636363636,26.9,20.736842105263158,0.0,2.8969072164948453,0.0,6.666666666666668,70.71304347826089,33.437546193643755,22.034965034965033,33.783599088838265
2019-06-26,69.5,259.0,7.7517222805887025,22.159885616816336,85.9375,28.873015873015877,74.6,11.2,0.0,0.28125,0.0,0.0,69.07207207207206,20.544703230653642,54.52447552447553,30.465116279069772
2019-06-27,0.21428571428571427,160.0,8.709936016937041,19.998888888888892,67.97368421052633,39.70967741935485,15.272727272727273,21.11111111111111,0.002881844380403458,0.0,0.0036496350364963507,5.0,82.76377952755905,39.356600910470405,137.8985507246377,26.701631701631698
2019-06-28,3.0,83.0,6.0609942206527805,25.24525332521068,82.65625,14.216666666666667,5.5555555555555545,26.555555555555557,0.0,0.0,0.0018248175182481753,32.333333333333336,92.73282442748092,36.353676470588226,156.7659574468085,29.941724941724946
2019-06-29,0.0,141.27959979736576,4.193271415466974,17.031859149025358,64.8,14.649122807017546,30.125,55.33333333333334,0.0,0.042105263157894736,0.0,7.125,86.02439024390246,35.01033210332103,71.83916083916084,24.84633027522936
2019-06-30,72.93196967230692,10.0,3.0794121275802953,27.973832067422748,107.5,34.384615384615394,47.2,12.785714285714285,0.0,0.8842105263157894,0.4470802919708029,0.0,69.37719298245614,19.36056971514243,198.28873239436618,27.896551724137932
2019-07-01,42.72727272727273,10.0,8.129336266538546,29.32295172552368,51.32352941176471,35.517857142857146,28.2,2.1333333333333333,0.5389048991354467,2.659090909090909,18.671559633027524,0.0,56.980769230769226,28.22438294689604,174.47552447552448,20.947990543735227
2019-07-02,8.363636363636363,130.0,17.115297272626602,19.46683180579639,121.9,24.9344262295082,17.454545454545453,10.6,0.34870317002881845,7.5568181818181825,0.5722120658135283,1.0,98.76923076923076,18.199404761904766,102.42253521126759,26.26388888888889
2019-07-03,20.285714285714285,0.0,18.600714141675898,29.017889885524554,139.56756756756758,35.88333333333333,16.083333333333332,29.222222222222218,0.005763688760806916,17.295454545454547,0.45802919708029205,50.4,83.19827586206897,16.296566837107378,124.62676056338027,28.465168539325838
2019-07-04,7.416666666666668,134.66666666666666,17.217296051772074,35.32918655428049,61.83333333333334,9.983333333333333,54.1,16.666666666666668,0.0,3.1129943502824857,2.640510948905109,0.0,86.01626016260163,17.19606413994169,210.4468085106383,27.86167800453515
2019-07-05,17.75,5.0,23.091745532460234,40.72222222222222,65.12121212121212,12.366666666666667,20.727272727272727,1.6,0.0,0.005747126436781609,2.0128205128205128,0.0,90.93430656934306,21.450892857142858,43.95774647887324,28.456470588235288
2019-07-06,0.0,141.27959979736576,13.480503778152999,44.58720545574839,35.31034482758621,12.5,3.75,3.2,22.26224783861672,1.2857142857142858,25.411334552102375,25.57142857142857,103.8923076923077,31.030483271375466,93.65034965034964,23.093457943925234
2019-07-07,72.93196967230692,141.27959979736576,26.443583532487384,39.04325268402938,21.56,10.418181818181818,0.3333333333333333,0.0,4.654178674351585,8.514285714285714,18.007312614259593,65.3,90.796992481203,30.512481644640236,37.14685314685315,19.430555555555557
2019-07-08,72.93196967230692,141.27959979736576,33.01917620728644,28.3526008627252,56.67857142857143,17.98148148148148,36.3,1.6666666666666667,3.0634005763688767,42.88,3.7828467153284673,106.47058823529413,85.22480620155041,15.085629188384216,25.111888111888113,24.87645687645688
2019-07-09,72.93196967230692,100.0,21.274285545681163,40.974091487902825,37.074074074074076,39.98275862068965,60.5,18.0,0.4927953890489914,67.30113636363636,0.958029197080292,7.5,110.0,26.873260073260074,63.02097902097902,34.386946386946384
2019-07-10,72.93196967230692,447.0,17.509574101775467,23.39618126526746,39.31818181818182,28.67241379310345,30.642857142857146,235.66666666666663,34.481268011527376,0.27011494252873564,4.649635036496352,35.9,77.2720588235294,52.05676855895197,59.769230769230774,25.68065268065268
2019-07-11,72.93196967230692,0.0,12.692420760693011,22.977445489097818,36.39130434782609,33.85,61.16666666666666,22.375,33.52737752161384,0.005780346820809247,55.391941391941394,14.75,72.18181818181819,29.58732498157701,111.22377622377623,19.08584686774942
2019-07-12,72.93196967230692,99.0,16.066899509062196,45.929837816057216,73.05,53.087719298245624,12.636363636363635,328.9166666666667,75.51873198847262,0.11299435028248588,95.80147058823529,32.333333333333336,136.6341463414634,16.64784546805349,74.95081967213116,24.988452655889144
2019-07-13,72.93196967230692,239.0,21.626942564145057,17.036800581334994,99.83333333333331,27.76086956521739,33.888888888888886,9.666666666666666,9.893371757925072,8.394285714285715,35.243589743589745,66.6,104.76978417266187,27.76219054763691,107.01438848920864,21.39622641509434
2019-07-14,57.14285714285714,141.27959979736576,20.67568370817172,25.874851933872375,61.80952380952381,24.450980392156858,63.22222222222222,17.8,1.3198847262247841,15.725714285714286,10.904936014625228,22.16666666666667,86.55,31.137168141592923,213.87769784172662,19.226730310262532
2019-07-15,46.46153846153846,141.27959979736576,12.057091176972154,29.547469317374983,110.3913043478261,29.15686274509804,28.4,7.0,0.1585014409221902,0.02824858757062147,0.8123861566484517,25.33333333333333,67.44347826086957,23.800298062593146,38.78321678321678,26.93317422434368
2019-07-16,120.15384615384615,41.0,19.393239805478,33.337972363924514,112.95454545454544,20.203703703703702,0.0,7.428571428571429,0.09221902017291066,1.3426966292134832,0.15272727272727274,77.28571428571429,72.80991735537191,36.291420118343204,47.014705882352935,30.078947368421048
2019-07-17,0.0,0.0,13.529495356455735,33.30228278708908,143.33333333333334,34.322033898305094,81.28571428571429,71.57142857142857,0.002881844380403458,21.3876404494382,0.16,24.181818181818183,58.52173913043478,45.2949376375642,31.877697841726622,34.59345794392523
2019-07-18,72.93196967230692,141.27959979736576,14.861229965919689,45.29625774473358,316.22222222222223,22.950819672131143,31.57142857142857,71.875,21.400576368876077,2.207865168539326,5.290909090909091,5.6,59.49557522123894,41.775735294117645,162.11347517730496,40.31850117096019
2019-07-19,139.92857142857142,87.5,7.120519260380147,25.301380290266923,230.58823529411762,109.1206896551724,32.63636363636363,48.153846153846146,14.855907780979829,0.05056179775280899,6.392014519056263,0.0,73.75,29.198042168674696,264.59859154929575,34.185011709601866
2019-07-20,25.266666666666666,141.27959979736576,10.544338264761397,20.89610457244037,74.75,23.31111111111111,40.1,0.0,70.51585014409221,0.5340909090909091,60.53734061930784,5.0,71.32478632478633,27.513574660633484,109.9568345323741,32.65446224256293
2019-07-21,0.0,157.66666666666666,15.206145495231183,42.43575676784249,93.17142857142859,30.26086956521739,21.1,70.0,0.3602305475504323,2.471590909090909,11.738181818181818,52.75,104.17886178861788,21.26311899482631,104.65467625899281,35.364896073903004
2019-07-22,72.93196967230692,140.0,22.726837954898482,43.10682176055264,59.20588235294117,30.951219512195124,32.09090909090909,29.0,0.002881844380403458,1.5932203389830508,2.3618181818181814,21.88888888888889,94.95522388059702,14.037721893491126,89.92307692307692,44.28538812785388
2019-07-23,102.6,91.5,4.978078333471545,63.47342036035142,85.37142857142857,22.06521739130435,50.4,38.6,0.0,3.5909090909090913,0.0,34.333333333333336,81.86301369863014,15.849366144668156,80.34532374100718,26.73621103117506
2019-07-24,101.33333333333331,66.0,5.190093195522496,36.07227101631117,133.9230769230769,40.96296296296296,10.111111111111109,87.5,0.0,0.6931818181818182,0.0054446460980036296,5.0,64.59055118110236,25.81286982248521,36.31468531468531,23.953488372093023
2019-07-25,76.25,26.5,7.367240026814156,11.089208339705358,87.84210526315788,44.8695652173913,41.25,170.3684210526316,0.7694524495677233,8.5,0.0,8.25,54.714285714285715,14.416479400749063,13.34965034965035,36.248291571753995
2019-07-26,106.30769230769229,0.0,8.141586386951937,11.96065573770492,62.868421052631575,54.96296296296296,78.3,99.4761904761905,18.05763688760807,15.028409090909092,15.08529945553539,116.83333333333331,38.81521739130435,13.979591836734693,34.12587412587413,21.89671361502348
2019-07-27,0.0,51.0,36.13391058706613,10.409259938197245,47.12820512820514,12.172413793103447,22.555555555555557,5.066666666666666,59.29106628242075,80.62857142857143,51.56204379562044,0.0,59.1195652173913,19.410687022900763,101.58450704225352,21.66820276497696
2019-07-28,0.0,141.27959979736576,49.590161565893474,10.003079010541695,33.8125,38.224489795918366,48.0,0.5,8.720461095100863,3.5485714285714285,64.18131868131869,0.0,89.09278350515464,26.61172161172161,78.5804195804196,32.92183908045977
2019-07-29,72.93196967230692,141.27959979736576,31.35212084650892,24.533703571610538,63.55172413793103,28.21818181818182,9.3,17.777777777777782,0.002881844380403458,0.9261363636363636,13.54280510018215,0.0,132.9,19.256975036710717,18.888111888111887,31.86405529953917
2019-07-30,21.0,5.0,16.818595191725688,19.805314230554284,58.56,19.181818181818183,31.2,38.583333333333336,2.6570605187319885,0.8636363636363636,24.66,89.2857142857143,126.13934426229507,30.18334550766983,8.022556390977444,31.72599531615925
2019-07-31,0.0,141.27959979736576,15.484854061870825,18.554502852485736,98.4864864864865,27.61111111111111,8.1,51.769230769230774,69.16138328530259,4.7848837209302335,35.74727272727272,1.3333333333333333,92.41509433962266,13.583579881656805,10.125874125874127,32.95622119815668
2019-08-01,72.93196967230692,141.27959979736576,12.729549848864766,24.87412028949339,89.8048780487805,20.816666666666666,15.857142857142858,71.4,30.319884726224785,1.9715909090909087,2.803992740471869,0.0,123.7207207207207,21.369728915662648,7.0,29.722863741339488
2019-08-02,65.3,141.27959979736576,26.305819725569023,35.10861460456331,57.82051282051282,17.533333333333335,80.375,12.928571428571427,61.43227665706053,1.6988636363636365,41.2109090909091,24.4,152.35593220338984,12.213240954580446,18.027972027972027,19.86078886310905
2019-08-03,0.8,141.27959979736576,21.571175021834847,30.364925755248336,39.611111111111114,22.51851851851852,23.0,13.625,0.6051873198847262,0.028571428571428567,16.421818181818182,28.714285714285715,119.55263157894736,10.087801087801088,11.422535211267604,29.376443418013853
2019-08-04,0.0,141.27959979736576,16.186940590233668,21.21387134863186,116.65789473684212,31.20833333333333,12.4,0.0,1.7809798270893369,0.09714285714285714,1.5263157894736843,203.14285714285717,104.54545454545456,7.887247278382581,4.9230769230769225,30.98148148148148
2019-08-05,72.93196967230692,482.5,10.276793710973362,26.803818034118606,141.45,30.755102040816325,24.72727272727273,30.0,1.5244956772334295,0.02808988764044944,19.502722323049003,11.2,59.412698412698404,12.795871559633028,4.034965034965035,27.02702702702703
2019-08-06,72.93196967230692,2.5,30.303624213493,28.33016756998657,150.0,34.75,25.25,28.285714285714285,5.8414985590778095,1.7247191011235956,53.44727272727273,37.5,78.85344827586206,16.845166163141993,73.5104895104895,26.031674208144803
2019-08-07,72.93196967230692,3.0,15.82570114593457,31.08221084546945,73.26470588235293,55.36734693877551,79.5,0.42857142857142855,9.878962536023057,7.241573033707866,75.62727272727273,22.25,93.51470588235294,21.94162826420891,30.342657342657343,19.725173210161664
2019-08-08,72.93196967230692,62.0,26.3359704558657,48.976740755310786,38.51515151515152,55.16981132075472,20.08333333333333,65.0,10.170028818443805,5.853932584269662,4.308529945553539,51.75,75.07407407407408,27.217651458489154,28.111888111888113,21.515366430260052
2019-08-09,25.375,141.27959979736576,28.69056795916092,26.008817193527374,158.2,42.77049180327869,14.9,42.142857142857146,59.59654178674353,1.8926553672316384,55.61930783242258,23.125,104.1590909090909,27.039819684447785,124.46153846153848,34.10648148148148
2019-08-10,32.0,141.27959979736576,16.62499511761986,22.821600327432726,143.15555555555557,22.396226415094336,4.4444444444444455,28.5,4.086455331412104,4.073863636363637,12.395644283121594,5.0,129.67164179104478,20.828615149196636,51.0703125,20.392018779342727
2019-08-11,0.375,141.27959979736576,19.352964753812664,30.959493799552757,106.3095238095238,21.285714285714285,0.0,16.076923076923073,7.795389048991353,11.875,32.46823956442831,41.125,162.14414414414415,26.47822822822823,6.440559440559441,33.192219679633865
2019-08-12,0.0,13.0,21.21923457602222,33.44287586971866,54.30769230769231,23.18367346938776,8.5,16.0,110.86743515850144,34.740112994350284,45.35208711433757,0.0,61.283018867924525,27.07257448433919,14.307692307692307,23.338747099767986
2019-08-13,41.66666666666666,20.5,32.71994636960363,28.219106749449228,61.475,17.263157894736842,26.66666666666667,4.125,55.26801152737752,0.6123595505617978,16.107272727272726,116.25,96.70833333333331,21.615271659324524,16.748251748251747,21.885057471264368
2019-08-14,0.0,71.0,35.064712229375985,38.3419666157861,76.3170731707317,35.85,42.22222222222222,0.6,81.81556195965419,1.2247191011235956,9.274545454545457,157.125,73.84210526315789,9.019652305366591,97.63636363636364,21.48267898383372
2019-08-15,72.93196967230692,10.0,26.03116950344702,24.37068361525373,38.131578947368425,22.30909090909091,56.18181818181818,0.0,35.05763688760807,5.363636363636363,37.31454545454545,61.0,81.67676767676768,10.73439878234399,156.09859154929578,24.267139479905442
2019-08-16,72.93196967230692,141.27959979736576,14.192331268556051,35.679136618589745,91.94444444444444,25.30357142857143,15.5,15.0,28.440922190201732,1.2134831460674158,3.14,5.6,110.54022988505749,19.381529144587432,187.2086330935252,60.11264367816092
2019-08-17,72.93196967230692,10.0,23.43669276363863,30.477384083758825,126.05405405405405,28.45283018867925,57.88888888888889,18.5,66.28530259365995,3.931428571428572,28.62909090909091,14.111111111111109,75.36486486486487,30.584158415841586,73.61038961038959,38.6367816091954
2019-08-18,72.93196967230692,0.0,18.668473510872904,46.49847266062519,31.228571428571428,53.33333333333334,2.8571428571428568,14.75,17.262247838616716,5.148571428571429,63.786885245901644,2.6666666666666665,69.52702702702703,30.22290076335878,8.244897959183673,24.151376146788987
2019-08-19,72.93196967230692,255.0,15.917711489067191,21.63251865191664,33.1875,18.763636363636362,19.0,6.777777777777778,12.971181556195965,16.067796610169488,15.537205081669693,0.0,53.292929292929294,29.7921686746988,32.6140350877193,18.94638694638695
2019-08-20,72.93196967230692,141.27959979736576,11.397537591689202,20.273035298877314,139.24242424242425,34.355932203389834,10.2,11.666666666666664,5.945244956772335,86.92090395480227,52.58,0.0,72.58771929824562,20.20663650075415,177.58041958041957,25.45308924485126
2019-08-21,72.93196967230692,141.27959979736576,23.661087423133775,39.085052694077476,121.57142857142857,40.145161290322584,20.1,15.571428571428573,0.011527377521613832,14.8135593220339,0.4246823956442831,0.0,56.96296296296296,27.178195488721805,93.23776223776224,32.511792452830186
2019-08-22,72.93196967230692,49.5,7.7494066699034345,40.31835483711503,123.175,52.69642857142857,24.2,19.75,0.002881844380403458,1.8135593220338984,0.012704174228675136,1.0,69.36633663366337,24.334082397003748,48.266187050359704,24.815242494226325
2019-08-23,15.0,141.27959979736576,11.013799119483494,39.239048811013774,121.5,49.2037037037037,26.45454545454545,0.5,0.011527377521613832,0.0,0.009074410163339385,0.75,37.66990291262136,17.702826585179526,163.97169811320754,26.71100917431193
2019-08-24,0.0,141.27959979736576,17.20528785003015,34.961560002036556,161.1860465116279,39.5,35.555555555555564,30.0,0.0,1.568181818181818,2.1107078039927405,0.0,44.378048780487795,13.775134305448965,86.2027972027972,32.515366430260045
2019-08-25,72.93196967230692,141.27959979736576,7.783812428643722,30.24435645600864,124.23255813953487,24.14583333333333,0.625,7.5,0.002881844380403458,8.448863636363637,6.6,0.0,97.0625,17.89618320610687,38.916083916083906,23.485781990521325
2019-08-26,71.0,5.0,8.295719782565822,40.403527498221,111.67441860465117,61.98039215686275,20.5,138.8,0.29394812680115273,25.05084745762712,7.64,0.0,105.10077519379844,27.84293193717277,36.48091603053435,20.838202247191013
2019-08-27,127.63636363636364,91.5,10.075477163998372,51.64012928891099,84.52380952380952,31.70909090909091,1.6666666666666667,137.71428571428572,4.829971181556196,53.33333333333334,8.980036297640654,0.0,57.84552845528455,31.76789751318764,93.95804195804196,32.701149425287355
2019-08-28,0.0,141.27959979736576,12.121042749151801,21.754652449451765,59.5897435897436,20.660714285714285,5.0,151.2,32.31123919308357,1.9548022598870056,24.01639344262295,0.0,70.79838709677419,30.629080118694358,226.90845070422532,23.48735632183908
2019-08-29,72.93196967230692,61.0,12.993873406023784,23.35206258890469,119.43589743589745,29.27586206896552,8.6,43.625,2.847262247838617,3.3954802259887007,20.985454545454548,0.0,71.74074074074075,35.09531129900077,136.49624060150379,17.839366515837103
2019-08-30,72.93196967230692,141.27959979736576,17.546751365446312,25.61071917982033,338.6976744186046,11.85,45.2,7.25,0.02881844380403458,5.209039548022599,2.372727272727273,0.0,68.79746835443038,42.195751138088006,140.37121212121212,12.797752808988767
2019-08-31,147.42857142857142,141.27959979736576,9.704996493801156,19.507128309572305,167.75555555555556,27.945454545454545,25.375,99.11111111111113,31.648414985590783,8.392045454545455,9.706739526411658,0.0,49.54205607476636,14.31245105716523,52.87323943661972,17.50344827586207
2019-09-01,13.5,141.27959979736576,9.959067648581941,13.084441213128375,153.88888888888889,34.680851063829785,16.666666666666668,31.57142857142857,10.282420749279538,21.17514124293785,17.905454545454546,0.0,58.98019801980198,24.227342549923197,27.57692307692308,13.350114416475973
2019-09-02,5.3,13.0,31.631902789366155,21.7036444352674,201.13636363636363,31.96078431372549,112.7,1.0,3.1988472622478388,12.638418079096045,8.018181818181818,0.0,84.16346153846153,34.785606060606064,53.57342657342657,12.236111111111109
2019-09-03,0.0,36.0,14.604973071044927,29.37050433010698,185.33333333333331,25.70689655172414,17.777777777777782,11.714285714285715,0.8559077809798271,0.2655367231638418,4.355716878402904,25.4,60.14444444444445,35.14188163884673,35.92307692307692,13.733644859813086
2019-09-04,72.93196967230692,141.27959979736576,13.128971958442019,13.006917599186163,133.26315789473685,18.967741935483872,16.083333333333332,0.0,69.62536023054756,2.359550561797753,11.04007285974499,8.2,59.79569892473118,32.902567975830806,65.54545454545455,22.04597701149425
2019-09-05,72.93196967230692,141.27959979736576,14.957340547666254,15.49156773831966,102.55555555555556,39.339285714285715,12.333333333333336,0.0,15.204610951008645,5.1235955056179785,15.143897996357012,10.0,47.78651685393258,13.015777610818931,62.67088607594936,19.0
2019-09-06,0.0,141.27959979736576,20.5913462450792,30.145300015267953,29.87096774193548,46.21818181818182,25.818181818181817,20.0,52.20749279538905,8.350282485875706,13.222222222222221,44.2,47.988888888888894,8.125,57.48091603053435,18.63869463869464
2019-09-07,5.333333333333333,141.27959979736576,32.852899299848026,14.567521455899081,38.852941176470594,29.491228070175442,24.555555555555557,15.666666666666664,64.64841498559078,6.768361581920903,27.411334552102375,6.666666666666668,87.80459770114942,43.528272656855144,46.91549295774648,19.869266055045873
2019-09-08,0.0,141.27959979736576,35.7997679704874,23.310151430173864,94.4375,51.53571428571429,22.66666666666667,5.916666666666668,13.227665706051875,9.248587570621467,76.61243144424131,3.75,83.4390243902439,69.24216959511077,68.8951048951049,36.556074766355145
2019-09-09,72.93196967230692,0.0,28.681171194100756,24.025199203187253,116.85714285714286,48.91071428571429,12.9,79.52631578947368,2.0,11.169491525423727,58.57377049180328,0.0,85.86842105263158,29.002281368821286,171.30985915492957,10.974595842956118
2019-09-10,72.93196967230692,141.27959979736576,28.95088424134628,31.45132830597861,106.02941176470587,40.94827586206897,8.875,68.5,5.040345821325649,79.77966101694916,4.199637023593467,0.0,96.58974358974359,45.46004480955936,14.846715328467155,9.685649202733485
2019-09-11,72.93196967230692,141.27959979736576,23.333866320427656,31.1875,72.29729729729729,49.76666666666666,0.0,27.0,49.90201729106629,49.84269662921349,11.48820326678766,0.0,64.59322033898304,32.22222222222222,54.13286713286713,14.136890951276104
2019-09-12,111.5,0.0,8.819763946777789,49.903048839693184,68.6,26.140350877192983,7.2857142857142865,13.384615384615385,4.39193083573487,60.63483146067415,1.9709618874773138,0.0,76.27777777777777,54.36104868913858,32.82517482517483,15.1025641025641
2019-09-13,4.916666666666667,141.27959979736576,14.630708319793728,45.85381041810813,76.05882352941177,50.288135593220346,23.285714285714285,0.1875,0.5936599423631124,50.78651685393258,2.6932849364791287,0.0,93.32941176470587,44.40393343419062,41.179104477611936,33.15
2019-09-14,0.0,15.0,6.514792212477938,14.626522257345703,94.1951219512195,76.3103448275862,26.66666666666667,0.0,0.031700288184438034,21.533707865168537,0.0054446460980036296,2.5,61.467289719626166,33.399543378995425,5.299065420560748,27.680555555555557
2019-09-15,72.93196967230692,141.27959979736576,25.643147481654207,22.27511527900109,170.05263157894737,24.35294117647059,9.333333333333334,24.57142857142857,33.158501440922194,14.752808988764045,4.096363636363637,0.0,46.174757281553404,18.55598159509202,19.0,29.0
2019-09-16,72.93196967230692,141.27959979736576,10.773427837005968,13.914785553047404,96.89285714285714,23.57142857142857,1.0,19.428571428571427,6.916184971098267,3.1629213483146073,11.930909090909092,0.0,39.753246753246756,16.62878787878788,63.598591549295776,24.21867881548975
2019-09-17,72.93196967230692,20.0,15.03422760004351,11.069024673293304,65.55172413793103,26.92857142857143,73.33333333333333,16.285714285714285,1.994236311239193,16.357954545454547,9.04,23.25,47.58241758241758,22.041602465331284,14.670886075949365,19.567567567567572
2019-09-18,7.75,141.27959979736576,10.173375201325952,21.963171948208977,113.86111111111113,53.887096774193544,41.2,4.818181818181818,2.1181556195965423,18.4438202247191,1.5545454545454545,9.428571428571429,49.087912087912095,13.80963480963481,60.20253164556962,19.5041782729805
2019-09-19,0.0,141.27959979736576,8.724168310757205,21.26725888324873,199.7317073170732,62.60714285714285,20.11111111111111,18.857142857142858,0.10951008645533143,12.191011235955054,0.043557168784029036,3.333333333333333,40.493975903614455,10.922256097560975,21.111888111888113,20.59009009009009
2019-09-20,45.75,141.27959979736576,11.338989556808897,26.76577307049105,129.67441860465115,67.17647058823529,43.5,8.8,0.005763688760806916,16.136363636363637,0.10909090909090907,10.0,30.8876404494382,22.466027178257395,36.0,16.847727272727273
2019-09-21,0.0,141.27959979736576,18.704476268756743,21.525800572767512,169.0,34.5,42.5,1.5,0.0,72.55428571428571,0.0,4.5,31.32,61.09969088098918,71.6793893129771,17.88888888888889
2019-09-22,72.93196967230692,141.27959979736576,18.203550107928418,39.649378128709294,176.85,40.224489795918366,11.333333333333336,25.5,40.38904899135447,9.810344827586208,32.70856102003643,24.25,17.962264150943398,35.58787413660783,150.4230769230769,22.465478841870823
2019-09-23,72.93196967230692,141.27959979736576,21.490551486780785,29.33574044462784,51.352941176470594,12.610169491525426,58.91666666666666,10.0,3.4380403458213262,5.931428571428572,27.754990925589837,0.0,45.90625,31.013719512195124,126.58741258741259,19.091116173120728
2019-09-24,72.93196967230692,141.27959979736576,30.066396034922224,19.479967583447298,24.36666666666667,35.796875,5.2727272727272725,27.0,65.95965417867437,0.4488636363636364,24.797814207650276,0.0,53.354838709677416,29.617535903250193,41.27272727272727,14.124434389140275
2019-09-25,17.25,23.0,24.425990376567455,16.353084292158748,24.08,60.34426229508197,35.1,1.5,45.32276657060519,0.0903954802259887,34.416058394160586,32.5,18.147058823529417,35.581593194122206,2.4825174825174825,9.301552106430156
2019-09-26,13.714285714285715,51.0,27.49555154138832,11.745912143113436,48.85714285714285,31.66037735849057,39.0,20.0,100.92795389048992,0.92,47.295825771324864,58.846153846153854,17.848484848484848,44.844734819369705,3.202797202797203,10.863013698630137
2019-09-27,0.0,211.0,23.689979011196517,13.28139463128664,48.79166666666666,35.672413793103445,48.09090909090909,0.0,61.7579250720461,1.056818181818182,58.92504570383913,10.583333333333334,12.517241379310345,33.16924265842349,33.37762237762238,10.612244897959183
2019-09-28,72.93196967230692,141.27959979736576,27.212063170180592,47.943716188098215,61.941176470588225,46.192982456140356,17.125,10.0,113.27953890489914,0.23728813559322035,22.264598540145982,25.714285714285715,24.741935483870968,26.059907834101377,43.802816901408455,16.67982456140351
2019-09-29,72.93196967230692,141.27959979736576,29.22765842043837,38.62609773736956,52.5,117.2,15.125,20.25,172.87319884726227,3.0056818181818183,86.66360294117645,58.54545454545455,23.13333333333333,29.020092735703244,39.370629370629366,15.377574370709384
2019-09-30,72.93196967230692,141.27959979736576,28.21569484053682,26.489052228376213,121.07142857142857,115.85416666666669,57.1,29.0,120.01152737752163,0.8700564971751412,33.12614259597806,32.4,48.25925925925926,36.68,12.811188811188812,18.717777777777773
2019-10-01,72.93196967230692,141.27959979736576,35.109136974565075,21.627348382917226,127.93333333333334,52.05769230769231,2.2222222222222223,61.75,130.32276657060518,7.275280898876405,94.41133455210236,49.0,143.04166666666666,33.94805194805195,11.762237762237762,26.11590909090909
2019-10-02,75.0,141.27959979736576,32.82842891284717,50.88346013239799,74.0,49.31111111111111,7.2857142857142865,136.33333333333334,38.06628242074928,3.8876404494382015,49.32051282051282,22.613731889465818,40.3448275862069,32.47159940209268,33.916083916083906,19.07920792079208
2019-10-03,79.25,107.66666666666669,31.856231748935254,33.79719546883577,86.52941176470587,35.31666666666667,31.11111111111111,19.846153846153847,56.81844380403458,1.9269662921348316,10.713503649635037,55.57142857142857,45.23404255319149,29.395927601809955,55.81818181818182,17.800875273522976
2019-10-04,16.5,141.27959979736576,25.185849198693496,18.267334791677264,116.0909090909091,16.47457627118644,7.888888888888888,21.96551724137931,53.6628242074928,1.0225988700564972,91.04744525547446,66.1111111111111,57.105769230769226,12.771581359816654,166.30701754385964,21.742331288343557
2019-10-05,131.625,141.27959979736576,25.43250479688186,23.018629028073267,65.23684210526315,19.40816326530612,8.0,33.36666666666667,10.927953890489912,0.6363636363636364,23.35401459854015,148.76923076923075,47.96153846153846,15.440251572327044,35.634146341463406,24.635574837310195
2019-10-06,166.53333333333333,0.0,25.551716499703865,24.17173037703289,104.11428571428571,10.355555555555558,60.8,18.3,72.95965417867437,1.1079545454545454,60.59818181818182,31.76923076923077,52.903225806451616,21.948262548262548,22.804195804195803,21.203023758099352
2019-10-07,1.3333333333333333,141.27959979736576,18.2705188814126,41.781108744219885,42.42424242424242,35.611111111111114,42.4,16.818181818181817,53.98847262247838,0.3559322033898305,15.860254083484573,47.85714285714285,43.829787234042556,25.889751552795033,11.503496503496507,15.0929203539823
2019-10-08,0.0,0.0,30.397133628723253,30.82553452058989,68.9375,31.547169811320753,14.333333333333336,17.11111111111111,26.63400576368876,3.022598870056497,77.25771324863884,34.25,35.471910112359545,18.662307692307685,75.99300699300699,23.90811965811966
2019-10-09,0.0,61.0,38.13231975129922,12.568826118104596,91.6,56.31034482758621,60.8,9.8,97.94236311239193,1.943181818181818,67.74228675136116,3.0,42.82978723404256,4.034892942109437,26.2,17.263736263736266
2019-10-10,72.93196967230692,248.0,21.221585839989586,23.292922071289958,126.26666666666668,19.615384615384613,52.72727272727273,22.4,29.023054755043226,0.615819209039548,24.927404718693285,1.0,35.128205128205124,9.273296789350038,24.496503496503497,15.125541125541124
2019-10-11,72.93196967230692,141.27959979736576,24.973308001954134,42.59307006369427,77.92307692307692,27.72916666666667,13.583333333333336,107.375,66.2593659942363,0.1875,12.01814882032668,19.75,22.605263157894736,26.518957345971565,47.605839416058394,15.849785407725324
2019-10-12,72.93196967230692,141.27959979736576,24.957276949850435,23.243026832113692,20.08,41.28260869565217,41.25,106.66666666666669,43.63976945244957,6.350282485875706,5.573502722323049,0.0,42.730769230769226,40.494795836669326,504.0431654676259,20.391578947368426
2019-10-13,10.0,0.0,13.803359523308272,5.29983375341878,89.75862068965517,15.617021276595745,1.8571428571428568,100.63636363636364,39.36599423631124,16.26553672316384,6.892921960072595,0.0,36.31578947368421,18.603406326034058,192.35820895522392,20.19956140350877
2019-10-14,54.18181818181818,102.33333333333331,24.49326060934616,15.208331144613126,132.55172413793105,40.48,93.55555555555556,133.3,14.997118155619596,70.19209039548022,2.038181818181818,0.0,38.888888888888886,14.313990461049285,26.7972027972028,16.181818181818183
2019-10-15,61.41666666666666,141.27959979736576,23.450629769780562,10.928272689251358,37.45454545454545,14.884615384615385,15.0,45.064516129032256,28.031700288184442,13.966292134831463,74.23540145985402,1.0,53.8641975308642,27.15212169735789,21.720279720279716,13.193899782135075
2019-10-16,12.727272727272727,141.27959979736576,19.5963389941621,49.914317582640436,52.12,60.85185185185186,52.08333333333334,22.147058823529417,94.93659942363114,18.09550561797753,28.47723132969035,0.75,34.166666666666664,56.4212962962963,11.237762237762238,10.620915032679738
2019-10-17,2.5,10.0,20.74312205369932,65.86871121595979,136.42105263157896,72.81666666666666,34.583333333333336,55.91666666666666,12.195965417867436,5.870056497175142,29.43090909090909,0.0,23.76923076923077,63.59581070597361,11.387323943661974,16.861771058315338
2019-10-18,31.0,141.27959979736576,14.854463590537902,13.007116499736426,113.05263157894736,22.740740740740737,37.5,43.24,43.17291066282421,11.68361581920904,36.870909090909095,3.6666666666666665,18.232142857142858,42.03228346456693,122.95620437956205,12.205567451820128
2019-10-19,68.76923076923077,89.0,21.42305994088843,29.33301348685964,129.54545454545453,26.84313725490196,32.111111111111114,14.777777777777779,12.495677233429394,55.689265536723155,32.37158469945355,0.0,7.942857142857143,11.517741935483867,271.45454545454544,12.217672413793107
2019-10-20,0.0,170.0,26.98757636224388,54.502232854864424,202.75,22.3,6.111111111111112,13.882352941176471,66.87319884726224,81.9491525423729,28.052823315118395,0.0,30.044444444444448,16.347929936305732,39.683098591549296,18.328293736501077
2019-10-21,79.42857142857143,180.0,12.948652459598309,56.65149418217233,160.66666666666666,22.02127659574468,96.27272727272728,35.857142857142854,18.40634005763689,25.25988700564972,3.941818181818182,0.0,53.596153846153854,33.018942383583266,48.40425531914894,16.812903225806448
2019-10-22,4.666666666666667,141.27959979736576,25.076686421643608,47.20151197834194,35.384615384615394,40.122807017543856,60.0,20.19230769230769,3.665706051873199,422.88700564971765,0.2490909090909091,2.2857142857142856,35.15942028985507,43.15325670498084,167.8041958041958,16.142553191489366
2019-10-23,0.0,141.27959979736576,15.764123853976864,28.411061440898226,43.41666666666666,96.1186440677966,87.30769230769229,3.5,0.5302593659942363,124.12429378531073,0.13818181818181818,2.0,35.264367816091955,36.94683346364347,21.37373737373737,9.38012958963283
2019-10-24,72.93196967230692,155.66666666666666,15.746177803250372,14.807076136304335,62.30769230769231,34.38095238095238,4.545454545454546,0.0,8.812680115273775,7.97191011235955,0.6927272727272727,2.6666666666666665,47.40594059405941,36.47652582159625,125.16901408450704,9.0
2019-10-25,15.0,141.27959979736576,19.061658948980913,46.7846944603084,68.18518518518519,19.384615384615387,15.0,87.0,2.7982708933717584,0.797752808988764,0.958181818181818,4.3,43.61224489795919,13.266135458167332,342.5869565217391,21.463087248322147
2019-10-26,27.0,141.27959979736576,22.36207833961326,49.95986711675508,27.363636363636363,43.589285714285715,72.375,8.363636363636363,36.39769452449568,7.163841807909606,6.794545454545455,1.875,20.306122448979593,19.262903225806447,72.57798165137615,32.12850467289719
2019-10-27,3.25,141.27959979736576,24.95288783148527,75.02615001852735,55.714285714285715,30.102040816326532,24.1,39.16666666666666,2.622478386167147,0.21714285714285714,31.39090909090909,1.0,18.20253164556962,59.15559030492573,11.288732394366198,28.64876033057851
2019-10-28,0.0,2.5,27.594694944143157,32.655304644226675,57.42857142857143,12.254901960784313,54.33333333333334,92.6,4.965417867435159,1.4802259887005649,8.83424408014572,6.6,24.80246913580247,16.157400156617072,4.673758865248226,33.552016985138
2019-10-29,72.93196967230692,113.0,20.634162937661426,13.327983324648256,73.45833333333333,12.074074074074074,49.0,50.6875,0.3227665706051873,1.6629213483146068,9.524500907441015,2.0,14.637931034482758,4.137440758293839,77.14893617021276,21.195426195426194
2019-10-30,72.93196967230692,141.27959979736576,14.530333631036163,48.700889871920175,30.5625,27.606557377049178,41.66666666666666,14.066666666666665,0.07204610951008646,4.887640449438202,10.9491833030853,33.666666666666664,20.392156862745093,14.978605388272586,15.929577464788732,12.77327935222672
2019-10-31,72.93196967230692,141.27959979736576,20.168021872135768,80.70253690996049,24.181818181818183,31.754716981132077,33.2,43.93333333333333,0.3400576368876081,13.252808988764045,0.4228675136116152,3.75,40.17857142857143,96.31406844106465,2.9718309859154934,18.313253012048193
2019-11-01,293.0,141.27959979736576,27.144518009876965,57.64389557605127,25.464285714285715,29.29090909090909,57.625,38.25,95.50144092219021,28.14857142857143,50.88,0.0,29.36065573770492,64.45262333594361,6.8531468531468525,12.697936210131333
2019-11-02,0.0,214.5,38.14902990429787,2.423257336096869,62.542857142857144,6.446428571428571,38.888888888888886,14.125,30.112391930835727,26.96590909090909,39.64845173041894,12.75,12.482352941176472,10.005627009646302,3.5524475524475525,11.289568345323739
2019-11-03,109.75,71.0,53.19416466828812,2.4439643384564897,104.8125,35.270833333333336,0.0,123.1304347826087,66.3342939481268,31.82386363636364,49.34363636363637,33.57894736842105,39.13636363636363,13.312302839116722,10.692857142857145,13.860962566844922
2019-11-04,65.0,141.27959979736576,55.18873035232614,3.784101902612061,83.84,6.142857142857142,68.4,25.08695652173913,32.564841498559076,32.848314606741575,56.58545454545455,20.181818181818183,9.386666666666667,13.176236044657097,15.37062937062937,18.572992700729927
2019-11-05,156.0,141.27959979736576,57.57968154903772,4.707742928408426,46.31818181818182,12.61904761904762,4.5,136.8181818181818,26.05187319884726,29.30337078651685,28.47636363636364,61.214285714285715,20.863636363636363,19.50997605746209,4.4825174825174825,29.75359712230216
2019-11-06,131.66666666666666,141.27959979736576,50.25363479885169,10.766554196541543,68.23076923076923,14.737704918032787,45.3,24.55,10.769452449567726,21.01685393258427,15.274545454545455,43.0,10.538461538461537,28.215670436187402,9.841726618705037,22.653024911032034
2019-11-07,72.84615384615384,141.27959979736576,21.332040586128688,29.6914570230608,172.61538461538458,11.425925925925926,16.727272727272727,38.307692307692314,50.14985590778098,32.449438202247194,13.346083788706741,22.613731889465818,9.0126582278481,22.12489592006661,25.58741258741259,12.028112449799194
2019-11-08,85.07692307692308,141.27959979736576,28.77309400730198,36.90026041666667,105.21428571428572,21.78947368421053,22.63636363636364,8.818181818181818,8.193083573487034,33.07303370786517,42.723636363636366,7.0,4.303571428571429,30.664479081214107,13.293706293706293,17.268336314847947
2019-11-09,0.0,320.0,27.730107282655375,4.637081300367305,53.54545454545455,5.85,95.66666666666669,22.375,20.293948126801148,30.28248587570621,6.9036363636363625,9.363636363636363,27.775280898876403,19.95762021189894,9.41958041958042,16.408348457350268
2019-11-10,234.53846153846158,141.27959979736576,29.102208909509567,3.099861763892729,191.44444444444446,16.509090909090908,44.54545454545455,99.15,1.5578034682080926,33.80337078651685,0.6563636363636364,15.0,17.010416666666668,9.345606694560669,3.4822695035460987,11.957746478873242
2019-11-11,0.0,124.0,29.244171552483134,7.333571389331428,113.75,3.2758620689655173,61.45454545454545,48.13333333333333,98.94508670520231,8.297752808988765,7.843351548269581,23.66666666666667,12.389610389610391,32.945318972659486,35.706293706293714,18.45863309352518
2019-11-12,99.0,33.0,43.05024593664997,28.556169824486073,3.1,10.344262295081966,18.88888888888889,59.58333333333334,58.71387283236994,43.87078651685393,13.2,3.2,15.551020408163266,43.951520131470836,24.01398601398601,17.77345132743363
2019-11-13,94.54545454545456,310.0,67.68263811970488,12.898576416868114,22.125,54.76271186440679,40.111111111111114,124.8148148148148,31.554913294797693,31.71348314606741,5.667272727272728,1.0,20.117021276595747,25.919672131147536,3.0419580419580416,15.937275985663085
2019-11-14,373.4,221.0,28.08894877157149,5.439299191374663,104.77272727272728,26.52631578947368,64.9,50.2962962962963,1.1618497109826589,61.3314606741573,0.06715063520871144,0.75,8.056338028169014,17.019688269073008,51.23776223776224,10.302867383512543
2019-11-15,6.8,30.0,29.353160480903604,20.886117772448703,47.4,31.112903225806452,71.1111111111111,20.85,0.2803468208092485,22.02247191011236,20.33212341197822,6.777777777777778,2.849056603773585,19.972175379426645,15.580419580419582,9.503571428571428
2019-11-16,0.0,141.27959979736576,30.5025934293533,13.727232780402064,71.8,29.3125,89.77777777777777,53.26666666666666,0.5867052023121387,11.539325842696627,17.74410163339383,1.0,21.508771929824558,49.03615447822514,14.398601398601398,6.706502636203866
2019-11-17,72.93196967230692,141.27959979736576,37.015604726202795,9.989244939606198,23.0,12.581395348837207,14.4,25.8125,73.00867052023122,31.431818181818183,28.58983666061706,0.5,44.369369369369366,23.94376528117359,7.748251748251747,7.4891696750902526
2019-11-18,72.93196967230692,361.0,23.41555763799547,5.7110662446796905,77.2,33.775510204081634,81.71428571428571,20.727272727272727,81.14450867052022,9.016949152542374,45.7967332123412,1.375,20.259259259259263,18.5,51.62237762237761,16.596396396396393
2019-11-19,72.93196967230692,141.27959979736576,16.370387685312114,18.698900629736364,112.55555555555556,11.333333333333336,50.28571428571429,60.18181818181818,7.245664739884392,3.401129943502825,11.656987295825772,1.8461538461538465,18.182926829268293,30.85073409461664,82.02797202797203,8.675090252707582
2019-11-20,13.0,29.5,29.866792442420497,18.97990988603233,164.33333333333334,18.4,73.53333333333333,27.266666666666666,0.6040462427745664,17.286516853932586,4.070780399274047,5.4375,9.969696969696967,10.689089417555373,13.615384615384615,4.3
2019-11-21,9.0,7.5,27.132855293191863,34.96418128654971,87.75,16.655172413793107,33.416666666666664,81.88235294117645,4.627167630057802,22.960674157303373,10.693284936479131,26.76923076923077,6.0,18.40115798180314,4.963768115942028,5.2633451957295385
2019-11-22,43.0,671.0,27.854640584962226,33.84133777143763,58.125,0.7377049180327869,43.92307692307693,89.5,2.8150289017341037,151.3932584269663,1.0344827586206895,0.0,4.92,26.91543513957307,92.986013986014,6.393884892086331
2019-11-23,0.0,141.27959979736576,20.777775997387682,24.071990753481213,40.75,0.0,0.0,14.6,0.2283236994219653,31.04494382022472,0.009074410163339385,2.0,20.105263157894736,31.385306122448977,93.86301369863014,4.337801608579088
2019-11-24,72.93196967230692,141.27959979736576,17.777339298166332,43.58846809212335,6.666666666666668,5.804347826086956,55.1,18.166666666666668,0.1907514450867052,11.853932584269662,0.029038112522686024,0.8333333333333334,37.09473684210526,20.496774193548386,65.76223776223776,6.040780141843972
2019-11-25,72.93196967230692,141.27959979736576,20.154887501368943,17.033451288289285,102.25,1.574468085106383,50.58333333333334,76.81818181818181,1.6878612716763006,3.1931818181818183,1.9745916515426496,5.727272727272728,14.613138686131387,32.27906976744186,25.629370629370626,4.516071428571427
2019-11-26,34.57142857142857,141.27959979736576,31.072980579257038,15.576214680002186,124.0,7.666666666666668,12.272727272727273,133.73333333333332,45.95086705202311,13.5561797752809,2.509981851179673,11.666666666666664,19.619402985074625,11.563459983831851,10.69718309859155,3.9642105263157896
2019-11-27,357.7058823529412,141.27959979736576,33.46711271881524,57.15974475448843,93.3,4.881355932203389,120.58333333333331,32.59375,110.92196531791909,9.876404494382024,29.12,46.125,31.472440944881892,27.95540875309661,13.73943661971831,10.763765541740675
2019-11-28,66.4375,141.27959979736576,28.723499511159385,33.436697040013584,119.66666666666669,42.578947368421055,42.1,0.6470588235294118,75.4364161849711,11.657303370786517,57.1624087591241,36.875,10.81451612903226,25.13722267871816,52.95774647887324,9.422735346358794
2019-11-29,0.0,141.27959979736576,20.193713560270027,30.320693575895394,128.66666666666666,48.122807017543856,57.06666666666667,64.66666666666667,7.540462427745664,6.7303370786516865,25.843636363636364,68.2,11.465277777777779,17.78314238952537,10.98601398601399,12.02007299270073
2019-11-30,72.93196967230692,141.27959979736576,9.976400164301976,41.54054054054054,109.5,4.035714285714286,1.0,42.0,1.3583815028901731,31.412429378531076,1.2218181818181821,64.8,24.49677419354839,8.511203319502075,4.986013986013987,22.203152364273205
2019-12-01,261.7857142857143,99.0,15.245850988349897,66.54941307993292,120.25,0.0,48.2,274.0526315789473,5.413294797687862,38.82386363636363,4.434545454545455,94.6,18.79259259259259,14.223045267489713,26.30769230769231,17.951526032315982
2019-12-02,26.92857142857143,141.27959979736576,23.359457219277914,41.526470588235284,139.5,1.0,72.66666666666667,136.27777777777777,10.777456647398843,22.291428571428565,4.5181818181818185,22.25,28.1156462585034,17.982099267697315,162.59154929577466,13.274193548387096
2019-12-03,0.0,15.25,12.334906382809871,11.203402770203947,169.77777777777774,6.078125,95.77777777777777,43.07692307692307,0.3815028901734104,26.598870056497177,1.1054545454545457,37.95454545454545,18.851485148514854,26.14076484947111,39.384615384615394,13.551351351351352
2019-12-04,144.33333333333334,141.27959979736576,20.813568869530588,8.937533714532313,46.444444444444436,0.0,58.27272727272727,27.423076923076927,0.4739884393063584,198.35593220338984,0.007272727272727274,0.8571428571428571,18.897560975609764,21.666946308724828,22.58741258741259,17.06183745583039
2019-12-05,298.8,141.27959979736576,16.705465989643276,9.343099833342293,30.66666666666667,0.0,158.61538461538458,62.36363636363637,25.315028901734106,65.69318181818181,1.1945454545454546,1.1428571428571428,20.65174129353234,11.444259567387688,27.51748251748252,11.446428571428573
2019-12-06,3.933333333333333,170.0,21.29846045295816,5.951695007039965,37.5,0.04477611940298507,32.75,4.25,91.19653179190752,3.198863636363636,44.98363636363637,0.0,13.485148514851485,15.671140939597313,32.45454545454545,12.852112676056338
2019-12-07,0.0,135.71428571428572,17.667034987409444,19.459019100566962,18.2,0.0,31.90909090909091,0.0,22.28034682080925,1.52,11.916058394160585,0.0,15.25615763546798,10.3338898163606,38.93706293706293,11.769230769230768
2019-12-08,79.0,185.5,39.435246065324506,17.65232935482097,31.6,1.0175438596491229,34.90909090909091,45.75,49.27745664739884,9.394285714285717,31.523722627737225,2.1666666666666665,11.817733990147786,7.694397283531409,17.783216783216783,14.517793594306047
2019-12-09,245.63636363636363,351.0,24.29917711111438,22.990346240966453,10.2,0.2280701754385965,98.6153846153846,31.16666666666667,31.647398843930635,7.514285714285713,37.961887477313965,0.0,12.35885167464115,25.530543933054396,6.9642857142857135,11.15547703180212
2019-12-10,24.0,141.27959979736576,38.63054623004997,46.9272390037096,4.6,4.666666666666667,13.75,3.0,28.26589595375723,8.605714285714285,6.517241379310344,9.222222222222221,12.519801980198018,43.35409836065575,10.943661971830986,9.303473491773307
2019-12-11,40.5,65.0,30.243058366969183,30.94164272794978,18.0,0.0,142.42857142857142,19.125,10.624277456647398,14.657142857142857,48.36794171220401,17.5,17.792079207920793,30.578600823045267,12.028169014084508,9.81161971830986
2019-12-12,15.0,141.27959979736576,54.88328699696518,18.1236427129372,12.0,0.4807692307692308,92.71428571428572,55.9,31.985549132947973,60.689265536723155,8.506375227686704,0.9166666666666666,14.009852216748767,26.33114215283484,26.993006993006997,7.315508021390373
2019-12-13,89.58333333333331,30.0,59.99944727814489,35.10388270431713,15.25,0.3050847457627119,114.9375,33.45,70.76300578034682,32.12429378531073,57.86909090909091,7.454545454545454,9.0935960591133,14.452955870108244,5.594405594405594,5.649557522123893
2019-12-14,0.0,1120.0,38.651345076749706,73.15987219039225,40.0,0.05172413793103448,17.5,17.6875,54.58381502890173,12.033898305084744,56.500910746812394,17.823529411764707,16.064039408866993,44.04071246819338,22.125874125874127,6.956678700361012
2019-12-15,8.0,36.0,44.41339435227809,18.41630829377269,100.375,0.0,59.09090909090909,214.66666666666663,9.716763005780347,12.079096045197739,32.504537205081675,42.1875,18.284313725490197,46.229426433915215,16.910112359550563,9.220640569395018
2019-12-16,518.25,99.0,21.386480176803506,16.441107904085253,48.66666666666666,0.0,160.8,112.34375,22.121387283236995,30.10227272727273,3.4927272727272727,6.142857142857142,21.371287128712872,16.82367758186398,11.965034965034963,15.738898756660745
2019-12-17,295.35714285714283,175.2,16.66473804181022,48.2436303991252,52.16666666666666,5.125,83.6875,9.444444444444443,30.043352601156073,11.627118644067796,13.776363636363635,0.0,20.705882352941178,23.772689425478767,47.48951048951049,10.905017921146953
2019-12-18,58.46153846153846,399.0,18.877888897598353,23.80406251701791,123.0,7.777777777777778,58.125,9.357142857142858,0.7601156069364162,33.03954802259887,1.3981818181818182,0.0,18.40096618357488,23.14105793450881,42.587412587412594,11.903743315508022
2019-12-19,6.666666666666668,460.0,21.416341461880627,10.575141491290733,21.5,2.180327868852459,106.85714285714286,40.333333333333336,6.92485549132948,94.98305084745763,0.04727272727272727,3.333333333333333,19.784313725490197,28.700414937759337,10.888111888111887,15.725490196078429
2019-12-20,25.5,141.27959979736576,38.38809012413349,18.960355094838995,184.8,8.166666666666666,33.0,126.46153846153848,13.002890173410403,149.0225988700565,37.12204007285975,1.0,26.24878048780488,27.99582637729549,21.524475524475523,7.987249544626594
2019-12-21,560.2142857142857,10.0,43.58971853399162,20.84966263313445,80.4,3.686274509803922,66.66666666666667,140.30434782608697,29.11560693641618,48.949152542372886,11.941712204007287,5.2,29.847290640394093,15.799159663865547,14.174825174825175,6.897033158813263
2019-12-22,37.2,141.27959979736576,45.30220587262489,24.856145880234127,2.6666666666666665,26.04081632653061,95.66666666666669,0.2631578947368421,49.22543352601157,17.598870056497177,31.91970802919708,20.352941176470583,12.881773399014778,7.408438818565401,76.15384615384616,6.894366197183099
2019-12-23,1.8,6.5,35.44367440121325,61.191103421331704,18.666666666666668,10.34,127.78571428571428,8.625,19.84104046242775,2.4971751412429377,21.03096539162113,25.47368421052632,19.165853658536587,8.947457627118641,66.69503546099291,10.89948006932409
2019-12-24,0.0,449.5,36.05752695088889,23.094552813536453,1.5,0.8596491228070176,84.13333333333334,20.88888888888889,64.19942196531792,0.10227272727272728,62.739051094890506,38.52173913043478,14.970588235294118,7.723605150214592,15.022727272727273,14.18838028169014
2019-12-25,72.93196967230692,307.5,22.06818047410835,10.895918250186577,0.0,2.3191489361702127,17.818181818181817,37.444444444444436,5.468208092485548,0.8022598870056498,38.27372262773723,37.08,24.778325123152708,4.601226993865031,29.21830985915493,10.124343257443082
2019-12-26,41.0,1080.0,13.089518166062168,10.370559540889527,74.17527606712872,0.0,39.06666666666667,34.75,22.26878612716763,0.11864406779661014,10.171220400728595,29.08695652173913,11.21,10.77893820713664,48.42957746478874,10.169039145907472
2019-12-27,6.25,280.25,15.463284190919351,8.433523375142531,19.0,0.0,74.0,204.13333333333333,0.8323699421965318,0.11299435028248588,7.896174863387978,26.3,18.22,13.86896551724138,74.34507042253522,9.737676056338028
2019-12-28,83.25,121.66666666666669,10.323486197790226,29.838231981981977,29.8,0.4117647058823529,11.692307692307693,74.65217391304348,0.2369942196531792,0.05649717514124294,0.025500910746812388,43.32,16.159203980099498,15.278803869832895,8.181818181818182,6.830357142857142
2019-12-29,12.285714285714285,33.0,16.6692714540067,69.75664953062136,33.333333333333336,1.6122448979591837,70.81818181818181,83.52173913043478,0.2023121387283237,0.13559322033898305,0.0,34.15,29.93069306930693,14.478485370051635,2.6643356643356637,4.96283185840708
2019-12-30,15.25,246.5,18.825244985107293,69.30607895917451,2.0,0.0,125.75,169.7037037037037,0.708092485549133,0.125,0.209471766848816,7.666666666666668,23.803921568627448,49.80886185925282,82.2167832167832,18.41197822141561
2019-12-31,0.0,410.66666666666674,12.422622051925538,26.620817420053587,47.75,2.7358490566037736,86.8235294117647,159.83333333333334,0.6329479768786127,0.13559322033898305,0.12750455373406194,5.0,14.96078431372549,56.294268605645854,43.52447552447553,20.286725663716812
