Date,Price,Open,High,Low,Vol.,Change %,direction
2021-01-08,496.88,493.88,499.4,492.6,,0.0058,1
2021-01-07,494.0,495.0,496.0,487.25,,-0.002,-1
2021-01-06,495.0,492.5,502.75,491.5,202370.0,0.0066,1
2021-01-05,491.75,484.5,496.0,482.5,219650.0,0.0165,1
2021-01-04,483.75,487.25,497.75,479.5,265160.0,-0.0040999999999999995,-1
2021-01-01,485.75,485.75,485.75,485.75,,0.0036,1
2020-12-31,484.0,474.0,485.75,473.0,168460.0,0.02,1
2020-12-30,474.5,466.0,476.0,462.0,163370.0,0.0182,1
2020-12-29,466.0,455.75,467.25,453.5,191300.0,0.0208,1
2020-12-28,456.5,452.0,457.5,448.0,145220.0,0.012199999999999999,1
2020-12-24,451.0,446.75,451.5,446.5,74880.0,0.0084,1
2020-12-23,447.25,442.75,449.75,441.5,147650.0,0.0085,1
2020-12-22,443.5,440.0,444.25,437.25,140990.0,0.008,1
2020-12-21,440.0,438.0,440.75,430.25,141950.0,0.005699999999999999,1
2020-12-18,437.5,432.25,438.5,432.0,128810.0,0.0116,1
2020-12-17,432.5,426.25,433.0,424.25,119660.0,0.0123,1
2020-12-16,427.25,425.25,429.25,423.75,111650.0,0.0059,1
2020-12-15,424.75,424.0,425.25,420.5,98610.0,0.0131,1
2020-12-14,419.25,424.75,429.75,422.0,200.0,-0.0118,-1
2020-12-11,424.25,422.0,424.5,417.5,1720.0,0.0095,1
2020-12-10,420.25,422.0,425.75,420.0,1260.0,-0.0040999999999999995,-1
2020-12-09,422.0,418.0,422.25,418.0,1080.0,0.012,1
2020-12-08,417.0,418.75,419.0,415.5,1760.0,-0.006,-1
2020-12-07,419.5,415.25,421.0,412.0,1160.0,0.006,1
2020-12-04,417.0,422.25,422.75,415.75,1680.0,-0.013000000000000001,-1
2020-12-03,422.5,419.25,423.25,417.75,2380.0,0.0084,1
2020-12-02,419.0,414.5,419.75,409.0,3550.0,0.0102,1
2020-12-01,414.75,420.0,423.0,414.0,5320.0,-0.011899999999999999,-1
2020-11-30,419.75,427.5,430.5,418.25,14700.0,-0.013500000000000002,-1
2020-11-27,425.5,420.25,426.25,418.5,68260.0,0.0131,1
2020-11-25,420.0,426.0,427.5,420.0,124260.0,-0.013500000000000002,-1
2020-11-24,425.75,425.75,426.5,416.5,144300.0,-0.0018,-1
2020-11-23,426.5,427.5,429.75,423.5,153800.0,0.0077,1
2020-11-20,423.25,422.25,428.0,421.5,137240.0,0.0018,1
2020-11-19,422.5,424.5,425.5,418.75,133310.0,-0.0076,-1
2020-11-18,425.75,419.0,428.5,418.5,205430.0,0.0131,1
2020-11-17,420.25,417.5,422.0,417.25,156570.0,0.0096,1
2020-11-16,416.25,409.0,416.75,409.0,132120.0,0.013999999999999999,1
2020-11-13,410.5,407.5,413.25,403.75,188490.0,0.0055000000000000005,1
2020-11-12,408.25,417.25,418.5,406.25,234330.0,-0.0216,-1
2020-11-11,417.25,422.5,428.0,416.25,306430.0,-0.013600000000000001,-1
2020-11-10,423.0,407.0,427.25,406.25,355810.0,0.038,1
2020-11-09,407.5,405.75,410.0,401.75,204110.0,0.0018,1
2020-11-06,406.75,409.0,412.0,405.75,200680.0,-0.0060999999999999995,-1
2020-11-05,409.25,405.0,417.25,404.0,245190.0,0.009899999999999999,1
2020-11-04,405.25,400.0,406.0,396.5,176330.0,0.0106,1
2020-11-03,401.0,396.25,403.25,395.25,184360.0,0.0088,1
2020-11-02,397.5,396.0,397.75,393.0,165150.0,-0.0025,-1
2020-10-30,398.5,397.25,400.0,394.25,209480.0,0.0,0
2020-10-29,398.5,401.0,404.25,393.0,279410.0,-0.0075,-1
2020-10-28,401.5,415.0,415.25,400.5,320260.0,-0.0349,-1
2020-10-27,416.0,416.75,422.25,415.5,207080.0,-0.0042,-1
2020-10-26,417.75,419.25,419.75,412.75,206160.0,-0.0036,-1
2020-10-23,419.25,415.0,420.0,414.0,168920.0,0.0072,1
2020-10-22,416.25,413.75,419.0,410.75,196230.0,0.006,1
2020-10-21,413.75,408.25,415.25,407.75,216170.0,0.012199999999999999,1
2020-10-20,408.75,404.25,409.75,403.5,179890.0,0.0086,1
2020-10-19,405.25,401.75,406.75,400.75,167470.0,0.0096,1
2020-10-18,401.38,401.38,401.38,401.38,,-0.0015,-1
2020-10-16,402.0,403.25,409.0,401.75,226810.0,-0.0043,-1
2020-10-15,403.75,396.0,404.25,393.5,245380.0,0.0183,1
2020-10-14,396.5,391.0,397.5,388.0,183510.0,0.0134,1
2020-10-13,391.25,389.0,392.75,388.0,130270.00000000001,0.0058,1
2020-10-12,389.0,395.5,399.25,387.25,193540.0,-0.0174,-1
2020-10-11,395.88,395.88,395.88,395.88,,0.0022,1
2020-10-09,395.0,387.0,398.25,386.5,280950.0,0.0207,1
2020-10-08,387.0,389.0,394.5,386.5,202960.0,-0.0045000000000000005,-1
2020-10-07,388.75,384.5,392.0,384.0,186780.0,0.0097,1
2020-10-06,385.0,378.5,389.25,378.5,213440.0,0.014499999999999999,1
2020-10-05,379.5,378.75,382.5,377.75,119040.0,0.0023,1
2020-10-04,378.62,378.62,378.62,378.62,,-0.003,-1
2020-10-02,379.75,381.5,383.25,377.25,164090.0,-0.0078000000000000005,-1
2020-10-01,382.75,379.0,385.5,378.0,216360.0,0.009899999999999999,1
2020-09-30,379.0,364.25,382.75,362.0,337540.0,0.0391,1
2020-09-29,364.75,366.75,367.75,361.0,137620.0,-0.0055000000000000005,-1
2020-09-28,366.75,364.25,369.75,360.5,162090.0,0.006500000000000001,1
2020-09-27,364.38,364.38,364.38,364.38,,-0.0024,-1
2020-09-25,365.25,363.25,367.5,363.0,130070.0,0.0048,1
2020-09-24,363.5,368.0,368.25,363.0,152370.0,-0.013600000000000001,-1
2020-09-23,368.5,368.25,370.25,365.75,122190.0,-0.002,-1
2020-09-22,369.25,369.75,373.25,365.75,159150.0,-0.0014000000000000002,-1
2020-09-21,369.75,377.5,378.25,368.25,192760.0,-0.0189,-1
2020-09-20,376.88,376.88,376.88,376.88,,-0.0043,-1
2020-09-18,378.5,374.25,379.25,373.25,180030.0,0.0087,1
2020-09-17,375.25,371.5,377.25,368.0,235210.0,0.009399999999999999,1
2020-09-16,371.75,365.5,372.0,361.75,158940.0,0.015700000000000002,1
2020-09-15,366.0,369.0,369.5,365.25,133020.0,0.023799999999999998,1
2020-09-14,357.5,366.75,366.75,359.0,220.0,-0.020499999999999997,-1
2020-09-11,365.0,355.5,366.0,355.5,680.0,0.0217,1
2020-09-10,357.25,349.75,357.75,349.75,670.0,0.0207,1
2020-09-09,350.0,349.75,351.25,348.5,110.0,-0.0028000000000000004,-1
2020-09-08,351.0,348.0,353.0,346.0,870.0,0.0189,1
2020-09-07,344.5,344.5,344.5,344.5,,-0.0079,-1
2020-09-04,347.25,344.0,349.0,343.5,1680.0,0.008,1
2020-09-03,344.5,349.75,350.0,343.75,1450.0,-0.015,-1
2020-09-02,349.75,349.25,350.5,345.25,2610.0,0.0007000000000000001,1
2020-09-01,349.5,347.75,350.0,343.25,3700.0,0.0029,1
2020-08-31,348.5,348.75,353.0,346.0,11030.0,-0.0011,-1
2020-08-30,348.88,348.88,348.88,348.88,,0.0083,1
2020-08-28,346.0,343.25,347.75,340.75,94060.0,0.0051,1
2020-08-27,344.25,340.0,344.75,339.0,123790.0,0.011000000000000001,1
2020-08-26,340.5,340.25,341.25,337.25,89220.0,-0.0007000000000000001,-1
2020-08-25,340.75,335.0,341.5,334.75,147000.0,0.0271,1
2020-08-24,331.75,328.0,332.5,327.5,126820.0,0.0111,1
2020-08-23,328.12,328.12,328.12,328.12,,0.0034000000000000002,1
2020-08-21,327.0,324.75,327.75,324.25,134880.0,0.0077,1
2020-08-20,324.5,324.25,325.75,320.75,92740.0,-0.0015,-1
2020-08-19,325.0,326.0,327.25,323.5,87620.0,-0.0060999999999999995,-1
2020-08-18,327.0,330.0,332.0,325.75,130090.0,-0.0121,-1
2020-08-17,331.0,327.0,331.0,326.5,111930.0,0.011899999999999999,1
2020-08-16,327.12,327.12,327.12,327.12,,0.008100000000000001,1
2020-08-14,324.5,324.5,325.25,321.5,160380.0,-0.0023,-1
2020-08-13,325.25,315.0,327.5,314.75,317360.0,0.0342,1
2020-08-12,314.5,311.25,315.0,308.0,209800.0,0.0096,1
2020-08-11,311.5,311.25,315.0,310.25,170710.0,0.0032,1
2020-08-10,310.5,307.5,311.75,307.5,167510.0,0.009399999999999999,1
2020-08-09,307.62,307.62,307.62,307.62,,-0.0004,-1
2020-08-07,307.75,311.0,311.75,307.25,124480.0,-0.011200000000000002,-1
2020-08-06,311.25,310.5,312.75,309.5,106030.0,0.0008,1
2020-08-05,311.0,309.0,311.25,309.0,103360.0,0.0089,1
2020-08-04,308.25,316.5,316.75,308.25,161830.0,-0.0291,-1
2020-08-03,317.5,315.0,318.25,315.0,83190.0,0.0076,1
2020-08-02,315.12,315.12,315.12,315.12,,-0.0028000000000000004,-1
2020-07-31,316.0,315.75,317.5,314.5,77060.0,0.0008,1
2020-07-30,315.75,315.5,319.25,315.25,120450.0,0.0008,1
2020-07-29,315.5,320.0,321.5,315.25,136660.0,-0.0141,-1
2020-07-28,320.0,323.0,323.5,320.0,110740.0,-0.0154,-1
2020-07-27,325.0,325.25,327.5,323.25,96020.0,0.0012,1
2020-07-26,324.62,324.62,324.62,324.62,,-0.005,-1
2020-07-24,326.25,328.0,329.75,325.5,144240.0,-0.0053,-1
2020-07-23,328.0,327.25,329.5,325.0,92650.0,0.0015,1
2020-07-22,327.5,323.0,328.0,322.25,122910.0,0.0147,1
2020-07-21,322.75,327.75,327.75,322.0,132250.0,-0.0168,-1
2020-07-20,328.25,333.0,333.5,326.0,105210.0,-0.0131,-1
2020-07-19,332.62,332.62,332.62,332.62,,-0.0011,-1
2020-07-17,333.0,330.25,334.75,330.25,83690.0,0.0083,1
2020-07-16,330.25,326.0,333.25,326.0,109530.0,0.0123,1
2020-07-15,326.25,326.0,328.75,322.75,101700.0,-0.0254,-1
2020-07-14,334.75,334.0,336.5,324.5,150.0,0.0022,1
2020-07-13,334.0,337.25,337.25,332.0,440.0,0.0026,1
2020-07-12,333.12,333.12,333.12,333.12,,-0.0217,-1
2020-07-10,340.5,350.25,352.0,340.0,810.0,-0.030600000000000002,-1
2020-07-09,351.25,349.0,356.5,348.25,500.0,0.0086,1
2020-07-08,348.25,343.5,348.5,341.0,350.0,0.009399999999999999,1
2020-07-07,345.0,347.5,347.5,341.75,1270.0,-0.0043,-1
2020-07-06,346.5,348.25,349.0,345.25,2090.0,0.0036,1
2020-07-05,345.25,345.0,345.25,345.0,,0.008,1
2020-07-02,342.5,347.5,350.25,342.25,2490.0,-0.0165,-1
2020-07-01,348.25,338.5,351.25,337.5,4580.0,0.0288,1
2020-06-30,338.5,325.25,342.0,323.75,21410.0,0.0375,1
2020-06-29,326.25,316.75,326.5,316.0,150220.0,0.032400000000000005,1
2020-06-28,316.0,316.5,316.5,316.0,,-0.0032,-1
2020-06-26,317.0,317.0,319.75,313.5,216580.0,-0.0008,-1
2020-06-25,317.25,323.5,324.25,315.0,194690.0,-0.0216,-1
2020-06-24,324.25,324.5,329.0,323.75,180310.0,-0.0023,-1
2020-06-23,325.0,327.5,327.5,321.25,185860.0,-0.009899999999999999,-1
2020-06-22,328.25,332.0,332.25,328.0,134480.0,-0.0102,-1
2020-06-21,331.62,331.62,331.62,331.62,,-0.0026,-1
2020-06-19,332.5,329.75,333.75,327.5,170570.0,0.0045000000000000005,1
2020-06-18,331.0,329.75,333.75,328.75,201440.0,0.0023,1
2020-06-17,330.25,328.0,331.25,325.0,225640.0,0.0038,1
2020-06-16,329.0,331.75,334.5,328.0,229100.0,-0.0008,-1
2020-06-15,329.25,329.25,330.0,325.5,170740.0,0.0011,1
2020-06-14,328.88,328.88,328.88,328.88,,-0.0034000000000000002,-1
2020-06-12,330.0,329.5,333.0,328.25,236620.0,0.0008,1
2020-06-11,329.75,326.0,331.0,325.25,272980.0,0.010700000000000001,1
2020-06-10,326.25,327.25,328.0,324.25,243290.0,-0.0038,-1
2020-06-09,327.5,332.25,334.0,326.75,253630.0,-0.0187,-1
2020-06-08,333.75,333.5,334.75,331.0,206340.0,0.0011,1
2020-06-07,333.38,333.38,333.38,333.38,,0.0064,1
2020-06-05,331.25,328.75,332.5,328.25,215910.0,0.0068000000000000005,1
2020-06-04,329.0,324.25,329.5,324.0,155610.0,0.0154,1
2020-06-03,324.0,324.25,324.5,321.25,128009.99999999999,-0.0008,-1
2020-06-02,324.25,323.5,325.25,322.0,130470.0,0.0031,1
2020-06-01,323.25,325.5,327.75,319.25,151320.0,-0.0058,-1
2020-05-31,325.12,325.38,325.38,325.12,,-0.0019,-1
2020-05-29,325.75,327.5,329.5,323.25,192310.0,-0.0053,-1
2020-05-28,327.5,320.25,330.75,319.5,246970.0,0.0218,1
2020-05-27,320.5,320.0,321.75,319.25,78420.0,0.004699999999999999,1
2020-05-26,319.0,316.75,323.0,316.5,145180.0,0.0067,1
2020-05-25,316.88,316.88,316.88,316.88,,-0.0034999999999999996,-1
2020-05-22,318.0,317.75,319.0,316.0,97190.0,0.0008,1
2020-05-21,317.75,319.0,320.25,316.25,115120.0,-0.0055000000000000005,-1
2020-05-20,319.5,321.25,321.5,317.25,154470.0,-0.0054,-1
2020-05-19,321.25,320.75,325.5,320.5,126380.0,0.0016,1
2020-05-18,320.75,320.0,322.0,318.0,99370.0,0.0004,1
2020-05-17,320.62,320.62,320.62,320.62,,0.0043,1
2020-05-15,319.25,317.75,320.5,316.75,101610.0,-0.0031,-1
2020-05-14,320.25,318.12,318.88,315.62,60.0,0.0,0
2020-05-13,320.25,323.5,323.5,320.0,90.0,-0.0108,-1
2020-05-12,323.75,318.75,324.5,312.75,270.0,0.0165,1
2020-05-11,318.5,320.0,322.25,318.0,330.0,-0.0074,-1
2020-05-10,320.88,320.88,320.88,320.88,,0.0059,1
2020-05-08,319.0,317.75,321.75,317.5,1070.0,0.0095,1
2020-05-07,316.0,313.5,318.0,313.25,1080.0,0.013600000000000001,1
2020-05-06,311.75,315.0,315.0,311.0,520.0,-0.004,-1
2020-05-05,313.0,310.5,314.75,310.5,870.0,0.0072,1
2020-05-04,310.75,309.5,310.0,305.5,2620.0,-0.019299999999999998,-1
2020-05-03,316.88,316.88,316.88,316.88,,0.0173,1
2020-05-01,311.5,311.0,311.5,308.0,3510.0,0.0,0
2020-04-30,311.5,305.25,313.0,303.5,11090.0,0.023,1
2020-04-29,304.5,302.75,308.75,300.25,121800.0,0.0058,1
2020-04-28,302.75,305.0,308.5,301.25,138100.0,-0.009000000000000001,-1
2020-04-27,305.5,315.0,315.75,304.25,108690.0,-0.0524,-1
2020-04-26,322.38,322.38,322.38,322.38,,0.021,1
2020-04-24,315.75,319.25,320.75,312.0,113480.0,-0.011000000000000001,-1
2020-04-23,319.25,317.0,323.5,315.0,136850.0,0.0055000000000000005,1
2020-04-22,317.5,310.0,320.25,308.25,146970.0,0.026699999999999998,1
2020-04-21,309.25,314.25,316.25,301.0,197930.0,-0.0159,-1
2020-04-20,314.25,322.5,323.25,313.5,150680.0,-0.0252,-1
2020-04-19,322.38,322.38,322.38,322.38,,0.0004,1
2020-04-17,322.25,319.75,325.5,319.5,99360.0,0.0078000000000000005,1
2020-04-16,319.75,318.75,323.0,317.75,136580.0,0.0016,1
2020-04-15,319.25,326.0,326.75,317.5,161440.0,-0.0207,-1
2020-04-14,326.0,331.25,332.0,325.75,191910.0,-0.0166,-1
2020-04-13,331.5,332.25,334.0,326.5,147090.0,-0.0034000000000000002,-1
2020-04-12,332.62,332.62,332.62,332.62,,0.0011,1
2020-04-10,332.25,332.25,332.25,332.25,,0.0015,1
2020-04-09,331.75,330.75,333.5,328.0,169670.0,0.0053,1
2020-04-08,330.0,332.0,334.0,328.25,151310.0,-0.0045000000000000005,-1
2020-04-07,331.5,328.0,335.5,328.0,157370.0,0.011399999999999999,1
2020-04-06,327.75,329.75,331.75,325.5,111040.0,-0.0049,-1
2020-04-05,329.38,329.38,329.38,329.38,,-0.0040999999999999995,-1
2020-04-03,330.75,334.5,338.5,328.0,158650.0,-0.008199999999999999,-1
2020-04-02,333.5,335.0,343.25,333.0,151690.0,-0.0037,-1
2020-04-01,334.75,341.25,342.75,333.5,151930.0,-0.0176,-1
2020-03-31,340.75,341.75,344.75,333.5,208190.0,-0.0015,-1
2020-03-30,341.25,343.0,346.75,340.0,108490.0,-0.0044,-1
2020-03-29,342.75,342.75,342.75,342.75,,-0.009399999999999999,-1
2020-03-27,346.0,348.5,350.0,342.5,,-0.0079,-1
2020-03-26,348.75,348.25,349.25,343.75,,0.0007000000000000001,1
2020-03-25,348.5,347.5,352.75,345.75,,0.0036,1
2020-03-24,347.25,343.5,350.5,338.0,,0.0109,1
2020-03-23,343.5,340.25,345.5,338.25,,0.0092,1
2020-03-22,340.38,340.38,340.38,340.38,,-0.0098,-1
2020-03-20,343.75,346.5,356.75,342.25,,-0.0051,-1
2020-03-19,345.5,336.5,354.75,336.5,,0.030600000000000002,1
2020-03-18,335.25,344.0,345.25,332.0,229880.0,-0.0254,-1
2020-03-17,344.0,355.25,356.75,342.75,219220.0,-0.030299999999999997,-1
2020-03-16,354.75,362.5,367.75,354.0,188790.0,-0.0217,-1
2020-03-15,362.62,362.62,362.62,362.62,,-0.0219,-1
2020-03-13,370.75,370.0,375.5,370.0,120.0,0.0027,1
2020-03-12,369.75,377.5,377.5,367.0,340.0,-0.025,-1
2020-03-11,379.25,380.25,380.5,377.0,940.0,-0.002,-1
2020-03-10,380.0,379.0,381.5,377.5,610.0,0.0154,1
2020-03-09,374.25,372.0,377.5,368.5,920.0,0.0104,1
2020-03-08,370.38,370.38,370.38,370.38,,-0.0182,-1
2020-03-06,377.25,383.75,385.5,377.0,1280.0,-0.0189,-1
2020-03-05,384.5,387.5,387.5,382.0,1830.0,-0.006500000000000001,-1
2020-03-04,387.0,382.0,388.5,380.0,3280.0,0.0138,1
2020-03-03,381.75,375.75,383.75,375.75,3190.0,0.0187,1
2020-03-02,374.75,366.5,375.75,366.0,6090.0,0.0225,1
2020-02-28,366.5,364.5,367.25,362.75,18810.0,0.0055000000000000005,1
2020-02-27,364.5,369.75,370.0,361.75,156140.0,-0.016200000000000003,-1
2020-02-26,370.5,372.0,374.0,368.25,268800.0,-0.0054,-1
2020-02-25,372.5,373.0,374.75,371.25,119870.0,0.0007000000000000001,1
2020-02-24,372.25,376.25,376.25,370.0,170530.0,-0.0126,-1
2020-02-21,377.0,378.25,380.5,376.25,169070.0,-0.004,-1
2020-02-20,378.5,380.75,381.25,378.0,173140.0,-0.0053,-1
2020-02-19,380.5,382.25,382.75,378.5,172270.0,-0.006500000000000001,-1
2020-02-18,383.0,378.5,383.25,378.0,215110.0,0.0139,1
2020-02-14,377.75,379.5,381.5,376.25,216860.0,-0.0046,-1
2020-02-13,379.5,382.25,382.75,379.0,202460.0,-0.0091,-1
2020-02-12,383.0,379.75,383.75,378.25,241460.0,0.0086,1
2020-02-11,379.75,381.0,382.0,378.0,200410.0,-0.0052,-1
2020-02-10,381.75,383.25,383.5,379.0,219020.0,-0.0046,-1
2020-02-07,383.5,380.25,385.0,380.0,256720.00000000003,0.011200000000000002,1
2020-02-06,379.25,380.25,381.75,376.0,191890.0,-0.0039000000000000003,-1
2020-02-05,380.75,381.5,383.25,379.5,122100.0,-0.0039000000000000003,-1
2020-02-04,382.25,378.25,383.5,378.25,176000.0,0.0092,1
2020-02-03,378.75,380.5,382.0,376.5,216440.0,-0.0066,-1
2020-01-31,381.25,381.5,382.75,378.75,151810.0,0.0046,1
2020-01-30,379.5,384.5,385.0,378.5,160210.0,-0.0124,-1
2020-01-29,384.25,385.5,388.25,382.75,136810.0,-0.0058,-1
2020-01-28,386.5,382.5,387.0,378.5,243270.0,0.0158,1
2020-01-27,380.5,384.25,384.75,377.25,264470.0,-0.0174,-1
2020-01-24,387.25,393.25,393.25,386.5,196120.0,-0.0165,-1
2020-01-23,393.75,388.5,394.0,387.5,256300.0,0.0129,1
2020-01-22,388.75,387.5,391.0,386.75,155600.0,0.0032,1
2020-01-21,387.5,389.0,389.25,384.25,182960.0,-0.0045000000000000005,-1
2020-01-17,389.25,377.0,389.5,376.75,293120.0,0.0366,1
2020-01-16,375.5,387.25,387.75,375.25,230560.0,-0.031,-1
2020-01-15,387.5,388.75,390.25,386.5,141480.0,-0.0039000000000000003,-1
2020-01-14,389.0,389.25,390.5,388.25,115960.0,-0.0013,-1
2020-01-13,389.5,386.5,389.5,385.5,139990.0,0.0097,1
2020-01-10,385.75,383.25,386.75,376.5,226660.0,0.006500000000000001,1
2020-01-09,383.25,383.75,387.0,382.25,130940.0,-0.0026,-1
2020-01-08,384.25,384.0,385.5,382.25,135520.0,-0.0007000000000000001,-1
2020-01-07,384.5,385.0,385.75,383.5,93540.0,-0.0006,-1
2020-01-06,384.75,386.25,387.75,382.75,112130.0,-0.0045000000000000005,-1
2020-01-03,386.5,391.5,392.0,385.5,125930.0,-0.0128,-1
2020-01-02,391.5,387.75,392.0,387.25,103990.0,0.011000000000000001,1
2020-01-01,387.25,387.25,387.25,387.25,,-0.0013,-1
2019-12-31,387.75,388.25,389.75,386.25,85100.0,-0.0013,-1
2019-12-30,388.25,389.25,392.0,386.75,123530.0,-0.0045000000000000005,-1
2019-12-27,390.0,388.0,391.0,388.0,85210.0,0.0039000000000000003,1
2019-12-26,388.5,388.0,389.0,386.5,49930.0,0.0006,1
2019-12-25,388.25,388.25,388.25,388.25,,0.0019,1
2019-12-24,387.5,388.5,389.0,387.0,50420.0,-0.0032,-1
2019-12-23,388.75,388.0,390.25,387.25,82260.0,0.0026,1
2019-12-20,387.75,386.5,389.5,386.0,85330.0,0.0032,1
2019-12-19,386.5,387.0,389.0,385.0,99130.0,-0.0013,-1
2019-12-18,387.0,389.25,390.0,385.75,125530.0,-0.0077,-1
2019-12-17,390.0,387.5,390.5,386.25,118240.0,0.0052,1
2019-12-16,388.0,383.5,389.5,383.25,180900.0,0.0594,1
2019-12-13,366.25,373.75,374.5,366.25,90.0,-0.002,-1
2019-12-12,367.0,358.25,368.75,358.25,660.0,0.0259,1
2019-12-11,357.75,363.0,363.0,357.0,260.0,-0.0151,-1
2019-12-10,363.25,365.75,367.0,362.5,890.0,-0.0068000000000000005,-1
2019-12-09,365.75,366.5,368.0,365.0,640.0,-0.002,-1
2019-12-06,366.5,364.75,368.75,364.75,960.0,0.0027,1
2019-12-05,365.5,368.5,369.75,365.25,3030.0,-0.0088,-1
2019-12-04,368.75,371.75,373.5,367.75,2990.0,-0.0087,-1
2019-12-03,372.0,373.75,376.25,371.5,4940.0,-0.004,-1
2019-12-02,373.5,371.75,375.5,370.0,6280.0,-0.019,-1
2019-12-01,380.75,380.75,380.75,380.75,,0.0256,1
2019-11-29,371.25,365.75,372.25,365.0,15510.0,-0.006,-1
2019-11-28,373.5,373.5,373.5,373.5,,0.0296,1
2019-11-27,362.75,367.25,368.75,362.25,163970.0,-0.0129,-1
2019-11-26,367.5,369.75,370.5,367.0,207680.0,-0.008100000000000001,-1
2019-11-25,370.5,368.75,372.75,368.25,199300.0,0.004699999999999999,1
2019-11-22,368.75,368.0,370.25,367.5,228110.0,0.0007000000000000001,1
2019-11-21,368.5,366.75,369.75,366.25,158700.0,0.0048,1
2019-11-20,366.75,369.75,370.5,365.75,297020.0,-0.0088,-1
2019-11-19,370.0,367.75,373.0,367.75,202020.0,0.0060999999999999995,1
2019-11-18,367.75,371.0,371.75,367.5,206270.0,-0.009399999999999999,-1
2019-11-15,371.25,375.5,376.5,370.75,140180.0,-0.012,-1
2019-11-14,375.75,375.25,377.5,374.5,144890.0,0.0013,1
2019-11-13,375.25,377.0,377.75,375.0,195980.0,-0.0066,-1
2019-11-12,377.75,373.5,378.0,372.75,220510.0,0.0121,1
2019-11-11,373.25,376.0,377.0,372.5,211220.0,-0.0106,-1
2019-11-08,377.25,375.25,383.75,372.5,343770.0,0.0053,1
2019-11-07,375.25,379.25,380.0,373.75,219150.0,-0.0092,-1
2019-11-06,378.75,382.25,385.0,377.5,185340.0,-0.0079,-1
2019-11-05,381.75,383.25,384.75,380.5,157130.0,-0.0039000000000000003,-1
2019-11-04,383.25,386.75,387.75,383.0,145370.0,-0.0154,-1
2019-11-01,389.25,389.25,391.75,386.25,151940.0,-0.0019,-1
2019-10-31,390.0,390.25,391.0,384.75,176190.0,-0.0019,-1
2019-10-30,390.75,385.75,391.25,385.25,177030.0,0.011699999999999999,1
2019-10-29,386.25,383.5,387.5,382.0,153730.0,0.0059,1
2019-10-28,384.0,386.0,386.5,383.25,122790.0,-0.0070999999999999995,-1
2019-10-25,386.75,387.0,390.0,385.75,131680.0,0.0,0
2019-10-24,386.75,388.5,390.75,385.25,130660.0,-0.0026,-1
2019-10-23,387.75,387.75,389.5,384.0,117560.0,-0.0006,-1
2019-10-22,388.0,387.0,392.5,385.0,136690.0,0.0019,1
2019-10-21,387.25,390.0,393.75,386.5,150190.0,-0.0096,-1
2019-10-18,391.0,394.0,395.75,389.75,122010.0,-0.0095,-1
2019-10-17,394.75,391.75,397.25,391.5,141530.0,0.0077,1
2019-10-16,391.75,392.0,392.75,387.5,139680.0,-0.0038,-1
2019-10-15,393.25,397.0,398.5,392.5,143680.0,-0.0113,-1
2019-10-14,397.75,401.25,402.5,393.25,170710.0,0.0,0
2019-10-11,397.75,380.75,398.75,380.5,272440.0,0.046,1
2019-10-10,380.25,392.75,395.0,378.25,297050.0,-0.0355,-1
2019-10-09,394.25,395.5,397.25,393.0,140850.0,-0.0038,-1
2019-10-08,395.75,387.5,396.5,386.0,200460.0,0.0226,1
2019-10-07,387.0,387.5,387.75,385.0,100420.0,0.0058,1
2019-10-04,384.75,388.0,389.0,383.75,116340.0,-0.0103,-1
2019-10-03,388.75,387.0,390.75,385.5,125490.0,0.0026,1
2019-10-02,387.75,390.5,391.75,385.5,158920.0,-0.0121,-1
2019-10-01,392.5,386.75,392.75,385.25,227070.0,0.0116,1
2019-09-30,388.0,372.0,388.25,371.5,337250.0,0.0444,1
2019-09-27,371.5,371.25,373.0,369.75,90800.0,-0.0027,-1
2019-09-26,372.5,373.5,375.75,368.25,175420.0,-0.004699999999999999,-1
2019-09-25,374.25,375.25,377.5,372.25,119190.0,-0.0013,-1
2019-09-24,374.75,372.0,376.0,370.25,144290.0,0.004,1
2019-09-23,373.25,371.25,374.5,371.0,100440.0,0.0067,1
2019-09-20,370.75,372.75,374.5,369.5,133000.0,-0.0054,-1
2019-09-19,372.75,371.5,373.75,369.5,117070.0,0.004,1
2019-09-18,371.25,367.75,372.0,365.75,126830.0,0.0088,1
2019-09-17,368.0,374.0,374.25,366.0,154630.0,-0.016,-1
2019-09-16,374.0,372.0,374.75,367.5,133440.0,0.052000000000000005,1
2019-09-13,355.5,358.5,358.5,358.5,120.0,0.0028000000000000004,1
2019-09-12,354.5,349.75,353.75,349.5,150.0,0.0179,1
2019-09-11,348.25,349.75,349.75,344.75,330.0,-0.0007000000000000001,-1
2019-09-10,348.5,344.0,349.5,344.0,310.0,0.0227,1
2019-09-09,340.75,343.25,343.25,340.0,940.0,-0.0051,-1
2019-09-06,342.5,347.5,348.25,341.5,1360.0,-0.0115,-1
2019-09-05,346.5,346.5,349.75,346.5,1810.0,0.0014000000000000002,1
2019-09-04,346.0,350.5,351.0,344.5,3850.0,-0.010700000000000001,-1
2019-09-03,349.75,358.75,359.0,349.0,5340.0,-0.023,-1
2019-08-30,358.0,359.75,364.5,356.75,11240.0,-0.0049,-1
2019-08-29,359.75,363.0,369.0,357.5,122790.0,-0.0083,-1
2019-08-28,362.75,357.25,365.5,355.25,172930.0,0.0161,1
2019-08-27,357.0,359.0,360.0,356.75,129889.99999999999,-0.0042,-1
2019-08-26,358.5,358.0,362.0,357.0,122540.0,-0.0034999999999999996,-1
2019-08-23,359.75,362.75,363.0,357.5,169870.0,-0.0096,-1
2019-08-22,363.25,363.0,366.5,359.0,99250.0,0.0021,1
2019-08-21,362.5,360.0,364.0,357.0,125860.0,0.0083,1
2019-08-20,359.5,366.5,370.25,359.25,89470.0,-0.0151,-1
2019-08-19,365.0,367.25,368.25,363.25,78540.0,-0.016200000000000003,-1
2019-08-16,371.0,361.5,371.25,361.25,104810.0,0.028399999999999998,1
2019-08-15,360.75,360.25,363.75,358.25,108780.0,0.0049,1
2019-08-14,359.0,366.25,370.5,358.5,185090.0,-0.0191,-1
2019-08-13,366.0,379.0,379.0,365.5,312970.0,-0.05,-1
2019-08-12,385.25,409.75,410.0,385.25,248130.0,-0.060899999999999996,-1
2019-08-09,410.25,410.75,417.0,407.25,185370.0,-0.0018,-1
2019-08-08,411.0,407.25,412.0,405.5,184790.0,0.0111,1
2019-08-07,406.5,404.75,407.5,400.5,167530.0,0.0062,1
2019-08-06,404.0,405.75,408.0,400.75,113070.0,-0.0031,-1
2019-08-05,405.25,400.0,406.75,391.0,109690.0,0.0144,1
2019-08-02,399.5,394.75,400.0,393.5,90360.0,0.0172,1
2019-08-01,392.75,401.75,403.0,387.25,145330.0,-0.0187,-1
2019-07-31,400.25,410.75,413.75,400.0,151790.0,-0.026699999999999998,-1
2019-07-30,411.25,417.0,417.0,410.25,81030.0,-0.0138,-1
2019-07-29,417.0,413.25,419.5,412.0,90110.0,0.006,1
2019-07-26,414.5,418.25,419.5,413.0,120750.0,-0.0096,-1
2019-07-25,418.5,424.0,425.75,418.0,172280.0,-0.013000000000000001,-1
2019-07-24,424.0,425.0,430.5,421.5,93160.0,-0.0034999999999999996,-1
2019-07-23,425.5,423.75,426.5,418.25,131110.0,0.0077,1
2019-07-22,422.25,430.75,432.25,421.0,110950.0,-0.0197,-1
2019-07-19,430.75,425.5,434.0,423.75,114520.0,0.0147,1
2019-07-18,424.5,435.0,436.0,423.25,156000.0,-0.0264,-1
2019-07-17,436.0,435.25,441.5,431.5,125870.0,0.0017000000000000001,1
2019-07-16,435.25,437.75,440.75,429.0,144490.0,-0.013000000000000001,-1
2019-07-15,441.0,459.25,460.0,439.75,164470.0,-0.0189,-1
2019-07-12,449.5,447.75,457.0,447.75,270.0,0.0039000000000000003,1
2019-07-11,447.75,433.25,448.0,433.25,600.0,0.0311,1
2019-07-10,434.25,430.0,434.75,428.0,490.0,0.0058,1
2019-07-09,431.75,437.25,437.75,429.25,450.0,-0.0154,-1
2019-07-08,438.5,440.75,442.75,432.0,2080.0,0.0104,1
2019-07-05,434.0,433.0,435.5,427.0,2130.0,0.0023,1
2019-07-03,433.0,417.0,433.75,417.0,3470.0,0.0472,1
2019-07-02,413.5,412.5,415.5,408.25,6530.0,0.0036,1
2019-07-01,412.0,424.25,424.75,410.25,13480.0,-0.0196,-1
2019-06-28,420.25,439.0,455.0,411.0,34510.0,-0.0449,-1
2019-06-27,440.0,443.0,445.5,438.5,141130.0,-0.0073,-1
2019-06-26,443.25,447.0,447.25,440.75,158880.0,-0.0095,-1
2019-06-25,447.5,451.0,453.0,446.5,158430.0,0.0017000000000000001,1
2019-06-24,446.75,442.25,447.75,440.25,172090.0,0.0102,1
2019-06-21,442.25,452.0,454.0,441.75,251090.0,-0.0172,-1
2019-06-20,450.0,441.5,450.75,436.5,198630.0,0.0204,1
2019-06-19,441.0,449.75,451.75,438.25,193330.0,-0.0195,-1
2019-06-18,449.75,455.5,458.0,442.75,221470.0,-0.011000000000000001,-1
2019-06-17,454.75,458.25,464.25,450.5,279480.0,0.0039000000000000003,1
2019-06-14,453.0,442.0,457.25,441.75,312810.0,0.024900000000000002,1
2019-06-13,442.0,429.75,442.75,429.5,402150.0,0.0279,1
2019-06-12,430.0,427.75,434.5,424.0,331360.0,0.0053,1
2019-06-11,427.75,415.0,430.25,408.25,360320.0,0.028900000000000002,1
2019-06-10,415.75,413.0,416.5,409.0,279950.0,0.0,0
2019-06-07,415.75,421.0,423.5,415.0,227750.0,-0.0113,-1
2019-06-06,420.5,414.5,421.5,407.0,279010.0,0.0139,1
2019-06-05,414.75,424.25,424.75,412.25,231860.0,-0.024700000000000003,-1
2019-06-04,425.25,435.0,436.0,421.25,306700.0,0.0024,1
2019-06-03,424.25,426.25,430.75,418.25,288440.0,-0.0064,-1
2019-05-31,427.0,435.0,437.5,423.25,302170.0,-0.0212,-1
2019-05-30,436.25,416.5,436.75,413.25,324910.0,0.0418,1
2019-05-29,418.75,429.25,438.0,412.25,484440.0,-0.0036,-1
2019-05-28,420.25,408.0,421.0,407.5,417680.0,0.039599999999999996,1
2019-05-24,404.25,390.5,404.75,389.75,299950.0,0.037200000000000004,1
2019-05-23,389.75,394.0,399.0,387.0,340120.0,-0.012,-1
2019-05-22,394.5,393.25,396.5,386.25,291260.0,0.0006,1
2019-05-21,394.25,393.25,399.0,391.25,451260.0,0.013500000000000002,1
2019-05-20,389.0,386.0,391.5,385.75,358730.0,0.015,1
2019-05-17,383.25,380.0,384.75,380.0,319500.0,0.011200000000000002,1
2019-05-16,379.0,368.75,380.75,368.75,248510.0,0.025699999999999997,1
2019-05-15,369.5,369.0,380.0,368.0,336990.0,0.025,1
2019-05-14,360.5,354.25,360.75,353.5,200.0,0.0374,1
2019-05-13,347.5,335.5,348.25,335.5,290.0,0.0146,1
2019-05-10,342.5,346.5,346.5,338.25,310.0,-0.0058,-1
2019-05-09,344.5,350.0,350.0,344.0,660.0,-0.030299999999999997,-1
2019-05-08,355.25,356.5,356.5,353.25,860.0,-0.0077,-1
2019-05-07,358.0,357.0,359.25,355.0,1160.0,0.0063,1
2019-05-06,355.75,352.5,356.0,349.0,1710.0,-0.02,-1
2019-05-03,363.0,362.25,363.25,359.5,1650.0,0.0028000000000000004,1
2019-05-02,362.0,361.0,362.5,358.5,4310.0,0.005600000000000001,1
2019-05-01,360.0,353.5,360.5,353.5,8290.0,0.0191,1
2019-04-30,353.25,352.25,354.0,349.25,14380.0,0.0036,1
2019-04-29,352.0,353.25,356.0,351.25,250770.0,0.0021,1
2019-04-26,351.25,347.25,353.5,347.0,166750.0,0.0108,1
2019-04-25,347.5,346.0,351.0,342.25,236880.0,0.0022,1
2019-04-24,346.75,351.0,352.5,345.5,241390.0,-0.0128,-1
2019-04-23,351.25,354.75,355.0,350.25,194770.0,-0.009899999999999999,-1
2019-04-22,354.75,359.0,359.0,354.25,144710.0,-0.0105,-1
2019-04-19,358.5,358.5,358.5,358.5,,0.0,0
2019-04-18,358.5,358.0,359.25,357.0,102300.0,0.0007000000000000001,1
2019-04-17,358.25,358.25,360.0,356.75,148180.0,-0.0021,-1
2019-04-16,359.0,362.5,362.5,357.25,192350.0,-0.0103,-1
2019-04-15,362.75,361.25,364.25,361.0,208540.0,0.0048,1
2019-04-12,361.0,360.25,361.5,358.5,95870.0,0.0028000000000000004,1
2019-04-11,360.0,361.25,363.0,358.5,264730.0,-0.0048,-1
2019-04-10,361.75,360.25,362.75,360.0,253300.0,0.0049,1
2019-04-09,360.0,359.75,362.25,355.25,275450.0,0.0,0
2019-04-08,360.0,362.25,363.5,359.5,269560.0,-0.0069,-1
2019-04-05,362.5,364.5,364.75,360.5,273060.0,-0.0075,-1
2019-04-04,365.25,362.75,366.25,362.75,159330.0,0.0069,1
2019-04-03,362.75,361.25,364.75,360.5,135850.0,0.0034999999999999996,1
2019-04-02,361.5,362.25,363.5,359.25,117190.0,-0.0007000000000000001,-1
2019-04-01,361.75,356.5,363.0,356.5,239350.0,0.0147,1
2019-03-29,356.5,373.75,375.0,356.0,441010.0,-0.046799999999999994,-1
2019-03-28,374.0,373.75,374.75,372.0,105830.0,0.0007000000000000001,1
2019-03-27,373.75,376.75,377.0,372.0,127920.0,-0.009300000000000001,-1
2019-03-26,377.25,379.25,380.5,375.5,165180.0,-0.0066,-1
2019-03-25,379.75,378.75,380.75,376.75,155850.0,0.004,1
2019-03-22,378.25,375.75,380.75,375.5,222580.0,0.0053,1
2019-03-21,376.25,371.0,377.5,370.5,220230.0,0.0128,1
2019-03-20,371.5,371.5,372.5,368.75,101480.0,0.0007000000000000001,1
2019-03-19,371.25,372.0,373.75,367.75,159380.0,-0.0007000000000000001,-1
2019-03-18,371.5,374.0,375.5,370.25,169240.0,-0.004699999999999999,-1
2019-03-15,373.25,369.25,373.75,369.0,197270.0,0.0325,1
2019-03-14,361.5,360.25,363.25,360.0,390.0,0.011899999999999999,1
2019-03-13,357.25,357.25,359.5,355.0,320.0,0.0021,1
2019-03-12,356.5,353.25,357.75,352.75,800.0,0.0113,1
2019-03-11,352.5,357.5,357.5,353.0,1750.0,-0.0063,-1
2019-03-08,354.75,357.75,358.25,354.0,2270.0,-0.0034999999999999996,-1
2019-03-07,356.0,362.25,362.25,355.75,2480.0,-0.0179,-1
2019-03-06,362.5,366.0,366.0,361.0,2920.0,-0.0096,-1
2019-03-05,366.0,366.0,367.25,364.5,4570.0,0.0027,1
2019-03-04,365.0,365.25,368.0,364.5,5270.0,0.0027,1
2019-03-01,364.0,361.75,364.0,357.5,12360.0,0.0055000000000000005,1
2019-02-28,362.0,363.75,364.75,361.25,23510.0,-0.0048,-1
2019-02-27,363.75,366.0,368.25,362.5,189220.0,-0.0068000000000000005,-1
2019-02-26,366.25,370.75,371.25,365.5,242770.0,-0.0115,-1
2019-02-25,370.5,377.75,378.5,370.0,344710.0,-0.0127,-1
2019-02-22,375.25,374.75,377.75,374.5,316660.0,-0.0007000000000000001,-1
2019-02-21,375.5,371.0,378.5,370.5,257190.0,0.0128,1
2019-02-20,370.75,371.5,373.5,368.5,310670.0,0.0027,1
2019-02-19,369.75,374.25,376.25,369.0,230710.0,-0.013999999999999999,-1
2019-02-18,375.0,374.75,375.0,374.75,,0.0007000000000000001,1
2019-02-17,374.75,374.75,374.75,374.75,,0.0,0
2019-02-15,374.75,374.75,376.5,373.0,209100.0,0.0,0
2019-02-14,374.75,378.75,379.0,374.0,225290.0,-0.0106,-1
2019-02-13,378.75,377.5,379.0,376.25,243880.0,0.0013,1
2019-02-12,378.25,373.5,378.75,373.0,291260.0,0.0148,1
2019-02-11,372.75,374.5,375.0,371.75,309360.0,-0.004699999999999999,-1
2019-02-10,374.5,374.25,374.5,374.25,,0.0007000000000000001,1
2019-02-08,374.25,376.5,381.75,374.0,340780.0,-0.006,-1
2019-02-07,376.5,379.75,380.25,376.25,259740.0,-0.0092,-1
2019-02-06,380.0,380.5,380.75,379.0,145150.0,-0.002,-1
2019-02-05,380.75,379.5,381.25,377.0,171950.0,0.004,1
2019-02-04,379.25,377.75,379.75,376.5,145830.0,0.0026,1
2019-02-03,378.25,378.25,378.25,378.25,,0.0,0
2019-02-01,378.25,376.5,380.75,376.5,151470.0,0.0046,1
2019-01-31,376.5,381.0,381.5,375.75,205750.0,-0.0125,-1
2019-01-30,381.25,377.75,381.5,377.5,198900.0,0.0106,1
2019-01-29,377.25,379.75,380.75,376.0,187020.0,-0.0066,-1
2019-01-28,379.75,379.5,381.0,378.0,102140.0,0.0,0
2019-01-27,379.75,380.0,380.0,379.75,,-0.0013,-1
2019-01-25,380.25,377.0,380.5,376.0,134090.0,0.0086,1
2019-01-24,377.0,378.75,379.75,375.75,124110.0,-0.0046,-1
2019-01-23,378.75,379.5,381.75,378.0,127610.0,-0.0007000000000000001,-1
2019-01-22,379.0,380.75,382.25,376.75,211430.0,-0.0039000000000000003,-1
2019-01-20,380.5,380.5,380.5,380.5,,-0.0033,-1
2019-01-18,381.75,379.75,383.0,377.75,191030.0,0.0046,1
2019-01-17,380.0,374.0,381.5,373.75,207630.0,0.016,1
2019-01-16,374.0,372.75,375.0,372.5,164720.0,0.0074,1
2019-01-15,371.25,379.5,381.0,371.0,251260.0,-0.0192,-1
2019-01-14,378.5,378.5,381.0,377.0,144740.0,0.0,0
2019-01-13,378.5,378.25,378.5,378.25,,0.0007000000000000001,1
2019-01-11,378.25,377.0,379.25,376.75,131820.0,0.0053,1
2019-01-10,376.25,381.5,382.75,376.0,181390.0,-0.0151,-1
2019-01-09,382.0,380.5,383.5,380.5,192060.0,0.0053,1
2019-01-08,380.0,382.5,384.5,379.0,172290.0,-0.0059,-1
2019-01-07,382.25,382.25,384.0,381.75,110620.0,0.0,0
2019-01-06,382.25,382.75,382.75,382.0,,-0.002,-1
2019-01-04,383.0,380.0,383.5,379.75,178170.0,0.0086,1
2019-01-03,379.75,375.5,380.5,374.75,101460.0,0.0106,1
2019-01-02,375.75,375.25,377.75,374.0,104720.0,0.002,1
2018-12-31,375.0,375.5,377.0,372.75,91130.0,-0.0013,-1
2018-12-28,375.5,374.5,377.5,374.5,89170.0,0.0027,1
2018-12-27,374.5,373.25,376.5,373.25,96240.0,0.0033,1
2018-12-26,373.25,378.25,379.25,372.5,97150.0,-0.011899999999999999,-1
2018-12-24,377.75,378.25,379.0,375.25,54840.0,-0.002,-1
2018-12-21,378.5,375.5,379.5,374.75,138730.0,0.0087,1
2018-12-20,375.25,381.75,382.75,375.0,205500.0,-0.017,-1
2018-12-19,381.75,385.0,385.25,381.5,107240.0,-0.0097,-1
2018-12-18,385.5,383.75,386.5,383.25,131880.0,0.0039000000000000003,1
2018-12-17,384.0,384.25,386.0,383.25,97620.0,0.0192,1
2018-12-14,376.75,378.0,379.0,374.25,360.0,0.0033,1
2018-12-13,375.5,375.0,377.5,374.0,230.0,-0.002,-1
2018-12-12,376.25,375.5,378.0,375.5,630.0,0.0033,1
2018-12-11,375.0,373.75,376.5,372.75,1370.0,0.002,1
2018-12-10,374.25,374.25,376.0,372.75,1660.0,0.0007000000000000001,1
2018-12-07,374.0,371.75,374.75,371.5,2240.0,0.0054,1
2018-12-06,372.0,374.0,374.5,369.25,2300.0,-0.006,-1
2018-12-05,374.25,373.5,376.0,372.5,2090.0,0.0,0
2018-12-04,374.25,370.0,374.25,369.5,2930.0,0.008100000000000001,1
2018-12-03,371.25,372.75,374.0,369.5,7580.0,0.013000000000000001,1
2018-11-30,366.5,360.75,366.75,360.5,17990.0,0.0173,1
2018-11-29,360.25,360.5,363.0,359.0,186620.0,-0.0007000000000000001,-1
2018-11-28,360.5,356.25,361.5,356.0,221950.0,0.011200000000000002,1
2018-11-27,356.5,356.0,358.5,355.5,248130.0,0.0014000000000000002,1
2018-11-26,356.0,359.5,360.5,355.25,331200.0,-0.0084,-1
2018-11-23,359.0,361.0,361.75,358.75,174040.0,-0.0062,-1
2018-11-22,361.25,361.25,361.25,361.25,,-0.0014000000000000002,-1
2018-11-21,361.75,361.25,363.25,360.0,184080.0,0.0014000000000000002,1
2018-11-20,361.25,362.75,363.5,361.25,146930.0,-0.0028000000000000004,-1
2018-11-19,362.25,364.75,366.25,361.25,179460.0,-0.0069,-1
2018-11-16,364.75,367.25,368.75,363.25,180970.0,-0.0075,-1
2018-11-15,367.5,366.75,371.75,366.5,182150.0,0.0014000000000000002,1
2018-11-14,367.0,366.0,368.0,365.75,121770.0,0.0014000000000000002,1
2018-11-13,366.5,369.5,370.75,365.5,178860.0,-0.0128,-1
2018-11-12,371.25,369.0,372.5,368.0,176020.0,0.0040999999999999995,1
2018-11-09,369.75,372.75,374.0,368.25,212420.0,-0.01,-1
2018-11-08,373.5,372.0,379.0,366.0,432340.0,0.0034000000000000002,1
2018-11-07,372.25,372.25,373.25,371.0,233520.0,-0.0027,-1
2018-11-06,373.25,373.75,374.5,372.0,206080.0,-0.002,-1
2018-11-05,374.0,371.0,374.25,369.5,191620.0,0.008100000000000001,1
2018-11-04,371.0,371.0,371.0,371.0,,-0.0007000000000000001,-1
2018-11-02,371.25,366.25,373.0,365.25,242630.0,0.0123,1
2018-11-01,366.75,363.25,371.0,363.0,304750.0,0.0096,1
2018-10-31,363.25,364.75,365.25,362.5,163230.0,-0.0040999999999999995,-1
2018-10-30,364.75,366.75,368.0,364.25,137330.0,-0.0055000000000000005,-1
2018-10-29,366.75,368.0,371.5,365.5,142750.0,-0.0040999999999999995,-1
2018-10-28,368.25,368.5,368.5,368.25,,0.0014000000000000002,1
2018-10-26,367.75,361.75,369.75,361.75,220030.0,0.0187,1
2018-10-25,361.0,367.75,368.25,360.5,262810.0,-0.0197,-1
2018-10-24,368.25,369.5,369.75,367.75,114260.0,-0.0054,-1
2018-10-23,370.25,369.25,372.5,368.0,136630.0,0.002,1
2018-10-22,369.5,365.5,370.5,365.5,140540.0,0.0103,1
2018-10-21,365.75,365.5,365.75,365.5,,-0.0034000000000000002,-1
2018-10-19,367.0,370.5,371.0,366.0,165330.0,-0.0101,-1
2018-10-18,370.75,373.0,373.25,369.5,137270.0,-0.009399999999999999,-1
2018-10-17,374.25,375.0,376.25,373.25,106450.0,-0.0027,-1
2018-10-16,375.25,377.25,377.5,373.5,185900.0,-0.0079,-1
2018-10-15,378.25,373.0,378.5,371.75,227940.0,0.0134,1
2018-10-14,373.25,373.0,373.25,373.0,,-0.0013,-1
2018-10-12,373.75,369.0,374.0,368.5,185820.0,0.012199999999999999,1
2018-10-11,369.25,362.0,373.0,360.25,233120.0,0.0179,1
2018-10-10,362.75,364.5,365.25,362.0,121040.0,-0.0048,-1
2018-10-09,364.5,366.5,368.0,363.75,119570.0,-0.0055000000000000005,-1
2018-10-08,366.5,368.5,369.5,364.25,122010.0,-0.0060999999999999995,-1
2018-10-07,368.75,369.0,369.0,368.5,,0.0014000000000000002,1
2018-10-05,368.25,367.5,369.5,363.0,204820.0,0.002,1
2018-10-04,367.5,364.75,368.5,364.75,130830.00000000001,0.0075,1
2018-10-03,364.75,367.75,369.0,364.5,139280.0,-0.0075,-1
2018-10-02,367.5,365.0,369.0,363.25,206150.0,0.0048,1
2018-10-01,365.75,356.75,366.5,356.5,214370.0,0.0252,1
2018-09-30,356.75,357.0,357.0,356.75,,0.0014000000000000002,1
2018-09-28,356.25,364.5,366.75,354.5,237210.0,-0.0233,-1
2018-09-27,364.75,363.0,365.75,361.25,113910.0,0.0048,1
2018-09-26,363.0,363.5,364.75,361.25,137900.0,-0.0021,-1
2018-09-25,363.75,360.25,364.25,357.5,187870.0,0.009000000000000001,1
2018-09-24,360.5,357.25,362.0,355.75,148370.0,0.0091,1
2018-09-23,357.25,357.5,357.5,357.0,,0.0,0
2018-09-21,357.25,352.5,357.75,352.25,156110.0,0.013500000000000002,1
2018-09-20,352.5,345.25,356.25,344.75,266800.0,0.0195,1
2018-09-19,345.75,343.0,346.75,343.0,151070.0,0.0073,1
2018-09-18,343.25,348.0,348.75,342.5,199080.0,-0.013600000000000001,-1
2018-09-17,348.0,351.0,351.75,347.75,145270.0,-0.0078000000000000005,-1
2018-09-16,350.75,351.0,351.5,350.75,,0.0408,1
2018-09-14,337.0,338.5,338.75,337.5,60.0,0.0022,1
2018-09-13,336.25,344.5,344.5,337.0,130.0,-0.0154,-1
2018-09-12,341.5,354.25,354.5,340.5,410.0,-0.0387,-1
2018-09-11,355.25,357.25,357.25,354.75,290.0,-0.0007000000000000001,-1
2018-09-10,355.5,353.25,356.0,353.0,1260.0,-0.0294,-1
2018-09-09,366.25,366.5,366.75,366.25,,0.0339,1
2018-09-07,354.25,352.75,355.75,351.0,690.0,0.0021,1
2018-09-06,353.5,353.5,354.5,350.75,2160.0,0.005,1
2018-09-05,351.75,356.0,356.0,351.0,3510.0,-0.0078000000000000005,-1
2018-09-04,354.5,351.5,355.25,347.25,4870.0,-0.0308,-1
2018-09-03,365.75,365.25,366.0,365.25,,0.042,1
2018-08-31,351.0,341.0,352.0,340.75,17110.0,0.029300000000000003,1
2018-08-30,341.0,341.5,344.0,340.5,122610.0,-0.0007000000000000001,-1
2018-08-29,341.25,341.0,344.0,340.25,113200.0,0.0007000000000000001,1
2018-08-28,341.0,345.75,347.75,340.75,143200.0,-0.0166,-1
2018-08-27,346.75,348.5,348.75,343.0,139290.0,-0.005,-1
2018-08-24,348.5,346.5,350.0,346.25,124750.0,0.005,1
2018-08-23,346.75,353.0,355.0,346.25,144610.0,-0.0163,-1
2018-08-22,352.5,359.25,359.25,352.25,102510.0,-0.0202,-1
2018-08-21,359.75,362.75,363.75,358.5,98590.0,-0.0062,-1
2018-08-20,362.0,365.25,366.0,359.5,88310.0,-0.0062,-1
2018-08-17,364.25,365.0,367.75,361.75,82450.0,-0.0027,-1
2018-08-16,365.25,361.5,367.5,360.5,79360.0,0.0104,1
2018-08-15,361.5,362.25,363.5,359.0,102540.0,-0.0021,-1
2018-08-14,362.25,356.5,363.0,356.5,101210.0,0.0161,1
2018-08-13,356.5,357.5,358.0,352.25,178690.0,-0.0034999999999999996,-1
2018-08-10,357.75,368.5,369.75,357.0,182400.0,-0.0311,-1
2018-08-09,369.25,371.0,372.75,366.5,148240.0,-0.0054,-1
2018-08-08,371.25,370.5,373.75,370.0,123370.0,0.0013,1
2018-08-07,370.75,371.0,373.25,368.75,167090.0,-0.0007000000000000001,-1
2018-08-06,371.0,370.0,371.75,368.25,80950.0,0.0034000000000000002,1
2018-08-03,369.75,366.75,371.25,364.75,77990.0,0.008199999999999999,1
2018-08-02,366.75,365.0,372.75,364.75,161080.0,0.0048,1
2018-08-01,365.0,372.0,373.0,364.0,120050.0,-0.0195,-1
2018-07-31,372.25,367.0,374.25,366.25,141810.0,0.013600000000000001,1
2018-07-30,367.25,364.0,369.25,363.5,127460.0,0.014499999999999999,1
2018-07-27,362.0,361.0,363.75,359.5,133490.0,0.0014000000000000002,1
2018-07-26,361.5,361.0,365.75,360.25,146380.0,0.0063,1
2018-07-25,359.25,352.25,360.0,352.0,121590.0,0.0206,1
2018-07-24,352.0,355.25,356.5,351.5,105610.0,-0.0147,-1
2018-07-23,357.25,356.0,358.5,354.5,75400.0,0.0078000000000000005,1
2018-07-22,354.5,354.5,354.5,354.5,,-0.0021,-1
2018-07-20,355.25,351.25,355.75,349.75,69610.0,0.011399999999999999,1
2018-07-19,351.25,347.0,352.0,345.0,81410.0,0.0115,1
2018-07-18,347.25,346.25,349.0,346.0,81870.0,0.0029,1
2018-07-17,346.25,345.0,348.75,344.25,100120.0,0.0132,1
2018-07-16,341.75,340.0,345.75,338.75,95290.0,0.0348,1
2018-07-13,330.25,332.25,332.5,332.25,270.0,-0.018600000000000002,-1
2018-07-12,336.5,332.25,340.75,329.75,530.0,0.0158,1
2018-07-11,331.25,336.0,337.0,331.5,1530.0,-0.025,-1
2018-07-10,339.75,344.25,344.75,336.25,2740.0,-0.0174,-1
2018-07-09,345.75,346.0,348.5,342.5,3260.0,-0.0171,-1
2018-07-06,351.75,342.0,352.25,342.0,3070.0,0.024,1
2018-07-05,343.5,345.5,348.75,341.5,3300.0,0.0022,1
2018-07-03,342.75,340.25,345.25,339.25,3050.0,0.015600000000000001,1
2018-07-02,337.5,352.25,352.25,337.0,7670.0,-0.0364,-1
2018-06-29,350.25,345.75,355.5,345.5,19390.0,0.0152,1
2018-06-28,345.0,351.5,352.5,344.5,143970.0,-0.0213,-1
2018-06-27,352.5,352.0,356.5,351.5,163320.0,0.0,0
2018-06-26,352.5,350.5,355.5,348.0,227150.0,0.005699999999999999,1
2018-06-25,350.5,358.5,359.5,349.25,203160.0,-0.0189,-1
2018-06-22,357.25,358.0,359.75,355.0,141680.0,0.0007000000000000001,1
2018-06-21,357.0,354.25,359.0,349.25,168570.0,0.0078000000000000005,1
2018-06-20,354.25,354.0,357.0,347.5,200170.0,0.0014000000000000002,1
2018-06-19,353.75,355.75,357.75,338.75,334340.0,-0.0063,-1
2018-06-18,356.0,359.5,362.0,354.0,177750.0,-0.014499999999999999,-1
2018-06-15,361.25,364.5,368.25,355.25,297480.0,-0.0048,-1
2018-06-14,363.0,374.0,374.75,362.5,357600.0,-0.0346,-1
2018-06-13,376.0,377.5,379.75,373.25,227650.0,-0.004,-1
2018-06-12,377.5,368.0,379.5,367.25,310110.0,0.0279,1
2018-06-11,367.25,376.5,379.0,366.75,294910.0,-0.0278,-1
2018-06-08,377.75,376.25,379.0,373.5,177410.0,0.004,1
2018-06-07,376.25,379.0,382.0,374.25,300590.0,-0.0053,-1
2018-06-06,378.25,384.25,386.5,378.0,227300.0,-0.0143,-1
2018-06-05,383.75,380.75,385.25,380.0,212440.0,0.0079,1
2018-06-04,380.75,389.75,389.75,380.5,266550.0,-0.0275,-1
2018-06-01,391.5,393.75,397.0,390.75,172120.0,-0.0063,-1
2018-05-31,394.0,393.5,398.5,393.25,195810.0,0.0013,1
2018-05-30,393.5,398.25,398.5,390.75,293000.0,-0.0163,-1
2018-05-29,400.0,408.75,410.0,397.5,242710.0,-0.021400000000000002,-1
2018-05-28,408.75,409.0,409.0,408.75,,0.0068000000000000005,1
2018-05-25,406.0,404.0,406.75,403.25,129410.0,0.0043,1
2018-05-24,404.25,408.25,412.25,403.75,236840.0,-0.0104,-1
2018-05-23,408.5,404.5,409.0,403.0,163380.0,0.009300000000000001,1
2018-05-22,404.75,402.25,407.0,401.0,166300.0,0.005,1
2018-05-21,402.75,405.5,407.5,401.25,181090.0,0.0025,1
2018-05-20,401.75,401.75,401.75,401.75,,-0.0019,-1
2018-05-18,402.5,395.25,403.5,395.0,181910.0,0.0183,1
2018-05-17,395.25,399.0,402.0,395.0,147540.0,-0.01,-1
2018-05-16,399.25,401.75,404.75,398.0,171920.0,-0.0075,-1
2018-05-15,402.25,396.25,402.5,396.0,190990.0,0.0341,1
2018-05-14,389.0,388.5,388.75,387.5,200.0,-0.0019,-1
2018-05-11,389.75,394.0,394.75,389.75,500.0,-0.0127,-1
2018-05-10,394.75,395.5,399.75,393.25,600.0,0.0,0
2018-05-09,394.75,396.25,397.0,394.0,910.0,-0.0019,-1
2018-05-08,395.5,392.75,396.0,391.25,2020.0,0.005699999999999999,1
2018-05-07,393.25,397.25,397.5,393.25,1960.0,-0.028999999999999998,-1
2018-05-06,405.0,405.0,405.0,405.0,,0.015700000000000002,1
2018-05-04,398.75,399.5,400.0,397.5,2090.0,-0.0019,-1
2018-05-03,399.5,396.0,399.5,395.0,1320.0,0.0088,1
2018-05-02,396.0,396.25,397.25,395.0,3180.0,-0.0019,-1
2018-05-01,396.75,393.0,397.0,391.5,7500.0,0.0108,1
2018-04-30,392.5,390.75,395.75,390.5,19340.0,0.0077,1
2018-04-27,389.5,385.25,390.5,385.25,165580.0,0.0091,1
2018-04-26,386.0,386.0,387.0,384.0,132000.0,-0.0013,-1
2018-04-25,386.5,381.0,387.25,380.5,148790.0,0.0138,1
2018-04-24,381.25,378.5,381.5,377.0,115020.0,0.0073,1
2018-04-23,378.5,376.5,379.25,376.25,151350.0,0.0046,1
2018-04-22,376.75,376.75,376.75,376.75,,0.0007000000000000001,1
2018-04-20,376.5,381.25,381.75,376.25,156690.0,-0.0144,-1
2018-04-19,382.0,382.75,383.5,380.75,113020.0,-0.0026,-1
2018-04-18,383.0,380.75,383.5,380.0,142850.0,0.0072,1
2018-04-17,380.25,383.0,384.5,379.75,239870.0,-0.0059,-1
2018-04-16,382.5,385.0,386.25,382.0,175610.0,-0.0097,-1
2018-04-13,386.25,388.5,389.25,385.0,233790.0,-0.0064,-1
2018-04-12,388.75,386.5,389.25,385.0,201800.0,0.0045000000000000005,1
2018-04-11,387.0,389.25,390.5,385.75,158050.0,-0.0058,-1
2018-04-10,389.25,390.0,392.25,388.5,272800.0,-0.0038,-1
2018-04-09,390.75,389.75,392.5,388.75,215390.0,0.0058,1
2018-04-06,388.5,382.0,390.0,382.0,309020.0,-0.0026,-1
2018-04-05,389.5,382.0,389.5,380.75,263910.0,0.0223,1
2018-04-04,381.0,388.0,389.0,372.0,367000.0,-0.019299999999999998,-1
2018-04-03,388.5,387.0,392.0,386.75,211500.0,0.0032,1
2018-04-02,387.25,389.25,392.5,387.0,207530.0,-0.0013,-1
2018-03-29,387.75,373.75,389.25,373.75,377910.0,0.0382,1
2018-03-28,373.5,374.25,375.0,372.0,173540.0,-0.0013,-1
2018-03-27,374.0,374.0,376.0,372.25,134330.0,0.0,0
2018-03-26,374.0,378.5,380.75,373.5,183530.0,-0.0086,-1
2018-03-23,377.25,376.25,378.25,369.25,279200.0,0.0033,1
2018-03-22,376.0,375.5,377.5,374.0,161680.0,0.0027,1
2018-03-21,375.0,375.0,375.75,373.75,149270.0,0.0013,1
2018-03-20,374.5,375.25,377.0,373.25,204620.0,-0.0013,-1
2018-03-19,375.0,382.0,382.0,374.75,245780.0,-0.0202,-1
2018-03-16,382.75,386.25,387.5,382.5,150930.0,-0.0103,-1
2018-03-15,386.75,388.25,390.75,385.5,182450.0,0.0085,1
2018-03-14,383.5,386.5,386.5,384.25,240.0,-0.0052,-1
2018-03-13,385.5,383.75,388.75,383.5,2040.0,0.0033,1
2018-03-12,384.25,382.75,384.25,380.5,1460.0,0.0033,1
2018-03-09,383.0,385.0,385.25,382.5,2980.0,-0.0070999999999999995,-1
2018-03-08,385.75,378.5,385.75,378.0,2390.0,0.0171,1
2018-03-07,379.25,378.75,380.75,378.5,4260.0,-0.0013,-1
2018-03-06,379.75,377.75,380.25,377.25,2300.0,0.004,1
2018-03-05,378.25,376.25,378.5,374.75,8180.0,0.0027,1
2018-03-02,377.25,377.75,380.25,376.0,5920.0,-0.004,-1
2018-03-01,378.75,374.0,379.0,372.0,8650.0,0.0113,1
2018-02-28,374.5,370.5,376.75,369.75,20800.0,0.0108,1
2018-02-27,370.5,368.25,371.0,367.75,240120.0,0.0054,1
2018-02-26,368.5,366.5,370.0,366.5,318910.0,0.0060999999999999995,1
2018-02-23,366.25,366.25,367.75,365.25,212350.0,-0.0014000000000000002,-1
2018-02-22,366.75,365.5,367.0,364.25,229120.0,0.0027,1
2018-02-21,365.75,365.75,368.5,364.25,266660.0,0.0007000000000000001,1
2018-02-20,365.5,369.0,370.0,365.25,319320.0,-0.0048,-1
2018-02-19,367.25,367.25,367.25,367.25,,0.0,0
2018-02-18,367.25,367.25,367.25,367.25,,-0.0007000000000000001,-1
2018-02-16,367.5,368.0,368.5,366.5,185260.0,-0.0007000000000000001,-1
2018-02-15,367.75,367.0,368.75,365.5,193480.0,0.0014000000000000002,1
2018-02-14,367.25,366.5,368.5,364.75,173640.0,0.0014000000000000002,1
2018-02-13,366.75,366.5,368.5,366.0,257670.00000000003,-0.0007000000000000001,-1
2018-02-12,367.0,365.0,367.0,364.25,264080.0,0.0138,1
2018-02-09,362.0,364.75,365.5,361.5,254700.0,-0.0103,-1
2018-02-08,365.75,365.0,367.75,364.5,341480.0,0.0014000000000000002,1
2018-02-07,365.25,363.75,365.75,362.5,478330.0,0.0048,1
2018-02-06,363.5,358.75,364.0,356.25,236190.0,0.0132,1
2018-02-05,358.75,359.5,360.75,357.25,260350.00000000003,-0.0062,-1
2018-02-04,361.0,361.0,361.0,361.0,,-0.0014000000000000002,-1
2018-02-02,361.5,361.0,362.5,359.5,198990.0,-0.0007000000000000001,-1
2018-02-01,361.75,360.75,362.0,358.5,254880.0,0.0007000000000000001,1
2018-01-31,361.5,361.5,362.0,359.5,180490.0,0.0,0
2018-01-30,361.5,359.5,362.25,359.0,223190.0,0.0077,1
2018-01-29,358.75,356.75,359.25,356.75,179930.0,0.0063,1
2018-01-26,356.5,355.0,357.0,354.5,140790.0,0.0034999999999999996,1
2018-01-25,355.25,356.0,358.0,354.5,223610.0,-0.0034999999999999996,-1
2018-01-24,356.5,351.25,357.0,349.75,326300.0,0.0149,1
2018-01-23,351.25,351.75,352.0,349.5,204570.0,-0.0021,-1
2018-01-22,352.0,353.5,354.5,351.25,177590.0,-0.0014000000000000002,-1
2018-01-19,352.5,351.5,354.0,351.25,145950.0,0.0028000000000000004,1
2018-01-18,351.5,352.5,354.0,350.5,186650.0,-0.0042,-1
2018-01-17,353.0,348.5,353.25,348.25,236710.0,0.013600000000000001,1
2018-01-16,348.25,347.25,349.25,346.0,179430.0,0.0058,1
2018-01-12,346.25,348.75,350.0,345.5,216390.0,-0.0072,-1
2018-01-11,348.75,349.0,350.5,348.0,159180.0,-0.0007000000000000001,-1
2018-01-10,349.0,348.75,350.0,348.0,145550.0,0.0,0
2018-01-09,349.0,347.5,350.0,347.25,150410.0,0.005,1
2018-01-08,347.25,350.75,351.5,346.75,274880.0,-0.011399999999999999,-1
2018-01-05,351.25,350.75,352.25,350.25,143910.0,0.0007000000000000001,1
2018-01-04,351.0,353.0,353.5,350.25,179970.0,-0.005699999999999999,-1
2018-01-03,353.0,353.0,354.75,352.25,138590.0,-0.0007000000000000001,-1
2018-01-02,353.25,351.25,354.0,350.5,150140.0,0.0070999999999999995,1
2017-12-29,350.75,351.25,351.5,350.25,100180.0,-0.0036,-1
2017-12-28,352.0,353.0,353.5,350.0,102490.0,-0.0049,-1
2017-12-27,353.75,352.0,354.25,351.75,93750.0,0.0028000000000000004,1
2017-12-26,352.75,352.0,353.25,351.0,65860.0,0.0021,1
2017-12-22,352.0,350.75,352.5,350.5,67470.0,0.0021,1
2017-12-21,351.25,349.0,351.75,348.5,110470.0,0.005699999999999999,1
2017-12-20,349.25,347.5,349.75,347.25,110060.0,0.005,1
2017-12-19,347.5,346.75,348.75,346.5,82270.0,0.0014000000000000002,1
2017-12-18,347.0,347.25,348.75,346.5,97580.0,-0.0014000000000000002,-1
2017-12-15,347.5,348.75,350.75,346.5,133620.0,0.0335,1
2017-12-14,336.25,337.0,338.0,336.25,150.0,-0.0015,-1
2017-12-13,336.75,337.25,337.5,336.5,360.0,0.003,1
2017-12-12,335.75,336.5,340.75,335.25,850.0,-0.0022,-1
2017-12-11,336.5,340.0,340.0,336.0,1060.0,-0.0103,-1
2017-12-08,340.0,338.5,341.25,338.5,1280.0,0.0037,1
2017-12-07,338.75,339.0,340.0,337.5,2890.0,-0.0015,-1
2017-12-06,339.25,339.0,341.5,337.75,5520.0,-0.0015,-1
2017-12-05,339.75,339.75,343.0,338.5,7540.0,0.0007000000000000001,1
2017-12-04,339.5,344.75,346.0,338.75,9370.0,-0.0152,-1
2017-12-01,344.75,341.75,345.25,341.0,10230.0,0.0088,1
2017-11-30,341.75,339.25,343.0,337.5,26040.0,0.008100000000000001,1
2017-11-29,339.0,335.75,340.0,335.5,234590.0,0.008199999999999999,1
2017-11-28,336.25,339.0,339.5,335.75,183160.0,-0.0074,-1
2017-11-27,338.75,342.5,342.5,338.5,281560.0,-0.0102,-1
2017-11-24,342.25,344.25,345.75,339.75,163450.0,-0.0087,-1
2017-11-22,345.25,344.25,347.0,344.0,184440.0,0.0007000000000000001,1
2017-11-21,345.0,344.0,345.75,342.75,257459.99999999997,0.0,0
2017-11-20,345.0,342.5,345.25,341.5,289330.0,0.0058,1
2017-11-17,343.0,336.5,343.5,336.5,352930.0,0.019299999999999998,1
2017-11-16,336.5,338.25,339.0,336.25,186660.0,-0.0052,-1
2017-11-15,338.25,337.25,339.0,337.0,217010.0,0.0022,1
2017-11-14,337.5,342.0,342.25,337.25,220980.0,-0.0139,-1
2017-11-13,342.25,343.5,344.0,341.5,289720.0,-0.0036,-1
2017-11-10,343.5,341.75,344.0,341.0,349160.0,0.0059,1
2017-11-09,341.5,347.5,349.75,340.75,475090.0,-0.0194,-1
2017-11-08,348.25,347.5,349.0,345.75,219590.0,0.0014000000000000002,1
2017-11-07,347.75,347.75,348.25,346.25,297240.0,-0.0007000000000000001,-1
2017-11-06,348.0,348.5,350.25,347.75,204480.0,-0.0007000000000000001,-1
2017-11-03,348.25,350.25,351.0,347.5,200480.0,-0.0064,-1
2017-11-02,350.5,347.75,352.0,347.5,162580.0,0.006500000000000001,1
2017-11-01,348.25,345.75,349.25,345.25,213760.0,0.0072,1
2017-10-31,345.75,348.0,348.75,345.5,174830.0,-0.0086,-1
2017-10-30,348.75,348.5,349.75,347.25,122260.0,0.0,0
2017-10-27,348.75,350.25,350.25,347.5,171570.0,-0.005,-1
2017-10-26,350.5,350.75,352.0,349.5,148530.0,-0.0014000000000000002,-1
2017-10-25,351.0,352.5,355.25,350.5,200920.0,-0.005,-1
2017-10-24,352.75,351.0,353.0,349.5,214410.0,0.0043,1
2017-10-23,351.25,344.25,351.75,343.0,256750.0,0.0196,1
2017-10-20,344.5,349.0,350.0,344.25,192810.0,-0.0129,-1
2017-10-19,349.0,348.75,351.5,348.5,128710.00000000001,0.0014000000000000002,1
2017-10-18,348.5,350.25,350.5,347.75,132780.0,-0.0043,-1
2017-10-17,350.0,350.25,351.75,348.5,137780.0,-0.0014000000000000002,-1
2017-10-16,350.5,352.75,353.25,349.75,142220.0,-0.0064,-1
2017-10-13,352.75,348.5,353.5,348.25,155340.0,0.010700000000000001,1
2017-10-12,349.0,346.0,354.0,342.5,332720.0,0.0087,1
2017-10-11,346.0,348.75,349.0,345.5,164710.0,-0.009300000000000001,-1
2017-10-10,349.25,349.0,351.25,348.25,113930.0,-0.0007000000000000001,-1
2017-10-09,349.5,350.5,351.75,348.0,111790.0,-0.0014000000000000002,-1
2017-10-06,350.0,349.25,351.0,348.5,140440.0,0.0014000000000000002,1
2017-10-05,349.5,348.25,351.25,347.5,112670.0,0.0036,1
2017-10-04,348.25,349.25,349.5,346.0,168210.0,-0.0036,-1
2017-10-03,349.5,351.5,351.5,348.75,191400.0,-0.005699999999999999,-1
2017-10-02,351.5,354.75,356.25,351.0,187890.0,-0.0106,-1
2017-09-29,355.25,352.25,358.0,350.0,241960.0,0.0078000000000000005,1
2017-09-28,352.5,353.25,353.75,350.5,134800.0,-0.0042,-1
2017-09-27,354.0,352.0,354.5,348.5,186060.0,0.005,1
2017-09-26,352.25,352.75,355.5,351.5,176190.0,-0.0042,-1
2017-09-25,353.75,352.75,355.0,351.25,109530.0,0.0007000000000000001,1
2017-09-22,353.5,349.75,356.25,349.5,138980.0,0.009300000000000001,1
2017-09-21,350.25,349.5,351.25,348.5,93440.0,0.0007000000000000001,1
2017-09-20,350.0,348.0,351.5,347.25,112070.0,0.005,1
2017-09-19,348.25,351.0,353.25,346.5,159680.0,-0.0092,-1
2017-09-18,351.5,353.25,355.5,350.5,113070.0,-0.0092,-1
2017-09-15,354.75,353.5,355.5,352.5,117680.0,0.038,1
2017-09-14,341.75,343.25,343.25,341.25,50.0,0.0096,1
2017-09-13,338.5,339.5,344.25,339.25,250.0,-0.0044,-1
2017-09-12,340.0,346.0,346.0,336.0,450.0,-0.0159,-1
2017-09-11,345.5,345.25,346.5,342.75,750.0,0.0036,1
2017-09-08,344.25,342.25,345.5,342.25,780.0,0.0073,1
2017-09-07,341.75,346.75,346.75,341.75,1750.0,-0.0151,-1
2017-09-06,347.0,343.75,347.25,342.0,2890.0,0.008,1
2017-09-05,344.25,343.25,345.75,341.25,4610.0,0.0125,1
2017-09-01,340.0,341.5,345.5,338.0,7810.0,-0.0066,-1
2017-08-31,342.25,329.25,342.75,328.5,14610.0,0.0387,1
2017-08-30,329.5,333.0,334.0,329.0,159950.0,-0.012,-1
2017-08-29,333.5,335.5,336.0,332.0,130110.00000000001,-0.0074,-1
2017-08-28,336.0,338.75,340.25,335.5,113740.0,-0.008100000000000001,-1
2017-08-25,338.75,342.0,342.75,338.0,124310.0,-0.0095,-1
2017-08-24,342.0,341.5,342.75,340.25,107370.0,0.0,0
2017-08-23,342.0,346.25,348.75,341.5,87530.0,-0.0116,-1
2017-08-22,346.0,349.0,351.0,346.0,119930.0,-0.0086,-1
2017-08-21,349.0,350.5,350.75,346.5,97330.0,-0.0085,-1
2017-08-18,352.0,350.0,352.5,349.75,132650.0,0.0043,1
2017-08-17,350.5,352.5,353.75,349.5,84680.0,-0.005699999999999999,-1
2017-08-16,352.5,355.0,356.75,349.25,159750.0,-0.0077,-1
2017-08-15,355.25,361.0,361.0,354.0,112630.0,-0.0207,-1
2017-08-14,362.75,358.75,363.0,356.0,95280.0,0.0055000000000000005,1
2017-08-11,360.75,358.75,361.5,357.25,130810.0,0.0098,1
2017-08-10,357.25,371.75,375.5,356.5,316360.0,-0.0403,-1
2017-08-09,372.25,369.0,372.5,368.75,182890.0,0.0068000000000000005,1
2017-08-08,369.75,372.5,374.25,368.25,185790.0,-0.0067,-1
2017-08-07,372.25,368.75,372.5,368.25,150030.0,0.015700000000000002,1
2017-08-04,366.5,363.5,368.0,363.25,101340.0,0.0083,1
2017-08-03,363.5,365.0,367.25,361.25,156600.0,-0.0040999999999999995,-1
2017-08-02,365.0,364.5,367.25,363.75,93630.0,0.0069,1
2017-08-01,362.5,369.25,371.5,366.0,108460.0,-0.0223,-1
2017-07-31,370.75,371.0,372.25,367.5,81960.0,-0.009399999999999999,-1
2017-07-28,374.25,373.75,377.0,373.0,71010.0,0.0,0
2017-07-27,374.25,374.0,377.25,373.0,77170.0,0.004,1
2017-07-26,372.75,368.5,373.25,366.0,102550.0,0.0108,1
2017-07-25,368.75,382.0,383.75,368.5,123050.0,-0.0225,-1
2017-07-24,377.25,375.5,377.5,371.0,124950.0,-0.0066,-1
2017-07-21,379.75,390.5,391.0,378.5,147010.0,-0.0288,-1
2017-07-20,391.0,382.5,393.25,380.5,139460.0,0.0222,1
2017-07-19,382.5,376.5,389.0,374.25,139740.0,0.0146,1
2017-07-18,377.0,380.75,388.75,375.25,154630.0,0.0053,1
2017-07-17,375.0,375.75,378.75,370.5,113700.0,0.026699999999999998,1
2017-07-14,365.25,369.0,369.0,369.0,130.0,0.0118,1
2017-07-13,361.0,376.25,376.25,360.0,500.0,-0.0405,-1
2017-07-12,376.25,390.5,391.25,376.0,900.0,-0.0408,-1
2017-07-11,392.25,393.25,394.5,387.0,1710.0,0.0013,1
2017-07-10,391.75,387.75,392.25,387.75,1410.0,0.024900000000000002,1
2017-07-07,382.25,379.0,386.75,378.25,2870.0,0.0053,1
2017-07-06,380.25,380.0,381.25,374.75,4900.0,-0.0039000000000000003,-1
2017-07-05,381.75,379.5,383.25,374.75,7600.0,0.009899999999999999,1
2017-07-03,378.0,373.25,385.25,373.0,10730.0,0.0202,1
2017-06-30,370.5,360.0,372.5,359.5,24410.0,0.029900000000000003,1
2017-06-29,359.75,356.75,362.25,356.25,169170.0,0.0084,1
2017-06-28,356.75,359.5,360.5,356.75,219540.0,-0.006999999999999999,-1
2017-06-27,359.25,361.25,364.25,359.25,208880.0,0.0007000000000000001,1
2017-06-26,359.0,358.5,361.75,357.25,212560.0,0.0034999999999999996,1
2017-06-23,357.75,362.75,364.75,356.5,250370.0,-0.0138,-1
2017-06-22,362.75,368.75,369.25,362.5,178700.0,-0.0163,-1
2017-06-21,368.75,369.5,373.5,368.25,164650.0,-0.0034000000000000002,-1
2017-06-20,370.0,376.25,377.5,369.25,203110.0,-0.013999999999999999,-1
2017-06-19,375.25,378.25,381.5,375.25,237060.0,-0.022799999999999997,-1
2017-06-16,384.0,378.75,384.5,377.0,206390.0,0.011899999999999999,1
2017-06-15,379.5,376.75,382.0,370.0,266280.0,0.0066,1
2017-06-14,377.0,381.0,385.0,376.75,199410.0,-0.0105,-1
2017-06-13,381.0,379.25,383.75,377.5,247970.0,0.009899999999999999,1
2017-06-12,377.25,386.0,387.25,376.25,371350.0,-0.0271,-1
2017-06-09,387.75,384.25,389.5,380.75,268360.0,0.0052,1
2017-06-08,385.75,385.0,391.75,384.25,398380.0,0.0026,1
2017-06-07,384.75,378.25,387.0,378.25,523850.0,0.0199,1
2017-06-06,377.25,372.0,379.75,371.25,255150.0,0.011399999999999999,1
2017-06-05,373.0,373.75,375.5,372.0,196480.0,0.0007000000000000001,1
2017-06-02,372.75,370.5,374.75,369.5,131230.0,0.0060999999999999995,1
2017-06-01,370.5,371.5,373.75,367.5,177070.0,-0.004,-1
2017-05-31,372.0,370.25,376.5,369.0,263400.0,0.013600000000000001,1
2017-05-30,367.0,373.5,373.75,366.25,208780.0,-0.0194,-1
2017-05-26,374.25,369.25,374.75,368.75,130479.99999999999,0.013500000000000002,1
2017-05-25,369.25,371.0,373.0,368.75,110610.0,-0.0054,-1
2017-05-24,371.25,370.0,371.5,368.75,108550.0,0.004699999999999999,1
2017-05-23,369.5,374.75,375.75,369.0,178140.0,-0.0147,-1
2017-05-22,375.0,372.75,377.5,371.75,170820.0,0.0067,1
2017-05-19,372.5,366.0,373.0,366.0,201670.0,0.0178,1
2017-05-18,366.0,371.5,371.5,364.25,194690.0,-0.0148,-1
2017-05-17,371.5,367.0,372.25,366.25,140850.0,0.0102,1
2017-05-16,367.75,367.25,368.75,365.25,115030.0,0.0,0
2017-05-15,367.75,370.5,371.75,367.25,116960.0,0.0166,1
2017-05-12,361.75,361.0,362.0,360.0,210.0,0.0034999999999999996,1
2017-05-11,360.5,364.25,364.25,360.25,340.0,-0.013000000000000001,-1
2017-05-10,365.25,358.75,365.0,358.25,1020.0,0.0195,1
2017-05-09,358.25,358.25,360.5,357.25,1630.0,0.0042,1
2017-05-08,356.75,360.5,360.75,356.25,1960.0,-0.0138,-1
2017-05-05,361.75,359.0,365.5,359.0,2390.0,0.0105,1
2017-05-04,358.0,367.0,367.5,357.5,2960.0,-0.0225,-1
2017-05-03,366.25,363.5,367.5,362.25,4170.0,0.0062,1
2017-05-02,364.0,367.25,369.75,362.25,4950.0,-0.014199999999999999,-1
2017-05-01,369.25,363.0,370.5,361.75,9790.0,0.031400000000000004,1
2017-04-28,358.0,360.0,361.25,355.5,31570.0,-0.011000000000000001,-1
2017-04-27,362.0,358.75,364.0,358.5,148980.0,0.0084,1
2017-04-26,359.0,365.0,367.25,358.25,199690.0,-0.016399999999999998,-1
2017-04-25,365.0,359.25,368.25,356.25,180780.0,0.016,1
2017-04-24,359.25,358.0,360.5,356.25,159110.0,0.0063,1
2017-04-21,357.0,357.5,358.75,354.25,181730.0,-0.0021,-1
2017-04-20,357.75,361.75,363.75,357.25,176900.0,-0.0111,-1
2017-04-19,361.75,361.25,365.25,360.5,188300.0,0.0,0
2017-04-18,361.75,366.5,368.0,360.75,200180.0,-0.013000000000000001,-1
2017-04-17,366.5,371.0,372.0,365.5,146560.0,-0.0121,-1
2017-04-13,371.0,368.75,373.0,368.5,267050.0,0.0054,1
2017-04-12,369.0,366.5,371.5,366.25,237720.0,0.0068000000000000005,1
2017-04-11,366.5,366.0,369.0,362.25,254160.0,-0.0014000000000000002,-1
2017-04-10,367.0,360.0,367.0,359.0,222750.0,0.0209,1
2017-04-07,359.5,360.5,361.75,357.25,233390.0,-0.0034999999999999996,-1
2017-04-06,360.75,364.25,365.5,360.0,137980.0,-0.011000000000000001,-1
2017-04-05,364.75,363.0,365.75,361.5,143410.0,0.0048,1
2017-04-04,363.0,367.0,369.75,362.75,157420.0,-0.0129,-1
2017-04-03,367.75,365.75,371.75,365.5,230410.0,0.0096,1
2017-03-31,364.25,358.0,366.75,355.0,302100.0,0.0189,1
2017-03-30,357.5,358.25,358.75,356.75,105350.0,-0.0028000000000000004,-1
2017-03-29,358.5,357.25,360.75,356.5,140220.0,0.0021,1
2017-03-28,357.75,356.0,358.75,355.75,126480.0,0.005600000000000001,1
2017-03-27,355.75,356.75,358.25,354.25,146440.0,-0.0014000000000000002,-1
2017-03-24,356.25,357.0,358.0,355.25,114280.0,-0.0014000000000000002,-1
2017-03-23,356.75,358.5,359.75,356.25,125350.0,-0.005600000000000001,-1
2017-03-22,358.75,361.25,361.75,358.25,135920.0,-0.0069,-1
2017-03-21,361.25,363.5,364.0,359.25,153610.0,-0.0062,-1
2017-03-20,363.5,369.0,370.75,363.0,146670.0,-0.0109,-1
2017-03-17,367.5,366.25,367.75,364.5,94240.0,0.0040999999999999995,1
2017-03-16,366.0,363.5,367.0,363.5,111740.0,0.0069,1
2017-03-15,363.5,362.25,364.75,362.0,107400.0,0.0276,1
2017-03-14,353.75,354.0,358.25,353.0,520.0,-0.0021,-1
2017-03-13,354.5,358.0,358.75,353.5,1650.0,-0.0098,-1
2017-03-10,358.0,360.25,360.25,356.0,1740.0,-0.0049,-1
2017-03-09,359.75,366.0,366.5,359.25,2000.0,-0.0151,-1
2017-03-08,365.25,369.25,370.25,365.0,7050.0,-0.0115,-1
2017-03-07,369.5,373.0,373.75,367.5,4530.0,-0.0087,-1
2017-03-06,372.75,375.5,377.0,371.0,3710.0,-0.0053,-1
2017-03-03,374.75,371.75,375.5,371.25,4000.0,0.0054,1
2017-03-02,372.75,375.0,375.75,370.5,10940.0,-0.008,-1
2017-03-01,375.75,366.25,376.0,365.75,11270.0,0.0245,1
2017-02-28,366.75,361.5,378.75,361.25,43460.0,0.018000000000000002,1
2017-02-27,360.25,364.25,365.5,359.5,227530.0,-0.0103,-1
2017-02-24,364.0,365.75,366.75,362.5,217650.0,-0.0040999999999999995,-1
2017-02-23,365.5,370.5,371.75,365.25,176310.0,-0.0148,-1
2017-02-22,371.0,369.25,372.75,369.25,167700.0,0.004699999999999999,1
2017-02-21,369.25,368.5,370.75,366.5,192460.0,0.0027,1
2017-02-17,368.25,373.25,373.25,368.0,190290.0,-0.0141,-1
2017-02-16,373.5,378.0,380.0,373.0,202510.0,-0.0139,-1
2017-02-15,378.75,374.0,379.0,371.75,234390.0,0.012,1
2017-02-14,374.25,375.0,375.25,373.0,182590.0,-0.0033,-1
2017-02-13,375.5,373.5,376.75,371.75,243360.0,0.0027,1
2017-02-10,374.5,368.5,375.5,368.5,258230.00000000003,0.013500000000000002,1
2017-02-09,369.5,369.5,372.75,367.5,302880.0,-0.0034000000000000002,-1
2017-02-08,370.75,368.0,371.0,366.5,215520.0,0.0060999999999999995,1
2017-02-07,368.5,363.75,369.0,362.5,201070.0,0.0131,1
2017-02-06,363.75,364.0,368.75,362.5,123030.0,-0.0040999999999999995,-1
2017-02-03,365.25,365.75,367.75,364.0,131490.0,-0.0060999999999999995,-1
2017-02-02,367.5,367.5,369.75,366.25,161840.0,-0.002,-1
2017-02-01,368.25,360.0,368.5,358.0,238050.0,0.0236,1
2017-01-31,359.75,358.5,361.25,357.75,144840.0,0.005600000000000001,1
2017-01-30,357.75,361.5,361.75,355.75,185500.0,-0.0131,-1
2017-01-27,362.5,363.25,364.25,360.5,131330.0,-0.0034000000000000002,-1
2017-01-26,363.75,366.0,366.75,362.0,115940.0,-0.0068000000000000005,-1
2017-01-25,366.25,363.25,366.75,361.0,144570.0,0.0083,1
2017-01-24,363.25,369.25,371.0,362.25,198150.0,-0.0169,-1
2017-01-23,369.5,369.5,370.0,367.5,145750.0,-0.0007000000000000001,-1
2017-01-20,369.75,366.0,370.0,365.0,199860.0,0.0096,1
2017-01-19,366.25,364.0,367.5,362.75,167430.0,0.0034000000000000002,1
2017-01-18,365.0,364.5,367.75,362.75,210570.0,-0.0014000000000000002,-1
2017-01-17,365.5,359.0,366.5,358.5,317610.0,0.0195,1
2017-01-13,358.5,357.5,359.5,355.25,168020.0,0.0007000000000000001,1
2017-01-12,358.25,357.0,360.0,353.0,256250.0,0.0028000000000000004,1
2017-01-11,357.25,357.75,358.25,352.0,209460.0,-0.0028000000000000004,-1
2017-01-10,358.25,359.25,359.5,357.25,134080.0,-0.0049,-1
2017-01-09,360.0,359.0,360.75,355.25,185760.0,0.005600000000000001,1
2017-01-06,358.0,360.75,362.5,356.75,166340.0,-0.009000000000000001,-1
2017-01-05,361.25,359.5,362.75,358.5,194540.0,0.0042,1
2017-01-04,359.75,355.0,360.0,354.75,171290.0,0.011200000000000002,1
2017-01-03,355.75,352.0,358.5,351.5,174700.0,0.010700000000000001,1
2016-12-30,352.0,349.5,353.0,347.75,112010.0,0.0064,1
2016-12-29,349.75,348.25,351.0,347.5,92600.0,0.0043,1
2016-12-28,348.25,354.25,354.75,347.25,122290.0,-0.019,-1
2016-12-27,355.0,346.5,356.0,346.25,132720.0,0.0268,1
2016-12-23,345.75,347.0,347.75,345.5,79910.0,-0.0043,-1
2016-12-22,347.25,347.25,348.0,346.0,97050.0,0.0,0
2016-12-21,347.25,350.0,351.25,346.75,105210.0,-0.0086,-1
2016-12-20,350.25,353.25,353.75,349.25,103800.0,-0.0085,-1
2016-12-19,353.25,356.0,356.75,351.5,93940.0,-0.0084,-1
2016-12-16,356.25,356.0,359.0,353.5,113010.0,-0.0007000000000000001,-1
2016-12-15,356.5,361.5,363.0,356.25,136200.0,0.013500000000000002,1
2016-12-14,351.75,356.75,357.0,353.5,520.0,-0.0126,-1
2016-12-13,356.25,355.25,359.0,353.5,1370.0,0.0049,1
2016-12-12,354.5,352.25,355.0,349.75,2000.0,0.005699999999999999,1
2016-12-09,352.5,349.0,352.5,344.5,1720.0,0.0173,1
2016-12-08,346.5,350.25,352.75,344.25,1940.0,-0.011399999999999999,-1
2016-12-07,350.5,350.25,351.0,347.25,2350.0,-0.0014000000000000002,-1
2016-12-06,351.0,348.25,354.0,348.25,2550.0,0.0043,1
2016-12-05,349.5,337.5,350.0,337.5,4150.0,0.0356,1
2016-12-02,337.5,332.75,338.0,332.75,8160.0,0.0173,1
2016-12-01,331.75,337.0,338.25,331.0,8930.0,-0.0148,-1
2016-11-30,336.75,337.25,341.75,336.0,35070.0,0.0,0
2016-11-29,336.75,348.0,348.25,335.5,190800.0,-0.0337,-1
2016-11-28,348.5,349.25,353.0,346.75,208950.0,-0.0021,-1
2016-11-25,349.25,349.75,350.75,348.5,176200.0,-0.0043,-1
2016-11-23,350.75,350.25,351.0,346.5,190750.0,-0.0007000000000000001,-1
2016-11-22,351.0,349.5,351.75,346.0,197450.0,0.0036,1
2016-11-21,349.75,345.25,350.0,344.75,169050.0,0.0123,1
2016-11-18,345.5,342.0,346.75,340.5,171450.0,0.0102,1
2016-11-17,342.0,339.0,343.5,338.25,192490.0,0.0103,1
2016-11-16,338.5,341.5,343.5,338.5,145240.0,-0.0088,-1
2016-11-15,341.5,337.0,342.25,335.75,190520.0,0.0126,1
2016-11-14,337.25,340.5,341.0,335.5,181710.0,-0.0088,-1
2016-11-11,340.25,343.25,345.0,339.0,212980.0,-0.0095,-1
2016-11-10,343.5,341.5,346.5,340.25,261279.99999999997,0.008100000000000001,1
2016-11-09,340.75,353.0,355.0,340.5,323410.0,-0.0381,-1
2016-11-08,354.25,346.0,356.5,345.0,351910.0,0.0231,1
2016-11-07,346.25,348.0,349.5,345.0,200740.0,-0.0072,-1
2016-11-04,348.75,348.0,349.75,345.5,126190.0,0.0022,1
2016-11-03,348.0,346.25,348.75,345.0,138700.0,0.0051,1
2016-11-02,346.25,348.75,350.5,344.25,217590.0,-0.0079,-1
2016-11-01,349.0,354.75,354.75,347.25,219270.0,-0.016200000000000003,-1
2016-10-31,354.75,355.0,358.0,352.25,171940.0,-0.0007000000000000001,-1
2016-10-28,355.0,357.5,358.25,354.25,122850.0,-0.006999999999999999,-1
2016-10-27,357.5,353.75,358.5,352.25,197470.0,0.009899999999999999,1
2016-10-26,354.0,349.25,355.75,349.0,170680.0,0.013600000000000001,1
2016-10-25,349.25,348.25,352.25,347.25,127780.0,0.0029,1
2016-10-24,348.25,351.5,354.5,346.25,152700.0,-0.0121,-1
2016-10-21,352.5,351.25,354.25,350.5,115810.0,0.0043,1
2016-10-20,351.0,357.5,359.25,349.25,173300.0,-0.0182,-1
2016-10-19,357.5,353.5,358.0,351.0,168840.0,0.0106,1
2016-10-18,353.75,354.25,357.5,351.5,140470.0,-0.0007000000000000001,-1
2016-10-17,354.0,353.0,357.75,350.25,150350.0,-0.0007000000000000001,-1
2016-10-14,354.25,349.5,358.75,348.75,275680.0,0.013600000000000001,1
2016-10-13,349.5,337.5,349.75,337.25,216230.0,0.0371,1
2016-10-12,337.0,345.0,348.5,336.5,219040.0,-0.0246,-1
2016-10-11,345.5,343.0,347.0,341.0,148300.0,0.0066,1
2016-10-10,343.25,339.5,344.25,339.25,112530.0,0.0103,1
2016-10-07,339.75,340.75,344.75,339.5,173880.0,-0.0022,-1
2016-10-06,340.5,347.25,347.75,338.5,178130.0,-0.0208,-1
2016-10-05,347.75,347.75,349.25,345.25,142710.0,-0.0014000000000000002,-1
2016-10-04,348.25,345.0,349.0,343.5,158040.0,0.006500000000000001,1
2016-10-03,346.0,336.25,347.75,335.25,234810.0,0.0275,1
2016-09-30,336.75,329.0,337.5,325.0,258970.00000000003,0.022799999999999997,1
2016-09-29,329.25,329.75,333.5,328.0,119730.0,0.0,0
2016-09-28,329.25,331.75,332.5,328.75,107530.0,-0.0075,-1
2016-09-27,331.75,329.25,332.5,327.25,147070.0,0.0084,1
2016-09-26,329.0,334.0,336.5,328.5,160540.0,-0.0223,-1
2016-09-23,336.5,336.0,338.5,333.75,150670.0,-0.0007000000000000001,-1
2016-09-22,336.75,339.25,341.5,334.75,122260.0,-0.0096,-1
2016-09-21,340.0,339.0,341.0,338.0,101260.0,-0.0015,-1
2016-09-20,340.5,336.0,342.25,335.0,127940.0,0.0096,1
2016-09-19,337.25,337.25,340.0,332.25,139740.0,0.0007000000000000001,1
2016-09-16,337.0,329.0,338.25,327.5,165290.0,0.0212,1
2016-09-15,330.0,331.5,334.75,327.5,131020.00000000001,0.024,1
2016-09-14,322.25,320.5,320.5,317.5,40.0,0.009399999999999999,1
2016-09-13,319.25,329.25,330.0,320.25,710.0,-0.0304,-1
2016-09-12,329.25,329.25,330.5,326.0,1200.0,-0.0023,-1
2016-09-09,330.0,326.5,330.5,323.75,780.0,0.0092,1
2016-09-08,327.0,322.0,326.75,321.5,1480.0,0.0187,1
2016-09-07,321.0,316.25,322.0,315.0,2570.0,0.0134,1
2016-09-06,316.75,316.0,317.75,312.25,2460.0,0.0008,1
2016-09-02,316.5,311.0,317.75,311.0,3410.0,0.0177,1
2016-09-01,311.0,302.0,311.5,301.75,11500.0,0.0315,1
2016-08-31,301.5,304.0,307.25,301.0,25260.0,-0.008199999999999999,-1
2016-08-30,304.0,311.75,312.75,303.5,132220.0,-0.024900000000000002,-1
2016-08-29,311.75,316.25,318.75,310.75,128340.0,-0.014199999999999999,-1
2016-08-26,316.25,323.5,325.25,315.75,98580.0,-0.022400000000000003,-1
2016-08-25,323.5,327.0,328.5,322.25,94420.0,-0.012199999999999999,-1
2016-08-24,327.5,328.25,330.5,325.5,77910.0,-0.003,-1
2016-08-23,328.5,333.0,333.0,326.5,90240.0,-0.0143,-1
2016-08-22,333.25,333.75,334.5,330.5,71840.0,-0.003,-1
2016-08-19,334.25,332.25,334.75,330.0,85600.0,0.0068000000000000005,1
2016-08-18,332.0,330.0,333.0,326.5,72270.0,0.0053,1
2016-08-17,330.25,327.25,330.75,327.0,103660.0,0.0084,1
2016-08-16,327.5,326.75,329.0,324.25,78800.0,0.0031,1
2016-08-15,326.5,321.25,329.0,321.0,75700.0,0.0132,1
2016-08-12,322.25,320.5,323.0,312.0,146080.0,0.0039000000000000003,1
2016-08-11,321.0,322.25,323.75,320.5,125760.0,-0.004699999999999999,-1
2016-08-10,322.5,322.0,325.5,321.25,148920.0,0.0008,1
2016-08-09,322.25,325.25,326.75,322.0,121420.0,-0.0092,-1
2016-08-08,325.25,324.25,328.0,322.5,148920.0,0.0031,1
2016-08-05,324.25,320.5,325.0,320.0,139530.0,0.0109,1
2016-08-04,320.75,325.0,326.75,320.5,83080.0,-0.0131,-1
2016-08-03,325.0,323.75,328.75,322.25,91700.0,0.0023,1
2016-08-02,324.25,325.25,327.5,319.5,120080.0,-0.0046,-1
2016-08-01,325.75,332.5,333.75,325.5,83570.0,-0.0262,-1
2016-07-29,334.5,331.25,335.0,328.75,102310.0,0.0098,1
2016-07-28,331.25,335.75,338.5,329.0,88780.0,-0.0134,-1
2016-07-27,335.75,332.5,338.0,331.75,81050.0,0.0098,1
2016-07-26,332.5,333.5,336.5,331.0,95060.0,-0.0067,-1
2016-07-25,334.75,335.0,338.25,330.25,92720.0,-0.0007000000000000001,-1
2016-07-22,335.0,334.5,336.75,326.75,101550.0,0.0022,1
2016-07-21,334.25,337.75,341.75,332.75,92500.0,-0.0096,-1
2016-07-20,337.5,344.25,346.5,335.0,111930.0,-0.0124,-1
2016-07-19,341.75,356.5,356.5,341.5,88390.0,-0.042699999999999995,-1
2016-07-18,357.0,352.25,357.5,348.25,84620.0,0.013500000000000002,1
2016-07-15,352.25,356.5,361.0,343.0,104620.0,-0.0276,-1
2016-07-14,362.25,369.5,374.5,360.0,230.0,-0.0096,-1
2016-07-13,365.75,353.0,372.75,348.5,670.0,0.045700000000000005,1
2016-07-12,349.75,343.0,350.25,339.75,390.0,0.0175,1
2016-07-11,343.75,354.25,354.75,341.75,1160.0,-0.0172,-1
2016-07-08,349.75,337.25,349.0,336.75,1160.0,0.0425,1
2016-07-07,335.5,338.5,348.0,334.5,2550.0,-0.0007000000000000001,-1
2016-07-06,335.75,344.75,346.5,333.0,4290.0,-0.024,-1
2016-07-05,344.0,348.0,350.5,333.75,4790.0,-0.0255,-1
2016-07-01,353.0,360.75,362.25,351.75,6930.0,-0.016,-1
2016-06-30,358.75,375.0,377.5,355.75,37490.0,-0.037599999999999995,-1
2016-06-29,372.75,385.5,387.25,372.25,99430.0,-0.032400000000000005,-1
2016-06-28,385.25,383.0,398.25,382.5,121380.0,0.0,0
2016-06-27,385.25,384.25,392.0,383.0,123570.0,0.002,1
2016-06-24,384.5,387.5,390.0,373.5,180560.0,-0.0070999999999999995,-1
2016-06-23,387.25,392.0,392.75,384.0,164760.0,-0.0146,-1
2016-06-22,393.0,396.5,401.0,392.25,211880.0,-0.008199999999999999,-1
2016-06-21,396.25,420.5,422.25,396.25,292420.0,-0.0593,-1
2016-06-20,421.25,435.5,435.75,420.5,204940.0,-0.0377,-1
2016-06-17,437.75,425.0,438.25,423.5,179120.0,0.0294,1
2016-06-16,425.25,426.25,429.75,420.5,196400.0,-0.0087,-1
2016-06-15,429.0,435.75,439.0,428.5,186440.0,-0.0172,-1
2016-06-14,436.5,429.5,436.75,423.5,236330.0,0.0151,1
2016-06-13,430.0,427.5,438.0,427.5,304090.0,0.0165,1
2016-06-10,423.0,426.5,437.0,420.0,291070.0,-0.008199999999999999,-1
2016-06-09,426.5,430.25,430.25,423.25,262530.0,-0.011000000000000001,-1
2016-06-08,431.25,427.25,439.25,426.5,342760.0,0.008199999999999999,1
2016-06-07,427.75,426.25,428.0,422.5,273080.0,0.0012,1
2016-06-06,427.25,419.75,427.5,419.25,223120.0,0.0215,1
2016-06-03,418.25,414.0,419.25,410.5,183280.0,0.0072,1
2016-06-02,415.25,413.75,419.5,412.5,223630.0,0.0036,1
2016-06-01,413.75,404.25,414.0,401.0,213030.0,0.0222,1
2016-05-31,404.75,412.5,413.0,404.0,205690.0,-0.0194,-1
2016-05-27,412.75,408.0,413.5,406.5,174310.0,0.011000000000000001,1
2016-05-26,408.25,404.0,409.25,400.0,223710.0,0.0086,1
2016-05-25,404.75,396.5,405.0,395.75,170810.0,0.0182,1
2016-05-24,397.5,397.25,403.25,394.5,160510.0,-0.0006,-1
2016-05-23,397.75,394.0,399.25,391.0,156430.0,0.008199999999999999,1
2016-05-20,394.5,390.0,396.75,389.0,177950.0,0.0115,1
2016-05-19,390.0,397.5,397.75,385.5,229120.0,-0.023799999999999998,-1
2016-05-18,399.5,397.0,400.5,394.0,184090.0,0.0063,1
2016-05-17,397.0,392.5,398.0,391.75,193690.0,0.0076,1
2016-05-16,394.0,390.25,394.25,386.25,161780.0,0.031400000000000004,1
2016-05-13,382.0,380.25,385.5,380.25,290.0,-0.0084,-1
2016-05-12,385.25,374.75,386.0,374.5,790.0,0.0301,1
2016-05-11,374.0,378.5,381.0,371.75,1090.0,-0.011899999999999999,-1
2016-05-10,378.5,367.75,383.0,367.0,840.0,0.0292,1
2016-05-09,367.75,379.5,379.5,367.0,1040.0,-0.0219,-1
2016-05-06,376.0,372.25,377.5,372.25,1550.0,0.011399999999999999,1
2016-05-05,371.75,374.5,376.75,368.5,2450.0,-0.004,-1
2016-05-04,373.25,376.5,377.75,372.5,10040.0,-0.0132,-1
2016-05-03,378.25,390.25,393.5,375.75,5540.0,-0.030699999999999998,-1
2016-05-02,390.25,388.75,391.0,383.5,8370.0,0.0,0
2016-04-29,390.25,387.0,392.0,385.0,20110.0,0.0084,1
2016-04-28,387.0,379.75,390.75,378.5,74350.0,0.016399999999999998,1
2016-04-27,380.75,382.0,382.75,377.0,89200.0,-0.0039000000000000003,-1
2016-04-26,382.25,377.25,383.0,374.0,110840.0,0.0139,1
2016-04-25,377.0,371.25,385.0,368.5,123100.0,0.0141,1
2016-04-22,371.75,384.25,384.25,370.5,174980.0,-0.0332,-1
2016-04-21,384.5,394.0,402.0,383.25,191430.0,-0.026000000000000002,-1
2016-04-20,394.75,384.5,395.5,383.25,217780.0,0.026699999999999998,1
2016-04-19,384.5,380.0,386.0,380.0,280510.0,0.0092,1
2016-04-18,381.0,375.25,384.0,375.0,222140.0,0.0066,1
2016-04-15,378.5,373.5,380.5,372.0,295450.0,0.012,1
2016-04-14,374.0,373.0,374.5,369.75,296750.0,0.0013,1
2016-04-13,373.5,363.0,374.75,363.0,392880.0,0.0296,1
2016-04-12,362.75,357.0,365.5,356.75,341620.0,0.0168,1
2016-04-11,356.75,362.0,362.25,356.0,249690.0,-0.0152,-1
2016-04-08,362.25,361.5,362.75,359.0,227920.0,0.0021,1
2016-04-07,361.5,357.75,362.0,357.5,281790.0,0.0098,1
2016-04-06,358.0,356.75,359.0,355.0,174260.0,0.0034999999999999996,1
2016-04-05,356.75,354.5,357.0,353.5,208620.0,0.0063,1
2016-04-04,354.5,353.75,355.0,350.75,183740.0,0.0014000000000000002,1
2016-04-01,354.0,351.75,354.5,347.25,268650.0,0.0070999999999999995,1
2016-03-31,351.5,366.75,367.25,347.5,522429.99999999994,-0.042199999999999994,-1
2016-03-30,367.0,372.5,374.0,366.75,214610.0,-0.0161,-1
2016-03-29,373.0,370.5,373.0,368.5,174310.0,0.0067,1
2016-03-28,370.5,369.5,372.0,367.75,127560.0,0.0014000000000000002,1
2016-03-24,370.0,368.75,370.25,367.25,146170.0,0.0040999999999999995,1
2016-03-23,368.5,369.75,370.0,366.0,126700.0,-0.0040999999999999995,-1
2016-03-22,370.0,369.0,371.75,368.75,148110.0,0.0014000000000000002,1
2016-03-21,369.5,366.5,370.0,365.75,109500.0,0.0068000000000000005,1
2016-03-18,367.0,368.0,369.25,366.0,96100.0,-0.0040999999999999995,-1
2016-03-17,368.5,368.25,372.0,366.5,197300.0,0.0007000000000000001,1
2016-03-16,368.25,367.75,368.5,366.0,104230.0,-0.0007000000000000001,-1
2016-03-15,368.5,367.75,369.25,366.25,111210.0,0.0048,1
2016-03-14,366.75,366.0,367.75,364.25,390.0,0.002,1
2016-03-11,366.0,362.5,366.25,362.25,1780.0,0.0097,1
2016-03-10,362.5,358.5,363.0,357.75,800.0,0.0097,1
2016-03-09,359.0,358.75,360.0,356.0,1750.0,0.0007000000000000001,1
2016-03-08,358.75,355.0,361.0,354.25,1190.0,0.0106,1
2016-03-07,355.0,357.5,358.5,354.5,1170.0,0.0014000000000000002,1
2016-03-04,354.5,354.0,357.75,353.5,2340.0,0.0021,1
2016-03-03,353.75,354.0,355.5,351.75,4110.0,-0.0021,-1
2016-03-02,354.5,353.75,355.5,352.5,2360.0,0.0021,1
2016-03-01,353.75,353.5,355.0,353.0,11130.0,0.0007000000000000001,1
2016-02-29,353.5,355.0,357.0,353.0,23040.0,-0.0028000000000000004,-1
2016-02-26,354.5,355.5,356.25,352.5,120560.0,-0.0028000000000000004,-1
2016-02-25,355.5,359.75,361.5,355.0,147060.0,-0.0118,-1
2016-02-24,359.75,362.0,362.75,358.75,170410.0,-0.0062,-1
2016-02-23,362.0,367.0,367.25,361.5,127840.0,-0.015,-1
2016-02-22,367.5,366.5,369.25,366.25,218970.0,0.0055000000000000005,1
2016-02-19,365.5,365.25,367.5,364.75,197440.0,0.0,0
2016-02-18,365.5,367.0,368.0,365.25,231650.0,-0.0048,-1
2016-02-17,367.25,362.75,367.5,362.0,174340.0,0.011699999999999999,1
2016-02-16,363.0,359.75,363.5,359.0,213500.0,0.0118,1
2016-02-12,358.75,361.0,362.0,358.25,183830.0,-0.0042,-1
2016-02-11,360.25,360.0,363.25,358.5,219260.0,0.0,0
2016-02-10,360.25,361.0,361.75,359.25,148370.0,-0.0021,-1
2016-02-09,361.0,362.25,362.75,359.25,262400.0,-0.0034999999999999996,-1
2016-02-08,362.25,366.0,367.0,361.5,222970.0,-0.0096,-1
2016-02-05,365.75,369.0,369.5,365.5,232060.0,-0.0075,-1
2016-02-04,368.5,371.0,373.5,368.0,181870.0,-0.0067,-1
2016-02-03,371.0,372.0,373.25,370.25,156550.0,-0.004,-1
2016-02-02,372.5,371.25,373.75,369.0,203480.0,0.0034000000000000002,1
2016-02-01,371.25,371.0,371.75,367.75,144220.0,-0.002,-1
2016-01-29,372.0,365.25,372.5,365.0,220970.0,0.0178,1
2016-01-28,365.5,368.75,370.25,365.0,180820.0,-0.0102,-1
2016-01-27,369.25,368.75,371.0,367.5,176390.0,0.0,0
2016-01-26,369.25,369.25,372.0,367.0,167690.0,-0.0014000000000000002,-1
2016-01-25,369.75,370.0,373.0,368.0,153210.0,-0.0014000000000000002,-1
2016-01-22,370.25,366.75,371.5,366.5,163780.0,0.0089,1
2016-01-21,367.0,368.75,372.0,365.5,245070.0,-0.004699999999999999,-1
2016-01-20,368.75,367.5,369.25,365.25,193970.0,0.0027,1
2016-01-19,367.75,364.0,369.5,364.0,227110.0,0.0124,1
2016-01-18,363.25,363.25,363.25,363.25,,0.0003,1
2016-01-17,363.13,363.13,363.13,363.13,,-0.0003,-1
2016-01-15,363.25,358.0,363.5,356.0,179660.0,0.0147,1
2016-01-14,358.0,357.75,360.25,355.5,163850.0,0.0,0
2016-01-13,358.0,356.0,360.75,355.5,216870.0,0.0034999999999999996,1
2016-01-12,356.75,352.0,363.75,349.5,298180.0,0.014199999999999999,1
2016-01-11,351.75,357.0,357.25,349.5,174490.0,-0.0147,-1
2016-01-08,357.0,353.0,357.75,352.75,178650.0,0.0113,1
2016-01-07,353.0,353.25,354.25,348.5,151660.0,-0.0007000000000000001,-1
2016-01-06,353.25,353.5,354.75,350.25,138860.0,0.0007000000000000001,1
2016-01-05,353.0,352.75,356.0,351.75,147260.0,0.0043,1
2016-01-04,351.5,359.5,360.0,350.5,188750.0,-0.0202,-1
2015-12-31,358.75,358.5,360.25,357.5,77000.0,-0.0007000000000000001,-1
2015-12-30,359.0,362.5,364.0,358.0,102100.0,-0.0097,-1
2015-12-29,362.5,361.0,363.0,357.0,123500.0,0.0042,1
2015-12-28,361.0,363.75,365.5,360.5,101010.0,-0.009899999999999999,-1
2015-12-27,364.63,364.63,364.63,364.63,,0.0003,1
2015-12-24,364.5,365.0,365.75,363.5,57480.0,-0.0027,-1
2015-12-23,365.5,366.5,367.75,364.5,95520.0,-0.002,-1
2015-12-22,366.25,372.0,374.5,366.0,124220.0,-0.0155,-1
2015-12-21,372.0,374.0,377.0,369.75,129720.0,-0.0067,-1
2015-12-18,374.5,374.25,379.5,372.75,180300.0,0.0007000000000000001,1
2015-12-17,374.25,370.25,375.0,362.5,269290.0,0.012199999999999999,1
2015-12-16,369.75,377.0,377.75,369.25,159020.0,-0.0199,-1
2015-12-15,377.25,378.25,379.5,375.75,103750.0,-0.0118,-1
2015-12-14,381.75,373.5,381.75,373.5,1010.0,0.0235,1
2015-12-11,373.0,377.0,378.75,372.75,2060.0,-0.0113,-1
2015-12-10,377.25,372.5,379.25,371.75,2950.0,0.0148,1
2015-12-09,371.75,370.75,376.75,368.5,3550.0,0.004699999999999999,1
2015-12-08,370.0,369.0,371.0,367.25,3120.0,0.0040999999999999995,1
2015-12-07,368.5,375.75,376.0,368.0,3400.0,-0.0206,-1
2015-12-04,376.25,370.0,376.5,369.75,4950.0,0.016200000000000003,1
2015-12-03,370.25,363.75,371.25,361.25,11680.0,0.0172,1
2015-12-02,364.0,367.0,367.0,363.5,4780.0,-0.008199999999999999,-1
2015-12-01,367.0,365.25,368.75,364.5,10600.0,0.0055000000000000005,1
2015-11-30,365.0,359.75,366.0,359.25,33640.0,0.016,1
2015-11-27,359.25,365.25,365.75,358.75,73100.0,-0.0184,-1
2015-11-25,366.0,364.25,366.5,364.0,147250.0,0.0048,1
2015-11-24,364.25,367.0,367.25,364.0,163370.0,-0.008199999999999999,-1
2015-11-23,367.25,362.5,367.5,360.0,177570.0,0.011000000000000001,1
2015-11-20,363.25,363.5,366.5,362.0,188670.0,-0.0027,-1
2015-11-19,364.25,361.75,365.5,360.25,175840.0,0.0069,1
2015-11-18,361.75,362.0,364.25,358.5,245400.0,-0.0007000000000000001,-1
2015-11-17,362.0,360.0,362.5,358.25,195760.0,0.005600000000000001,1
2015-11-16,360.0,358.25,360.75,357.25,139160.0,0.0049,1
2015-11-13,358.25,361.5,362.25,358.0,165820.0,-0.0104,-1
2015-11-12,362.0,361.75,363.5,359.25,264490.0,-0.0007000000000000001,-1
2015-11-11,362.25,360.5,363.5,359.5,274520.0,0.0091,1
2015-11-10,359.0,367.0,367.75,356.0,428760.0,-0.021099999999999997,-1
2015-11-09,366.75,372.75,375.5,366.5,295990.0,-0.0168,-1
2015-11-06,373.0,374.75,375.25,370.0,218100.0,-0.004,-1
2015-11-05,374.5,379.5,379.75,373.75,241090.0,-0.0158,-1
2015-11-04,380.5,379.5,383.5,376.5,245050.0,0.0,0
2015-11-03,380.5,376.5,382.25,375.75,247280.0,0.0106,1
2015-11-02,376.5,381.25,381.75,376.0,173280.0,-0.015,-1
2015-10-30,382.25,379.75,383.75,378.75,152850.0,0.0059,1
2015-10-29,380.0,376.0,380.5,375.5,146180.0,0.0106,1
2015-10-28,376.0,379.75,380.75,375.75,153090.0,-0.0105,-1
2015-10-27,380.0,384.0,387.5,379.0,205740.0,-0.011699999999999999,-1
2015-10-26,384.5,380.0,385.75,378.0,200130.0,0.0125,1
2015-10-23,379.75,377.75,380.0,375.0,171650.0,0.004,1
2015-10-22,378.25,380.25,383.5,377.5,132710.0,-0.0066,-1
2015-10-21,380.75,377.0,381.0,375.5,215670.0,0.0106,1
2015-10-20,376.75,372.75,377.75,372.0,169210.0,0.0101,1
2015-10-19,373.0,377.25,377.5,372.5,120050.0,-0.01,-1
2015-10-16,376.75,375.5,378.0,372.5,142260.0,0.0033,1
2015-10-15,375.5,378.75,379.5,375.0,123420.0,-0.0092,-1
2015-10-14,379.0,384.5,386.75,378.5,137520.0,-0.0143,-1
2015-10-13,384.5,381.0,384.75,379.0,148070.0,0.0098,1
2015-10-12,380.75,381.5,385.25,380.25,134600.0,-0.0052,-1
2015-10-09,382.75,391.0,394.25,381.5,262770.0,-0.0217,-1
2015-10-08,391.25,394.75,395.75,390.5,131350.0,-0.011399999999999999,-1
2015-10-07,395.75,397.5,399.75,393.75,146390.0,-0.0063,-1
2015-10-06,398.25,392.75,399.0,391.75,190310.0,0.0121,1
2015-10-05,393.5,389.25,394.0,388.75,113450.0,0.0109,1
2015-10-02,389.25,388.0,391.5,384.0,164400.0,0.0013,1
2015-10-01,388.75,387.75,393.0,385.0,136430.0,0.0026,1
2015-09-30,387.75,389.0,394.5,383.5,268860.0,-0.0032,-1
2015-09-29,389.0,387.25,389.5,385.0,128650.0,0.0058,1
2015-09-28,386.75,388.75,392.5,383.75,143670.0,-0.0058,-1
2015-09-25,389.0,381.25,389.5,381.0,143040.0,0.0197,1
2015-09-24,381.5,382.75,384.0,379.25,106340.0,-0.0046,-1
2015-09-23,383.25,379.5,384.5,379.0,99200.0,0.0072,1
2015-09-22,380.5,384.0,384.5,377.25,125420.0,-0.0104,-1
2015-09-21,384.5,376.5,385.5,375.0,148750.0,0.0192,1
2015-09-18,377.25,380.0,382.5,376.5,122700.0,-0.0066,-1
2015-09-17,379.75,385.25,385.5,379.25,100750.0,-0.016200000000000003,-1
2015-09-16,386.0,390.0,391.0,383.0,136520.0,-0.0115,-1
2015-09-15,390.5,392.75,395.0,388.75,137580.0,0.030299999999999997,1
2015-09-14,379.0,377.5,381.0,375.0,740.0,0.012,1
2015-09-11,374.5,361.75,374.75,357.0,2230.0,0.0352,1
2015-09-10,361.75,356.0,362.25,355.5,2090.0,0.0147,1
2015-09-09,356.5,353.25,359.25,353.25,4070.0000000000005,0.0042,1
2015-09-08,355.0,354.25,355.5,351.0,4760.0,0.015700000000000002,1
2015-09-04,349.5,348.0,351.0,346.75,5790.0,0.005,1
2015-09-03,347.75,354.0,354.5,347.25,8520.0,-0.0177,-1
2015-09-02,354.0,356.75,358.0,351.25,8730.0,-0.005600000000000001,-1
2015-09-01,356.0,362.5,362.5,355.25,14220.0,-0.0213,-1
2015-08-31,363.75,362.25,365.25,359.75,26930.0,0.0014000000000000002,1
2015-08-28,363.25,362.5,368.75,362.25,121530.0,-0.0014000000000000002,-1
2015-08-27,363.75,362.5,367.25,360.25,128430.0,0.0055000000000000005,1
2015-08-26,361.75,365.25,369.0,361.5,82910.0,-0.0103,-1
2015-08-25,365.5,368.0,375.0,363.75,110030.0,-0.0088,-1
2015-08-24,368.75,365.0,370.25,354.0,157280.0,0.0096,1
2015-08-21,365.25,370.25,372.5,364.0,96220.0,-0.0155,-1
2015-08-20,371.0,367.0,371.75,367.0,106840.0,0.0102,1
2015-08-19,367.25,366.0,372.0,365.75,95770.0,0.0027,1
2015-08-18,366.25,363.0,368.25,361.75,92420.0,0.0083,1
2015-08-17,363.25,363.5,368.0,361.25,96020.0,-0.0021,-1
2015-08-14,364.0,363.75,365.75,359.75,121630.0,0.0007000000000000001,1
2015-08-13,363.75,358.25,364.75,355.25,171460.0,0.0182,1
2015-08-12,357.25,377.0,382.75,346.5,213760.0,-0.051100000000000007,-1
2015-08-11,376.5,388.5,388.5,376.0,150140.0,-0.0352,-1
2015-08-10,390.25,374.0,391.5,373.75,179130.0,0.046900000000000004,1
2015-08-07,372.75,370.0,375.0,366.5,135950.0,0.008100000000000001,1
2015-08-06,369.75,372.5,375.0,369.25,90800.0,-0.008,-1
2015-08-05,372.75,368.75,373.75,367.5,124090.0,0.0108,1
2015-08-04,368.75,368.0,372.75,366.75,84700.0,0.0060999999999999995,1
2015-08-03,366.5,370.0,370.5,365.0,87160.0,-0.0121,-1
2015-07-31,371.0,374.75,377.5,369.25,108950.0,-0.006,-1
2015-07-30,373.25,367.75,374.5,365.75,122980.0,0.015,1
2015-07-29,367.75,377.5,377.75,367.0,102340.0,-0.019299999999999998,-1
2015-07-28,375.0,373.5,376.0,370.0,90250.0,0.0054,1
2015-07-27,373.0,389.0,389.25,372.5,168640.0,-0.049699999999999994,-1
2015-07-24,392.5,403.25,403.5,392.0,95620.0,-0.026699999999999998,-1
2015-07-23,403.25,403.5,405.25,398.5,91750.0,0.0012,1
2015-07-22,402.75,407.25,407.5,399.75,102950.0,-0.0092,-1
2015-07-21,406.5,406.5,410.25,402.5,99830.0,0.0037,1
2015-07-20,405.0,418.5,418.5,404.5,115540.0,-0.0363,-1
2015-07-17,420.25,428.0,429.5,418.25,108360.0,-0.0227,-1
2015-07-16,430.0,430.25,438.75,428.25,144240.0,0.0012,1
2015-07-15,429.5,427.0,431.75,421.0,155160.0,0.013000000000000001,1
2015-07-14,424.0,433.75,436.25,423.25,710.0,-0.0219,-1
2015-07-13,433.5,427.0,434.25,424.0,1530.0,0.0146,1
2015-07-10,427.25,420.0,431.0,418.0,1960.0,0.014199999999999999,1
2015-07-09,421.25,416.5,425.0,416.5,5160.0,0.012,1
2015-07-08,416.25,414.75,420.75,411.75,5780.0,0.0012,1
2015-07-07,415.75,412.5,416.25,407.75,6960.0,-0.0066,-1
2015-07-06,418.5,417.75,419.5,408.75,10260.0,-0.0233,-1
2015-07-03,428.5,428.5,428.5,428.5,,0.0208,1
2015-07-02,419.75,413.0,422.0,409.75,11000.0,0.014499999999999999,1
2015-07-01,413.75,411.0,417.0,403.0,18650.0,-0.0006,-1
2015-06-30,414.0,383.25,415.0,382.75,39750.0,0.0802,1
2015-06-29,383.25,383.75,391.75,381.75,138120.0,-0.0045000000000000005,-1
2015-06-26,385.0,376.0,390.0,375.5,191980.0,0.0226,1
2015-06-25,376.5,366.0,377.0,363.5,176630.0,0.0273,1
2015-06-24,366.5,367.0,371.0,363.25,210670.0,-0.0027,-1
2015-06-23,367.5,361.0,368.75,360.5,202630.0,0.0208,1
2015-06-22,360.0,352.75,360.5,350.5,179340.0,0.0191,1
2015-06-19,353.25,357.75,358.0,351.75,164910.0,-0.013300000000000001,-1
2015-06-18,358.0,359.0,361.25,356.0,180250.0,-0.0034999999999999996,-1
2015-06-17,359.25,353.75,361.25,353.75,197540.0,0.0148,1
2015-06-16,354.0,349.0,354.25,347.5,253140.0,0.0165,1
2015-06-15,348.25,353.0,353.25,346.75,261740.0,-0.013500000000000002,-1
2015-06-12,353.0,356.0,356.75,352.25,223040.0,-0.0098,-1
2015-06-11,356.5,357.5,360.0,354.5,256050.0,-0.0021,-1
2015-06-10,357.25,364.75,366.5,356.75,349010.0,-0.0212,-1
2015-06-09,365.0,364.75,368.5,362.5,230800.0,-0.0007000000000000001,-1
2015-06-08,365.25,360.5,366.25,360.5,174600.0,0.0132,1
2015-06-05,360.5,362.75,367.25,359.75,209280.0,-0.0083,-1
2015-06-04,363.5,358.5,364.5,356.5,146470.0,0.0125,1
2015-06-03,359.0,359.0,364.0,357.0,222940.0,0.0,0
2015-06-02,359.0,352.0,359.5,351.75,180410.0,0.0192,1
2015-06-01,352.25,350.5,354.25,348.25,140810.0,0.0021,1
2015-05-29,351.5,353.25,357.0,350.0,141540.0,-0.005699999999999999,-1
2015-05-28,353.5,349.5,355.0,348.25,163610.0,0.011399999999999999,1
2015-05-27,349.5,355.0,356.5,348.75,180700.0,-0.0155,-1
2015-05-26,355.0,361.0,362.5,354.0,172180.0,-0.0139,-1
2015-05-22,360.0,364.0,367.75,359.5,155680.0,-0.0137,-1
2015-05-21,365.0,360.0,366.5,359.75,170410.0,0.0139,1
2015-05-20,360.0,362.25,362.5,358.5,152950.0,-0.0055000000000000005,-1
2015-05-19,362.0,367.25,368.5,360.25,175470.0,-0.0163,-1
2015-05-18,368.0,365.25,371.25,364.0,155820.0,0.0068000000000000005,1
2015-05-15,365.5,367.75,371.5,362.0,171130.0,0.0125,1
2015-05-14,361.0,356.75,363.75,356.0,120.0,0.013999999999999999,1
2015-05-13,356.0,356.25,359.0,352.75,580.0,-0.0028000000000000004,-1
2015-05-12,357.0,358.25,362.0,355.25,410.0,-0.0034999999999999996,-1
2015-05-11,358.25,359.0,361.0,357.0,640.0,-0.0007000000000000001,-1
2015-05-08,358.5,357.75,359.0,356.5,1210.0,0.0021,1
2015-05-07,357.75,365.5,366.25,357.25,3290.0,-0.0239,-1
2015-05-06,366.5,361.75,369.0,361.75,2990.0,0.014499999999999999,1
2015-05-05,361.25,357.75,361.75,354.0,4250.0,0.006999999999999999,1
2015-05-04,358.75,359.0,360.75,356.75,3340.0,-0.0028000000000000004,-1
2015-05-01,359.75,362.5,363.0,357.5,6090.0,-0.0076,-1
2015-04-30,362.5,364.25,367.75,360.0,19350.0,-0.0034000000000000002,-1
2015-04-29,363.75,361.0,364.5,359.5,79150.0,0.0076,1
2015-04-28,361.0,360.5,363.5,359.0,116770.0,0.0007000000000000001,1
2015-04-27,360.75,363.75,365.25,360.5,139210.0,-0.0103,-1
2015-04-24,364.5,371.0,371.25,363.75,145310.0,-0.0169,-1
2015-04-23,370.75,372.5,378.0,370.25,191790.0,-0.004699999999999999,-1
2015-04-22,372.5,373.0,374.0,369.25,141190.0,-0.0013,-1
2015-04-21,373.0,377.0,377.0,371.25,179370.0,-0.0132,-1
2015-04-20,378.0,379.5,381.75,375.75,133450.0,-0.0046,-1
2015-04-17,379.75,376.25,380.75,375.0,152400.0,0.009300000000000001,1
2015-04-16,376.25,375.75,377.75,373.0,122450.0,0.0007000000000000001,1
2015-04-15,376.0,372.75,379.0,370.5,220500.0,0.0067,1
2015-04-14,373.5,371.0,374.75,370.0,173030.0,0.008100000000000001,1
2015-04-13,370.5,375.0,376.0,370.25,184710.0,-0.0172,-1
2015-04-10,377.0,378.25,379.5,374.25,196230.0,-0.0026,-1
2015-04-09,378.0,379.0,380.0,375.0,198130.0,-0.0033,-1
2015-04-08,379.25,383.25,385.0,376.75,214360.0,-0.0098,-1
2015-04-07,383.0,385.0,387.25,382.0,99160.0,-0.0052,-1
2015-04-06,385.0,386.25,390.0,383.5,84780.0,-0.0039000000000000003,-1
2015-04-03,386.5,386.5,386.5,386.5,,0.0,0
2015-04-02,386.5,381.75,388.5,378.25,177880.0,0.0124,1
2015-04-01,381.75,377.0,382.25,374.0,221060.0,0.0146,1
2015-03-31,376.25,394.0,398.5,375.25,349250.0,-0.0463,-1
2015-03-30,394.5,391.5,395.0,390.0,175820.0,0.009000000000000001,1
2015-03-27,391.0,391.0,393.5,389.25,136750.0,-0.0006,-1
2015-03-26,391.25,394.0,397.0,389.25,156060.0,-0.0095,-1
2015-03-25,395.0,392.75,395.75,391.5,150270.0,0.0045000000000000005,1
2015-03-24,393.25,389.25,393.75,388.5,135280.0,0.0077,1
2015-03-23,390.25,385.0,391.75,385.0,160880.0,0.013600000000000001,1
2015-03-20,385.0,373.5,387.5,372.75,211230.0,0.0308,1
2015-03-19,373.5,377.5,380.5,370.5,152290.0,-0.0033,-1
2015-03-18,374.75,371.5,375.25,367.0,146490.0,0.0101,1
2015-03-17,371.0,379.0,379.75,370.0,175670.0,-0.021099999999999997,-1
2015-03-16,379.0,380.75,382.25,375.5,145230.0,0.0134,1
2015-03-13,374.0,383.25,383.75,375.25,460.0,-0.0216,-1
2015-03-12,382.25,384.0,384.75,380.0,1240.0,-0.0046,-1
2015-03-11,384.0,382.25,387.75,381.5,1610.0,0.0046,1
2015-03-10,382.25,383.0,384.5,377.0,4130.0,-0.0026,-1
2015-03-09,383.25,379.25,384.75,379.25,1900.0,0.0105,1
2015-03-06,379.25,381.0,382.5,376.5,4630.0,-0.0091,-1
2015-03-05,382.75,381.25,384.75,380.0,6370.0,0.0033,1
2015-03-04,381.5,382.0,382.75,378.0,10630.0,-0.0013,-1
2015-03-03,382.0,379.0,382.75,375.75,13910.0,0.0086,1
2015-03-02,378.75,383.0,385.5,377.5,16970.0,-0.015,-1
2015-02-27,384.5,379.0,387.25,377.0,35370.0,0.0118,1
2015-02-26,380.0,376.0,382.25,375.0,95570.0,0.0113,1
2015-02-25,375.75,378.0,379.5,371.5,115840.0,-0.0046,-1
2015-02-24,377.5,379.0,387.0,377.5,207230.0,-0.0033,-1
2015-02-23,378.75,385.25,386.0,377.5,142800.0,-0.0169,-1
2015-02-20,385.25,389.0,389.5,383.5,131260.0,-0.0115,-1
2015-02-19,389.75,383.75,391.25,382.25,176130.0,0.015600000000000001,1
2015-02-18,383.75,389.0,390.5,383.0,162320.0,-0.0148,-1
2015-02-17,389.5,387.0,391.0,385.0,164640.0,0.0058,1
2015-02-13,387.25,383.0,388.5,382.25,167270.0,0.0111,1
2015-02-12,383.0,385.25,387.75,381.25,169380.0,-0.0070999999999999995,-1
2015-02-11,385.75,388.0,389.75,384.0,178880.0,-0.0058,-1
2015-02-10,388.0,390.75,391.5,384.5,209350.0,-0.0083,-1
2015-02-09,391.25,385.25,391.75,383.5,217640.0,0.0143,1
2015-02-06,385.75,385.0,389.5,380.0,202340.0,0.0013,1
2015-02-05,385.25,382.5,387.5,381.5,136400.0,0.0046,1
2015-02-04,383.5,385.0,388.25,379.5,178700.0,-0.0058,-1
2015-02-03,385.75,370.0,388.5,370.0,238530.0,0.0433,1
2015-02-02,369.75,369.75,378.5,367.5,154760.0,-0.0007000000000000001,-1
2015-01-30,370.0,372.75,373.0,365.75,194630.0,-0.004,-1
2015-01-29,371.5,373.5,373.5,368.0,192840.0,-0.004699999999999999,-1
2015-01-28,373.25,380.75,381.5,373.0,167620.0,-0.021,-1
2015-01-27,381.25,383.5,386.0,380.0,108700.0,-0.0072,-1
2015-01-26,384.0,385.75,388.25,382.25,102850.0,-0.0070999999999999995,-1
2015-01-23,386.75,384.0,388.5,382.0,169570.0,0.0078000000000000005,1
2015-01-22,383.75,387.75,390.5,382.5,139780.0,-0.011000000000000001,-1
2015-01-21,388.0,390.0,392.5,386.25,114630.0,-0.0058,-1
2015-01-20,390.25,385.25,391.0,382.25,138120.0,0.0084,1
2015-01-16,387.0,380.5,388.0,379.5,142830.0,0.0184,1
2015-01-15,380.0,382.75,388.0,376.0,189770.0,-0.0026,-1
2015-01-14,381.0,386.0,386.25,376.0,236410.0,-0.0123,-1
2015-01-13,385.75,402.0,406.5,384.5,250520.0,-0.0404,-1
2015-01-12,402.0,399.0,407.0,390.0,269590.0,0.0044,1
2015-01-09,400.25,394.75,401.5,393.0,154550.0,0.0152,1
2015-01-08,394.25,396.5,398.75,392.75,118970.0,-0.005,-1
2015-01-07,396.25,404.75,407.25,395.75,131690.0,-0.0216,-1
2015-01-06,405.0,405.5,409.5,402.25,138310.0,-0.0025,-1
2015-01-05,406.0,395.75,406.75,394.5,140390.0,0.0259,1
2015-01-02,395.75,396.25,398.5,391.5,88770.0,-0.0031,-1
