"Date","Price","Open","High","Low","Vol.","Change %"
"Dec 31, 2020","1,310.25","1,297.25","1,320.60","1,295.62","-","1.02%"
"Dec 30, 2020","1,297.00","1,294.88","1,305.90","1,280.25","-","-0.17%"
"Dec 29, 2020","1,299.25","1,255.12","1,299.38","1,246.38","-","3.63%"
"Dec 28, 2020","1,253.75","1,274.88","1,280.10","1,246.88","-","-0.84%"
"Dec 27, 2020","1,264.40","1,265.25","1,265.25","1,264.40","-","0.00%"
"Dec 25, 2020","1,264.40","1,264.40","1,264.40","1,264.40","-","0.00%"
"Dec 24, 2020","1,264.40","1,260.62","1,274.88","1,260.62","-","0.25%"
"Dec 23, 2020","1,261.25","1,251.00","1,267.62","1,242.38","-","0.78%"
"Dec 22, 2020","1,251.50","1,248.75","1,256.38","1,240.88","-","0.34%"
"Dec 21, 2020","1,247.25","1,230.38","1,248.12","1,217.50","-","2.41%"
"Dec 18, 2020","1,217.88","1,202.25","1,224.62","1,201.75","-","1.36%"
"Dec 17, 2020","1,201.50","1,184.38","1,202.88","1,179.88","-","1.65%"
"Dec 16, 2020","1,182.00","1,187.00","1,195.00","1,181.88","-","-0.32%"
"Dec 15, 2020","1,185.75","1,170.88","1,185.88","1,162.00","-","1.37%"
"Dec 14, 2020","1,169.75","1,164.12","1,173.00","1,161.62","-","0.76%"
"Dec 11, 2020","1,160.90","1,156.62","1,162.62","1,151.10","-","0.58%"
"Dec 10, 2020","1,154.25","1,160.38","1,176.40","1,150.50","-","-0.41%"
"Dec 09, 2020","1,159.00","1,146.88","1,160.60","1,145.60","-","1.13%"
"Dec 08, 2020","1,146.00","1,157.12","1,160.38","1,142.88","-","-0.93%"
"Dec 07, 2020","1,156.75","1,158.75","1,168.90","1,149.12","-","-0.42%"
"Dec 04, 2020","1,161.62","1,168.12","1,172.38","1,157.88","-","-0.44%"
"Dec 03, 2020","1,166.75","1,154.38","1,170.62","1,152.25","-","1.19%"
"Dec 02, 2020","1,153.00","1,163.75","1,163.75","1,142.62","-","-0.88%"
"Dec 01, 2020","1,163.25","1,169.62","1,175.88","1,161.38","-","-0.47%"
"Nov 30, 2020","1,168.75","1,198.38","1,198.75","1,168.12","-","-2.08%"
"Nov 27, 2020","1,193.62","1,185.88","1,193.62","1,179.62","-","0.79%"
"Nov 25, 2020","1,184.25","1,197.38","1,198.50","1,183.38","-","-0.82%"
"Nov 24, 2020","1,194.00","1,191.62","1,194.00","1,174.12","-","0.17%"
"Nov 23, 2020","1,192.00","1,197.00","1,199.62","1,186.12","-","0.88%"
"Nov 20, 2020","1,181.62","1,185.12","1,196.62","1,176.88","-","0.31%"
"Nov 19, 2020","1,178.00","1,173.62","1,181.12","1,161.88","-","0.36%"
"Nov 18, 2020","1,173.75","1,170.38","1,189.62","1,167.88","-","0.34%"
"Nov 17, 2020","1,169.75","1,158.62","1,178.38","1,157.38","-","1.30%"
"Nov 16, 2020","1,154.75","1,149.88","1,155.12","1,144.12","-","0.55%"
"Nov 13, 2020","1,148.38","1,145.50","1,156.88","1,138.12","-","0.21%"
"Nov 12, 2020","1,146.00","1,152.38","1,154.00","1,140.12","-","-0.59%"
"Nov 11, 2020","1,152.75","1,146.88","1,162.12","1,145.12","-","0.55%"
"Nov 10, 2020","1,146.50","1,110.75","1,153.12","1,108.12","-","3.27%"
"Nov 09, 2020","1,110.25","1,102.00","1,117.62","1,099.88","-","0.65%"
"Nov 06, 2020","1,103.12","1,102.38","1,109.88","1,098.62","-","-0.06%"
"Nov 05, 2020","1,103.75","1,085.50","1,112.38","1,083.62","-","1.70%"
"Nov 04, 2020","1,085.25","1,063.00","1,087.88","1,055.88","-","2.14%"
"Nov 03, 2020","1,062.50","1,048.62","1,070.62","1,048.62","-","0.69%"
"Nov 02, 2020","1,055.25","1,053.00","1,055.25","1,041.62","-","-0.47%"
"Nov 01, 2020","1,060.25","1,060.25","1,060.25","1,060.25","-","0.32%"
"Oct 30, 2020","1,056.88","1,050.25","1,062.25","1,046.88","-","0.56%"
"Oct 29, 2020","1,051.00","1,059.88","1,062.50","1,050.88","-","-0.73%"
"Oct 28, 2020","1,058.75","1,080.62","1,081.50","1,056.88","-","-2.17%"
"Oct 27, 2020","1,082.25","1,085.88","1,093.88","1,081.75","-","-0.25%"
"Oct 26, 2020","1,085.00","1,085.62","1,089.88","1,078.12","-","-0.16%"
"Oct 23, 2020","1,086.75","1,071.62","1,088.38","1,065.88","-","1.48%"
"Oct 22, 2020","1,070.88","1,071.62","1,085.12","1,063.50","-","-0.08%"
"Oct 21, 2020","1,071.75","1,064.62","1,076.88","1,064.38","-","0.61%"
"Oct 20, 2020","1,065.25","1,056.12","1,065.75","1,051.38","-","0.92%"
"Oct 19, 2020","1,055.50","1,051.12","1,058.12","1,048.12","-","0.40%"
"Oct 18, 2020","1,051.25","1,051.25","1,051.25","1,051.25","-","0.06%"
"Oct 16, 2020","1,050.62","1,062.12","1,070.38","1,048.88","-","-1.08%"
"Oct 15, 2020","1,062.12","1,058.62","1,064.12","1,037.38","-","0.39%"
"Oct 14, 2020","1,058.00","1,043.38","1,059.62","1,039.75","-","1.49%"
"Oct 13, 2020","1,042.50","1,033.38","1,045.88","1,032.62","-","0.86%"
"Oct 12, 2020","1,033.62","1,066.38","1,073.38","1,031.62","-","-3.00%"
"Oct 11, 2020","1,065.62","1,065.62","1,065.62","1,065.62","-","0.02%"
"Oct 09, 2020","1,065.38","1,049.62","1,078.00","1,047.38","-","1.43%"
"Oct 08, 2020","1,050.38","1,051.12","1,068.75","1,048.88","-","-0.01%"
"Oct 07, 2020","1,050.50","1,040.12","1,059.38","1,037.38","-","0.88%"
"Oct 06, 2020","1,041.38","1,023.12","1,053.38","1,022.38","-","1.86%"
"Oct 05, 2020","1,022.38","1,018.25","1,025.38","1,015.88","-","0.44%"
"Oct 04, 2020","1,017.88","1,019.50","1,019.50","1,017.88","-","-0.20%"
"Oct 02, 2020","1,019.88","1,025.12","1,027.88","1,013.00","-","-0.43%"
"Oct 01, 2020","1,024.25","1,024.38","1,034.88","1,021.88","-","0.09%"
"Sep 30, 2020","1,023.38","990.88","1,034.38","987.38","-","3.23%"
"Sep 29, 2020","991.38","994.25","997.62","985.88","-","-0.30%"
"Sep 28, 2020","994.38","1,000.88","1,007.38","991.50","-","-0.70%"
"Sep 25, 2020","1,001.38","998.62","1,007.62","995.38","-","0.33%"
"Sep 24, 2020","998.12","1,012.12","1,014.62","997.38","-","-1.38%"
"Sep 23, 2020","1,012.12","1,020.62","1,025.38","1,011.12","-","-0.75%"
"Sep 22, 2020","1,019.75","1,018.62","1,036.88","1,013.38","-","0.10%"
"Sep 21, 2020","1,018.75","1,040.38","1,045.12","1,018.75","-","-2.02%"
"Sep 20, 2020","1,039.75","1,039.75","1,039.75","1,039.75","-","-0.35%"
"Sep 18, 2020","1,043.38","1,027.62","1,046.50","1,027.62","-","1.52%"
"Sep 17, 2020","1,027.75","1,011.62","1,031.88","1,005.25","-","1.59%"
"Sep 16, 2020","1,011.62","988.12","1,013.62","985.12","-","2.25%"
"Sep 15, 2020","989.38","1,002.38","1,005.62","989.38","-","-1.27%"
"Sep 14, 2020","1,002.12","996.38","1,008.62","996.25","-","0.49%"
"Sep 11, 2020","997.25","977.12","997.88","975.12","-","2.09%"
"Sep 10, 2020","976.88","979.12","981.88","974.25","-","-0.18%"
"Sep 09, 2020","978.62","972.12","981.62","968.62","-","0.67%"
"Sep 08, 2020","972.12","970.88","976.88","962.12","-","0.33%"
"Sep 04, 2020","968.88","964.75","969.62","960.62","-","0.27%"
"Sep 03, 2020","966.25","961.88","968.12","958.12","-","0.36%"
"Sep 02, 2020","962.75","952.62","962.88","946.12","-","1.04%"
"Sep 01, 2020","952.88","950.88","959.38","942.88","-","0.24%"
"Aug 31, 2020","950.62","956.12","966.88","950.62","-","-0.51%"
"Aug 30, 2020","955.50","955.50","955.50","955.50","-","0.38%"
"Aug 28, 2020","951.88","940.62","951.88","940.62","-","1.22%"
"Aug 27, 2020","940.38","924.62","948.62","923.88","-","1.70%"
"Aug 26, 2020","924.62","920.12","925.62","920.12","-","0.52%"
"Aug 25, 2020","919.88","912.38","920.88","911.12","-","0.91%"
"Aug 24, 2020","911.62","905.25","912.12","901.12","-","0.69%"
"Aug 23, 2020","905.38","905.38","905.38","905.38","-","0.19%"
"Aug 21, 2020","903.62","906.38","910.62","903.38","-","-0.30%"
"Aug 20, 2020","906.38","912.62","915.62","902.88","-","-0.75%"
"Aug 19, 2020","913.25","912.12","919.62","910.12","-","0.12%"
"Aug 18, 2020","912.12","913.62","916.88","910.12","-","-0.19%"
"Aug 17, 2020","913.88","901.38","917.38","901.38","-","1.42%"
"Aug 16, 2020","901.12","901.12","901.12","901.12","-","0.36%"
"Aug 14, 2020","897.88","896.88","899.25","894.12","-","0.11%"
"Aug 13, 2020","896.88","884.38","902.38","884.38","-","1.51%"
"Aug 12, 2020","883.50","873.12","883.62","867.25","-","1.16%"
"Aug 11, 2020","873.38","872.38","876.88","870.12","-","0.11%"
"Aug 10, 2020","872.38","867.88","875.62","865.38","-","0.49%"
"Aug 09, 2020","868.12","867.88","868.12","867.88","-","-0.36%"
"Aug 07, 2020","871.25","880.25","881.25","870.50","-","-1.02%"
"Aug 06, 2020","880.25","879.88","886.00","878.25","-","0.06%"
"Aug 05, 2020","879.75","883.62","884.38","879.75","-","-0.38%"
"Aug 04, 2020","883.12","894.12","894.25","881.00","-","-1.22%"
"Aug 03, 2020","894.00","898.50","903.00","889.25","-","-0.50%"
"Aug 02, 2020","898.50","891.75","900.50","891.75","-","0.14%"
"Jul 31, 2020","897.25","894.50","899.25","894.00","-","0.34%"
"Jul 30, 2020","894.25","890.38","894.25","884.25","-","0.22%"
"Jul 29, 2020","892.25","896.88","898.25","891.38","-","-0.49%"
"Jul 28, 2020","896.62","900.25","901.38","893.12","-","-0.40%"
"Jul 27, 2020","900.25","903.88","909.38","900.25","-","-0.39%"
"Jul 26, 2020","903.75","903.75","903.75","903.75","-","-0.18%"
"Jul 24, 2020","905.38","906.00","909.75","901.50","-","-0.07%"
"Jul 23, 2020","906.00","898.75","906.88","897.38","-","0.79%"
"Jul 22, 2020","898.88","896.12","901.12","892.12","-","0.33%"
"Jul 21, 2020","895.88","901.50","901.88","894.88","-","-0.69%"
"Jul 20, 2020","902.12","898.62","905.62","897.12","-","0.40%"
"Jul 17, 2020","898.50","893.50","898.75","892.62","-","0.57%"
"Jul 16, 2020","893.38","887.00","896.00","887.00","-","0.72%"
"Jul 15, 2020","887.00","879.12","887.62","877.62","-","0.90%"
"Jul 14, 2020","879.12","874.75","882.62","872.75","-","0.47%"
"Jul 13, 2020","875.00","882.25","884.62","870.62","-","-0.79%"
"Jul 12, 2020","882.00","886.75","886.75","882.00","-","-0.54%"
"Jul 10, 2020","886.75","895.88","900.50","883.75","-","-1.09%"
"Jul 09, 2020","896.50","894.12","904.25","892.75","-","0.29%"
"Jul 08, 2020","893.88","895.62","896.75","890.12","-","-0.24%"
"Jul 07, 2020","896.00","899.38","901.38","893.62","-","-0.33%"
"Jul 06, 2020","899.00","896.38","904.00","895.88","-","0.77%"
"Jul 02, 2020","892.12","893.75","898.00","890.25","-","-0.20%"
"Jul 01, 2020","893.88","884.00","898.50","883.00","-","1.15%"
"Jun 30, 2020","883.75","864.62","891.00","864.62","-","2.17%"
"Jun 29, 2020","865.00","864.38","869.62","860.00","-","0.07%"
"Jun 28, 2020","864.38","864.12","864.38","863.62","-","-0.16%"
"Jun 26, 2020","865.75","868.00","871.62","862.62","-","-0.26%"
"Jun 25, 2020","868.00","870.50","871.50","861.88","-","-0.29%"
"Jun 24, 2020","870.50","875.12","877.50","870.12","-","-0.53%"
"Jun 23, 2020","875.12","876.62","878.88","865.12","-","-0.14%"
"Jun 22, 2020","876.38","875.62","879.88","872.38","-","0.06%"
"Jun 19, 2020","875.88","873.12","880.38","871.62","-","0.29%"
"Jun 18, 2020","873.38","871.38","876.38","870.12","-","0.26%"
"Jun 17, 2020","871.12","866.88","875.62","860.25","-","0.49%"
"Jun 16, 2020","866.88","870.62","872.88","864.88","-","-0.36%"
"Jun 15, 2020","870.00","870.62","871.88","864.38","-","-0.10%"
"Jun 14, 2020","870.88","870.88","870.88","870.88","-","-0.11%"
"Jun 12, 2020","871.88","867.88","872.88","863.62","-","0.55%"
"Jun 11, 2020","867.12","864.88","869.62","861.12","-","0.13%"
"Jun 10, 2020","866.00","863.62","868.88","863.00","-","0.28%"
"Jun 09, 2020","863.62","863.88","866.62","856.62","-","-0.02%"
"Jun 08, 2020","863.75","869.38","871.38","861.62","-","-0.65%"
"Jun 07, 2020","869.38","869.38","869.38","869.38","-","0.13%"
"Jun 05, 2020","868.25","868.38","873.12","865.38","-","-0.01%"
"Jun 04, 2020","868.38","857.12","873.12","855.38","-","1.28%"
"Jun 03, 2020","857.38","852.25","858.00","851.25","-","0.59%"
"Jun 02, 2020","852.38","840.25","855.88","838.38","-","1.46%"
"Jun 01, 2020","840.12","843.88","848.88","834.12","-","-0.45%"
"May 31, 2020","843.88","844.00","844.00","843.88","-","0.40%"
"May 29, 2020","840.50","845.12","845.12","837.12","-","-0.72%"
"May 28, 2020","846.62","848.88","852.12","838.62","-","-0.31%"
"May 27, 2020","849.25","848.38","851.12","843.62","-","0.24%"
"May 26, 2020","847.25","832.62","849.12","832.62","-","1.76%"
"May 25, 2020","832.62","832.62","832.62","832.62","-","-0.11%"
"May 24, 2020","833.50","833.50","833.50","833.50","-","0.00%"
"May 22, 2020","833.50","835.62","839.38","828.62","-","-0.25%"
"May 21, 2020","835.62","846.62","848.38","833.88","-","-1.33%"
"May 20, 2020","846.88","842.75","849.38","842.38","-","0.46%"
"May 19, 2020","843.00","846.38","848.38","839.38","-","-0.40%"
"May 18, 2020","846.38","840.50","847.62","838.88","-","0.75%"
"May 17, 2020","840.12","840.12","840.12","840.12","-","0.33%"
"May 15, 2020","837.38","838.12","843.12","836.62","-","-0.10%"
"May 14, 2020","838.25","839.38","844.62","835.12","-","-0.16%"
"May 13, 2020","839.62","849.75","853.88","836.62","-","-1.48%"
"May 12, 2020","852.25","854.00","857.88","849.62","-","-0.20%"
"May 11, 2020","854.00","854.50","861.12","848.50","-","-0.06%"
"May 10, 2020","854.50","854.50","854.50","854.50","-","0.50%"
"May 08, 2020","850.25","844.38","856.62","843.62","-","0.71%"
"May 07, 2020","844.25","832.62","848.38","832.50","-","1.38%"
"May 06, 2020","832.75","839.62","841.88","831.62","-","-0.82%"
"May 05, 2020","839.62","837.88","840.88","833.62","-","0.49%"
"May 04, 2020","835.50","847.50","847.75","832.38","-","-1.47%"
"May 03, 2020","848.00","848.00","848.00","848.00","-","-0.09%"
"May 01, 2020","848.75","855.62","855.62","847.12","-","-0.72%"
"Apr 30, 2020","854.88","838.75","855.88","838.38","-","1.91%"
"Apr 29, 2020","838.88","831.12","840.62","830.12","-","0.87%"
"Apr 28, 2020","831.62","837.38","842.38","829.62","-","-0.69%"
"Apr 27, 2020","837.38","838.50","846.38","835.38","-","-0.12%"
"Apr 26, 2020","838.38","838.38","838.38","838.38","-","0.96%"
"Apr 24, 2020","830.38","840.50","843.50","827.50","-","-1.22%"
"Apr 23, 2020","840.62","835.12","848.38","833.75","-","0.67%"
"Apr 22, 2020","835.00","829.75","839.00","827.12","-","0.54%"
"Apr 21, 2020","830.50","825.50","833.38","808.38","-","0.58%"
"Apr 20, 2020","825.75","833.62","835.75","824.38","-","-0.94%"
"Apr 19, 2020","833.62","833.38","833.62","833.38","-","0.21%"
"Apr 17, 2020","831.88","839.62","842.62","831.75","-","-0.89%"
"Apr 16, 2020","839.38","841.25","846.75","835.38","-","-0.24%"
"Apr 15, 2020","841.38","847.75","852.38","838.88","-","-0.74%"
"Apr 14, 2020","847.62","854.75","856.50","845.88","-","-0.83%"
"Apr 13, 2020","854.75","864.62","869.88","850.62","-","-0.98%"
"Apr 10, 2020","863.25","863.25","863.25","863.25","-","-0.02%"
"Apr 09, 2020","863.38","855.62","866.88","853.88","-","0.89%"
"Apr 08, 2020","855.75","855.62","860.50","851.75","-","-0.03%"
"Apr 07, 2020","856.00","856.88","862.38","854.25","-","-0.01%"
"Apr 06, 2020","856.12","852.75","858.88","848.62","-","0.35%"
"Apr 05, 2020","853.12","853.12","853.12","853.12","-","-0.09%"
"Apr 03, 2020","853.88","859.75","864.62","850.38","-","-0.67%"
"Apr 02, 2020","859.62","864.62","869.88","857.12","-","-0.58%"
"Apr 01, 2020","864.62","885.62","886.88","860.88","-","-2.39%"
"Mar 31, 2020","885.75","882.75","887.38","875.88","-","0.35%"
"Mar 30, 2020","882.62","880.12","892.38","876.75","-","0.30%"
"Mar 29, 2020","880.00","880.00","880.00","880.00","-","-0.41%"
"Mar 27, 2020","883.62","878.38","888.62","875.12","-","0.63%"
"Mar 26, 2020","878.12","881.88","884.38","871.12","-","-0.48%"
"Mar 25, 2020","882.38","883.38","896.62","880.62","-","-0.21%"
"Mar 24, 2020","884.25","883.00","887.88","872.38","-","0.04%"
"Mar 23, 2020","883.88","859.88","885.12","858.62","-","2.76%"
"Mar 22, 2020","860.12","859.38","860.12","859.38","-","-0.38%"
"Mar 20, 2020","863.38","847.00","864.62","846.75","-","1.86%"
"Mar 19, 2020","847.62","829.75","855.62","825.12","-","2.03%"
"Mar 18, 2020","830.75","825.50","838.38","822.38","-","0.67%"
"Mar 17, 2020","825.25","824.88","832.50","822.12","-","0.08%"
"Mar 16, 2020","824.62","843.00","854.62","821.12","-","-2.14%"
"Mar 15, 2020","842.62","842.62","842.62","842.62","-","-0.56%"
"Mar 13, 2020","847.38","856.88","871.88","845.50","-","-1.14%"
"Mar 12, 2020","857.12","872.38","872.38","852.38","-","-1.72%"
"Mar 11, 2020","872.12","876.38","883.62","871.75","-","-0.46%"
"Mar 10, 2020","876.12","875.50","884.88","874.62","-","0.13%"
"Mar 09, 2020","875.00","883.50","883.50","867.12","-","-0.89%"
"Mar 08, 2020","882.88","882.88","882.88","882.88","-","-0.80%"
"Mar 06, 2020","890.00","897.00","899.88","888.62","-","-0.78%"
"Mar 05, 2020","897.00","907.25","912.25","894.88","-","-1.13%"
"Mar 04, 2020","907.25","904.25","910.88","903.50","-","0.33%"
"Mar 03, 2020","904.25","901.00","907.88","899.62","-","0.36%"
"Mar 02, 2020","901.00","891.88","904.38","890.62","-","0.88%"
"Feb 28, 2020","893.12","895.25","895.25","879.75","-","-0.24%"
"Feb 27, 2020","895.25","891.00","896.88","878.62","-","0.48%"
"Feb 26, 2020","891.00","888.25","898.88","885.12","-","0.31%"
"Feb 25, 2020","888.25","883.75","888.88","881.38","-","0.51%"
"Feb 24, 2020","883.75","895.88","895.88","879.38","-","-0.45%"
"Feb 21, 2020","887.75","892.75","902.00","887.62","-","-0.56%"
"Feb 20, 2020","892.75","897.50","897.88","891.38","-","-0.53%"
"Feb 19, 2020","897.50","891.50","898.25","885.12","-","0.67%"
"Feb 18, 2020","891.50","894.88","898.38","889.38","-","-0.11%"
"Feb 16, 2020","892.50","892.62","892.62","892.50","-","-0.04%"
"Feb 14, 2020","892.88","895.75","899.12","889.88","-","-0.32%"
"Feb 13, 2020","895.75","892.00","899.62","888.62","-","0.42%"
"Feb 12, 2020","892.00","885.00","892.88","881.62","-","0.79%"
"Feb 11, 2020","885.00","885.00","888.62","878.12","-","0.00%"
"Feb 10, 2020","885.00","883.62","889.75","879.62","-","0.27%"
"Feb 07, 2020","882.62","883.00","884.88","876.38","-","-0.04%"
"Feb 06, 2020","883.00","880.00","886.38","876.88","-","0.34%"
"Feb 05, 2020","880.00","879.75","887.88","878.12","-","0.03%"
"Feb 04, 2020","879.75","875.75","886.88","873.62","-","0.46%"
"Feb 03, 2020","875.75","871.12","878.62","868.88","-","0.36%"
"Jan 31, 2020","872.62","876.00","882.88","872.38","-","-0.39%"
"Jan 30, 2020","876.00","892.75","893.88","875.88","-","-1.88%"
"Jan 29, 2020","892.75","895.50","902.88","890.88","-","-0.31%"
"Jan 28, 2020","895.50","897.50","897.50","889.00","-","-0.22%"
"Jan 27, 2020","897.50","899.38","899.88","888.38","-","-0.51%"
"Jan 24, 2020","902.12","908.75","909.12","900.62","-","-0.73%"
"Jan 23, 2020","908.75","914.00","914.75","903.88","-","-0.57%"
"Jan 22, 2020","914.00","915.50","921.88","913.38","-","-0.16%"
"Jan 21, 2020","915.50","930.38","931.62","915.38","-","-1.48%"
"Jan 17, 2020","929.25","924.50","933.62","920.12","-","0.51%"
"Jan 16, 2020","924.50","929.50","930.38","922.00","-","-0.54%"
"Jan 15, 2020","929.50","941.75","943.38","928.38","-","-1.30%"
"Jan 14, 2020","941.75","941.25","948.38","938.62","-","0.05%"
"Jan 13, 2020","941.25","948.38","948.62","938.62","-","-0.50%"
"Jan 10, 2020","946.00","942.50","946.62","935.75","-","0.37%"
"Jan 09, 2020","942.50","946.75","954.50","939.38","-","-0.45%"
"Jan 08, 2020","946.75","944.00","950.62","938.12","-","0.29%"
"Jan 07, 2020","944.00","932.50","944.38","930.38","-","1.23%"
"Jan 06, 2020","932.50","929.00","936.62","928.62","-","0.53%"
"Jan 05, 2020","927.62","928.75","928.75","927.62","-","-0.23%"
"Jan 03, 2020","929.75","943.25","945.38","926.75","-","-1.43%"
"Jan 02, 2020","943.25","939.62","949.12","936.12","-","-0.03%"
"Jan 01, 2020","943.50","943.50","943.50","943.50","-","0.00%"
"Dec 31, 2019","943.50","939.25","943.50","933.88","-","0.45%"
"Dec 30, 2019","939.25","928.88","940.88","927.62","-","1.06%"
"Dec 29, 2019","929.38","929.50","929.50","929.38","-","-0.05%"
"Dec 27, 2019","929.88","937.50","941.38","928.88","-","-0.81%"
"Dec 26, 2019","937.50","937.88","939.88","936.88","-","0.05%"
"Dec 25, 2019","937.00","937.00","937.00","937.00","-","0.00%"
"Dec 24, 2019","937.00","933.00","937.62","929.12","-","0.43%"
"Dec 23, 2019","933.00","929.00","937.12","927.62","-","0.53%"
"Dec 20, 2019","928.12","925.00","929.88","924.12","-","0.34%"
"Dec 19, 2019","925.00","927.25","929.12","921.38","-","-0.24%"
"Dec 18, 2019","927.25","927.75","929.88","923.38","-","-0.05%"
"Dec 17, 2019","927.75","920.75","930.88","920.38","-","0.76%"
"Dec 16, 2019","920.75","912.88","922.62","912.88","-","1.50%"
"Dec 13, 2019","907.12","897.75","916.88","897.75","-","1.04%"
"Dec 12, 2019","897.75","892.25","901.62","888.38","-","0.60%"
"Dec 11, 2019","892.38","900.25","901.50","891.88","-","-0.87%"
"Dec 10, 2019","900.25","897.25","902.12","896.38","-","0.33%"
"Dec 09, 2019","897.25","891.62","903.38","889.88","-","1.31%"
"Dec 08, 2019","885.62","886.12","886.12","885.62","-","-0.39%"
"Dec 06, 2019","889.12","885.00","894.12","884.62","-","0.47%"
"Dec 05, 2019","885.00","878.25","888.62","877.62","-","0.77%"
"Dec 04, 2019","878.25","872.75","879.88","871.38","-","0.63%"
"Dec 03, 2019","872.75","872.50","875.62","868.38","-","0.03%"
"Dec 02, 2019","872.50","877.88","882.88","867.62","-","-0.47%"
"Dec 01, 2019","876.62","876.62","876.62","876.62","-","0.00%"
"Nov 29, 2019","876.62","884.62","884.62","876.12","-","-0.61%"
"Nov 27, 2019","882.00","884.50","887.38","881.38","-","-0.28%"
"Nov 26, 2019","884.50","892.25","894.88","882.88","-","-0.87%"
"Nov 25, 2019","892.25","898.12","902.62","892.12","-","-0.38%"
"Nov 24, 2019","895.62","895.75","895.75","895.62","-","-0.03%"
"Nov 22, 2019","895.88","900.62","903.38","895.62","-","-0.49%"
"Nov 21, 2019","900.25","904.50","909.12","900.25","-","-0.47%"
"Nov 20, 2019","904.50","911.50","915.88","904.38","-","-0.77%"
"Nov 19, 2019","911.50","910.25","917.12","910.12","-","0.14%"
"Nov 18, 2019","910.25","919.12","921.62","910.12","-","-0.86%"
"Nov 15, 2019","918.12","917.00","923.38","915.25","-","0.12%"
"Nov 14, 2019","917.00","915.25","917.38","910.88","-","0.19%"
"Nov 13, 2019","915.25","916.75","921.38","913.62","-","-0.16%"
"Nov 12, 2019","916.75","917.12","919.88","915.12","-","-0.05%"
"Nov 11, 2019","917.25","927.88","928.88","916.12","-","-1.40%"
"Nov 08, 2019","930.25","936.25","938.62","926.62","-","-0.64%"
"Nov 07, 2019","936.25","927.50","938.38","926.62","-","0.94%"
"Nov 06, 2019","927.50","934.25","935.75","927.12","-","-0.72%"
"Nov 05, 2019","934.25","938.00","940.88","932.12","-","-0.40%"
"Nov 04, 2019","938.00","935.12","942.12","932.62","-","0.16%"
"Nov 01, 2019","936.50","931.00","938.62","930.38","-","0.51%"
"Oct 31, 2019","931.75","930.62","935.38","925.12","-","0.08%"
"Oct 30, 2019","931.00","933.12","936.88","930.38","-","-0.16%"
"Oct 29, 2019","932.50","935.62","940.12","931.12","-","-0.43%"
"Oct 28, 2019","936.50","935.50","940.12","934.38","-","1.53%"
"Oct 25, 2019","922.38","933.62","937.38","919.62","-","-1.24%"
"Oct 24, 2019","934.00","933.75","938.88","932.88","-","-0.08%"
"Oct 23, 2019","934.75","933.88","938.62","927.88","-","0.08%"
"Oct 22, 2019","934.00","932.88","945.12","931.12","-","0.05%"
"Oct 21, 2019","933.50","931.62","939.88","930.38","-","0.05%"
"Oct 20, 2019","933.00","933.00","933.00","933.00","-","-0.09%"
"Oct 18, 2019","933.88","930.88","938.62","930.75","-","0.31%"
"Oct 17, 2019","931.00","927.88","940.62","927.38","-","0.27%"
"Oct 16, 2019","928.50","932.75","938.38","927.62","-","-0.51%"
"Oct 15, 2019","933.25","938.00","944.12","933.25","-","-0.69%"
"Oct 14, 2019","939.75","941.62","945.38","930.62","-","0.57%"
"Oct 11, 2019","934.38","924.12","939.12","923.62","-","1.29%"
"Oct 10, 2019","922.50","919.38","933.62","918.88","-","0.03%"
"Oct 09, 2019","922.25","918.88","931.38","918.50","-","0.33%"
"Oct 08, 2019","919.25","915.62","923.62","910.50","-","0.38%"
"Oct 07, 2019","915.75","917.12","919.62","911.62","-","0.00%"
"Oct 04, 2019","915.75","911.38","921.12","909.62","-","0.44%"
"Oct 03, 2019","911.75","912.75","918.62","908.12","-","-0.14%"
"Oct 02, 2019","913.00","916.88","918.62","911.88","-","-0.57%"
"Oct 01, 2019","918.25","904.12","919.88","903.38","-","1.55%"
"Sep 30, 2019","904.25","884.62","906.62","883.88","-","2.41%"
"Sep 27, 2019","883.00","887.88","889.12","881.62","-","-0.54%"
"Sep 26, 2019","887.75","888.12","895.38","886.88","-","-0.08%"
"Sep 25, 2019","888.50","893.88","897.50","885.38","-","-0.53%"
"Sep 24, 2019","893.25","892.38","898.88","890.62","-","0.22%"
"Sep 23, 2019","891.25","882.88","899.12","882.88","-","1.01%"
"Sep 20, 2019","882.38","893.00","893.38","880.88","-","-1.24%"
"Sep 19, 2019","893.50","889.38","894.88","886.38","-","0.51%"
"Sep 18, 2019","889.00","895.75","896.88","886.88","-","-0.64%"
"Sep 17, 2019","894.75","899.75","900.00","888.62","-","-0.50%"
"Sep 16, 2019","899.25","904.12","904.12","894.38","-","0.11%"
"Sep 13, 2019","898.25","894.62","903.38","893.12","-","0.39%"
"Sep 12, 2019","894.75","871.88","895.62","869.25","-","3.14%"
"Sep 11, 2019","867.50","872.88","873.12","864.12","-","-0.54%"
"Sep 10, 2019","872.25","859.62","874.62","857.38","-","1.69%"
"Sep 09, 2019","857.75","858.12","861.12","851.12","-","0.03%"
"Sep 08, 2019","857.50","857.50","857.50","857.50","-","0.00%"
"Sep 06, 2019","857.50","863.00","866.38","856.12","-","-0.49%"
"Sep 05, 2019","861.75","875.12","878.62","858.38","-","-1.46%"
"Sep 04, 2019","874.50","867.25","879.38","864.38","-","0.87%"
"Sep 03, 2019","867.00","866.38","869.12","859.38","-","-0.14%"
"Aug 30, 2019","868.25","868.38","877.62","867.12","-","0.00%"
"Aug 29, 2019","868.25","865.62","872.88","865.12","-","0.35%"
"Aug 28, 2019","865.25","859.38","867.62","852.62","-","0.73%"
"Aug 27, 2019","859.00","865.62","865.88","856.12","-","-0.75%"
"Aug 26, 2019","865.50","855.88","870.38","855.88","-","1.21%"
"Aug 23, 2019","855.12","868.38","872.00","855.12","-","-1.51%"
"Aug 22, 2019","868.25","873.62","881.88","867.88","-","-0.49%"
"Aug 21, 2019","872.50","869.12","876.62","867.12","-","0.46%"
"Aug 20, 2019","868.50","869.38","874.62","865.88","-","0.23%"
"Aug 19, 2019","866.50","874.75","877.62","864.62","-","-1.41%"
"Aug 18, 2019","878.88","878.88","878.88","878.88","-","0.00%"
"Aug 16, 2019","878.88","871.12","880.38","870.88","-","0.93%"
"Aug 15, 2019","870.75","878.88","884.88","870.38","-","-0.88%"
"Aug 14, 2019","878.50","890.00","893.50","877.38","-","-1.32%"
"Aug 13, 2019","890.25","878.12","896.62","875.75","-","1.28%"
"Aug 12, 2019","879.00","891.62","891.88","876.12","-","-1.61%"
"Aug 09, 2019","893.38","883.12","894.38","881.62","-","1.06%"
"Aug 08, 2019","884.00","867.50","884.62","865.12","-","1.93%"
"Aug 07, 2019","867.25","865.88","869.12","862.12","-","0.14%"
"Aug 06, 2019","866.00","866.62","872.62","864.62","-","-0.20%"
"Aug 05, 2019","867.75","870.62","872.88","854.62","-","-0.27%"
"Aug 04, 2019","870.12","870.12","870.12","870.12","-","0.00%"
"Aug 02, 2019","870.12","867.62","872.12","862.88","-","0.45%"
"Aug 01, 2019","866.25","880.75","881.88","860.12","-","-1.59%"
"Jul 31, 2019","880.25","895.75","899.88","880.12","-","-1.62%"
"Jul 30, 2019","894.75","903.25","905.38","889.62","-","-1.02%"
"Jul 29, 2019","904.00","899.50","908.75","899.38","-","0.54%"
"Jul 26, 2019","899.12","901.12","906.62","898.50","-","-0.04%"
"Jul 25, 2019","899.50","908.62","913.12","898.12","-","-0.80%"
"Jul 24, 2019","906.75","903.38","912.62","901.62","-","0.39%"
"Jul 23, 2019","903.25","907.88","910.38","898.62","-","-0.25%"
"Jul 22, 2019","905.50","919.88","921.88","905.12","-","-1.48%"
"Jul 19, 2019","919.12","900.12","923.88","897.38","-","2.07%"
"Jul 18, 2019","900.50","898.25","903.38","893.12","-","0.06%"
"Jul 17, 2019","900.00","905.88","912.38","899.62","-","-0.61%"
"Jul 16, 2019","905.50","916.88","917.25","902.62","-","-1.60%"
"Jul 15, 2019","920.25","934.38","936.38","918.62","-","-1.23%"
"Jul 12, 2019","931.75","917.38","932.25","913.25","-","1.66%"
"Jul 11, 2019","916.50","912.00","917.62","908.25","-","0.52%"
"Jul 10, 2019","911.75","904.38","913.38","899.38","-","0.83%"
"Jul 09, 2019","904.25","898.62","904.62","890.38","-","0.89%"
"Jul 08, 2019","896.25","899.25","902.38","891.88","-","2.36%"
"Jul 05, 2019","875.62","888.25","889.25","874.62","-","-1.52%"
"Jul 03, 2019","889.12","880.38","890.12","877.00","-","1.04%"
"Jul 02, 2019","880.00","890.88","894.50","879.38","-","-0.98%"
"Jul 01, 2019","888.75","915.12","915.12","888.25","-","0.78%"
"Jun 30, 2019","881.88","881.50","881.88","881.50","-","-2.51%"
"Jun 28, 2019","904.62","893.12","911.62","893.12","-","1.22%"
"Jun 27, 2019","893.75","899.25","903.75","889.50","-","-0.64%"
"Jun 26, 2019","899.50","907.38","907.38","899.12","-","-0.96%"
"Jun 25, 2019","908.25","921.00","923.00","905.75","-","-0.63%"
"Jun 24, 2019","914.00","906.62","917.12","905.50","-","1.18%"
"Jun 21, 2019","903.38","914.88","917.12","902.62","-","-1.19%"
"Jun 20, 2019","914.25","900.38","917.38","896.62","-","1.30%"
"Jun 19, 2019","902.50","912.25","913.38","901.62","-","-1.04%"
"Jun 18, 2019","912.00","918.88","921.38","902.75","-","0.19%"
"Jun 17, 2019","910.25","901.62","913.88","901.62","-","1.51%"
"Jun 14, 2019","896.75","887.38","898.12","885.12","-","1.07%"
"Jun 13, 2019","887.25","878.00","888.88","878.00","-","1.00%"
"Jun 12, 2019","878.50","857.75","883.12","853.12","-","2.42%"
"Jun 11, 2019","857.75","855.62","863.38","850.62","-","-0.26%"
"Jun 10, 2019","860.00","853.00","866.12","848.38","-","0.53%"
"Jun 07, 2019","855.50","868.25","871.38","855.12","-","-1.50%"
"Jun 06, 2019","868.50","869.75","872.38","857.75","-","-0.14%"
"Jun 05, 2019","869.75","881.75","882.62","868.38","-","-1.16%"
"Jun 04, 2019","880.00","892.12","894.50","878.75","-","0.34%"
"Jun 03, 2019","877.00","876.12","886.38","873.88","-","-0.14%"
"May 31, 2019","878.25","889.00","890.62","876.62","-","-1.01%"
"May 30, 2019","887.25","871.38","889.12","863.88","-","1.98%"
"May 29, 2019","870.00","866.62","892.62","863.50","-","1.61%"
"May 28, 2019","856.25","839.25","858.12","837.62","-","3.27%"
"May 24, 2019","829.12","821.38","831.38","820.12","-","1.02%"
"May 23, 2019","820.75","828.38","832.75","817.38","-","-1.05%"
"May 22, 2019","829.50","821.25","834.88","819.50","-","1.00%"
"May 21, 2019","821.25","839.50","846.38","819.38","-","-1.20%"
"May 20, 2019","831.25","828.88","838.88","824.88","-","1.25%"
"May 17, 2019","821.00","840.38","841.88","820.75","-","-2.32%"
"May 16, 2019","840.50","835.25","844.88","834.00","-","0.63%"
"May 15, 2019","835.25","832.62","848.12","827.12","-","0.66%"
"May 14, 2019","829.75","806.88","837.88","805.88","-","3.27%"
"May 13, 2019","803.50","804.00","807.00","791.38","-","-0.60%"
"May 10, 2019","808.38","813.00","818.62","806.25","-","-0.32%"
"May 09, 2019","811.00","826.12","826.12","806.88","-","-1.73%"
"May 08, 2019","825.25","830.62","834.88","824.88","-","-0.69%"
"May 07, 2019","831.00","829.38","836.38","827.12","-","0.00%"
"May 06, 2019","831.00","827.88","833.88","817.12","-","-1.20%"
"May 03, 2019","841.12","844.25","848.12","840.75","-","-0.16%"
"May 02, 2019","842.50","852.88","853.50","842.12","-","-1.09%"
"May 01, 2019","851.75","853.62","857.62","844.38","-","-0.32%"
"Apr 30, 2019","854.50","861.38","864.62","851.38","-","-0.81%"
"Apr 29, 2019","861.50","868.25","872.88","860.62","-","0.97%"
"Apr 26, 2019","853.25","858.75","859.88","852.75","-","-0.55%"
"Apr 25, 2019","858.00","854.88","862.62","853.62","-","0.32%"
"Apr 24, 2019","855.25","862.75","865.25","854.62","-","-0.81%"
"Apr 23, 2019","862.25","877.12","878.62","860.88","-","-1.74%"
"Apr 22, 2019","877.50","881.12","883.12","876.38","-","-0.37%"
"Apr 19, 2019","880.75","880.75","880.75","880.75","-","-0.01%"
"Apr 18, 2019","880.88","879.12","881.88","876.62","-","0.27%"
"Apr 17, 2019","878.50","887.88","890.38","878.50","-","-1.04%"
"Apr 16, 2019","887.75","898.38","899.12","886.38","-","-1.20%"
"Apr 15, 2019","898.50","895.12","901.88","894.88","-","0.35%"
"Apr 12, 2019","895.38","895.00","898.62","894.12","-","-0.04%"
"Apr 11, 2019","895.75","901.50","903.88","893.38","-","-0.72%"
"Apr 10, 2019","902.25","898.75","903.88","897.38","-","0.39%"
"Apr 09, 2019","898.75","898.50","902.00","894.88","-","-0.03%"
"Apr 08, 2019","899.00","899.12","903.62","897.88","-","0.04%"
"Apr 05, 2019","898.62","904.25","904.62","896.38","-","-0.79%"
"Apr 04, 2019","905.75","898.50","907.12","897.00","-","0.75%"
"Apr 03, 2019","899.00","899.62","902.88","894.88","-","-0.08%"
"Apr 02, 2019","899.75","895.75","901.12","892.62","-","0.36%"
"Apr 01, 2019","896.50","883.88","898.88","883.88","-","1.43%"
"Mar 29, 2019","883.88","888.88","892.50","883.12","-","-0.60%"
"Mar 28, 2019","889.25","887.88","891.62","886.62","-","0.14%"
"Mar 27, 2019","888.00","900.25","900.62","886.12","-","-1.42%"
"Mar 26, 2019","900.75","905.75","907.38","899.62","-","-0.63%"
"Mar 25, 2019","906.50","903.88","908.12","901.62","-","0.26%"
"Mar 22, 2019","904.12","909.88","911.88","903.12","-","-0.70%"
"Mar 21, 2019","910.50","905.62","911.88","903.62","-","0.58%"
"Mar 20, 2019","905.25","902.88","906.25","899.38","-","0.19%"
"Mar 19, 2019","903.50","905.88","909.38","900.12","-","-0.22%"
"Mar 18, 2019","905.50","909.88","911.38","901.88","-","-0.43%"
"Mar 15, 2019","909.38","899.38","910.62","898.12","-","1.15%"
"Mar 14, 2019","899.00","901.12","906.12","895.62","-","-0.28%"
"Mar 13, 2019","901.50","896.12","903.12","892.38","-","0.56%"
"Mar 12, 2019","896.50","890.12","899.88","887.88","-","0.73%"
"Mar 11, 2019","890.00","897.88","898.88","889.62","-","-0.57%"
"Mar 08, 2019","895.12","901.50","904.62","892.38","-","-0.71%"
"Mar 07, 2019","901.50","902.00","907.38","898.38","-","-0.06%"
"Mar 06, 2019","902.00","913.75","916.12","901.12","-","-1.29%"
"Mar 05, 2019","913.75","916.25","918.38","909.12","-","-0.27%"
"Mar 04, 2019","916.25","914.88","924.38","913.12","-","0.62%"
"Mar 01, 2019","910.62","910.00","917.88","900.62","-","0.07%"
"Feb 28, 2019","910.00","916.50","918.12","909.88","-","-0.71%"
"Feb 27, 2019","916.50","917.50","923.12","913.62","-","-0.11%"
"Feb 26, 2019","917.50","924.00","924.00","912.38","-","-0.70%"
"Feb 25, 2019","924.00","930.88","934.38","923.75","-","1.51%"
"Feb 22, 2019","910.25","910.75","914.75","907.62","-","-0.05%"
"Feb 21, 2019","910.75","902.25","916.12","900.00","-","0.89%"
"Feb 20, 2019","902.75","901.75","904.88","893.12","-","0.11%"
"Feb 19, 2019","901.75","907.25","911.12","894.88","-","-0.63%"
"Feb 18, 2019","907.50","907.75","907.75","907.50","-","-0.03%"
"Feb 17, 2019","907.75","907.50","907.75","907.50","-","0.01%"
"Feb 15, 2019","907.62","905.75","909.38","901.38","-","0.21%"
"Feb 14, 2019","905.75","917.50","918.12","903.12","-","-1.27%"
"Feb 13, 2019","917.38","917.50","919.88","913.88","-","-0.01%"
"Feb 12, 2019","917.50","905.75","919.62","905.75","-","1.30%"
"Feb 11, 2019","905.75","914.25","918.88","903.62","-","-0.93%"
"Feb 10, 2019","914.25","914.75","914.75","913.25","-","-0.25%"
"Feb 08, 2019","916.50","913.12","917.62","908.12","-","0.38%"
"Feb 07, 2019","913.00","921.25","921.38","910.62","-","-0.90%"
"Feb 06, 2019","921.25","919.88","922.38","917.62","-","0.11%"
"Feb 05, 2019","920.25","919.00","920.88","913.62","-","0.14%"
"Feb 04, 2019","919.00","917.50","923.62","915.62","-","0.16%"
"Feb 03, 2019","917.50","917.50","917.50","917.50","-","0.01%"
"Feb 01, 2019","917.38","915.75","931.00","915.75","-","0.18%"
"Jan 31, 2019","915.75","920.00","926.62","913.38","-","-0.46%"
"Jan 30, 2019","920.00","919.50","923.88","917.38","-","0.05%"
"Jan 29, 2019","919.50","923.00","923.00","916.88","-","-0.38%"
"Jan 28, 2019","923.00","920.25","924.88","915.88","-","0.27%"
"Jan 27, 2019","920.50","922.50","923.00","920.50","-","-0.31%"
"Jan 25, 2019","923.38","916.25","925.88","913.38","-","0.78%"
"Jan 24, 2019","916.25","915.12","919.38","909.62","-","0.14%"
"Jan 23, 2019","915.00","911.00","918.12","910.00","-","0.52%"
"Jan 22, 2019","910.25","915.00","919.38","899.88","-","-0.41%"
"Jan 21, 2019","914.00","916.25","916.25","914.00","-","-0.11%"
"Jan 20, 2019","915.00","915.00","915.00","915.00","-","-0.01%"
"Jan 18, 2019","915.12","907.75","920.12","905.88","-","0.90%"
"Jan 17, 2019","907.00","894.75","911.88","894.38","-","1.40%"
"Jan 16, 2019","894.50","893.50","899.88","891.12","-","0.14%"
"Jan 15, 2019","893.25","903.25","907.88","892.62","-","-1.13%"
"Jan 14, 2019","903.50","910.25","911.00","901.62","-","-0.77%"
"Jan 11, 2019","910.50","907.25","912.25","907.00","-","0.36%"
"Jan 10, 2019","907.25","923.50","924.50","905.75","-","-1.79%"
"Jan 09, 2019","923.75","918.50","926.38","917.50","-","0.57%"
"Jan 08, 2019","918.50","923.25","925.62","914.62","-","-0.49%"
"Jan 07, 2019","923.00","921.00","927.62","921.00","-","0.24%"
"Jan 06, 2019","920.75","921.00","922.25","919.00","-","-0.15%"
"Jan 04, 2019","922.12","910.50","922.38","910.25","-","1.28%"
"Jan 03, 2019","910.50","905.25","913.25","904.25","-","0.41%"
"Jan 02, 2019","906.75","894.00","910.50","892.25","-","1.43%"
"Dec 31, 2018","894.00","893.25","901.75","892.00","-","1.27%"
"Dec 28, 2018","882.75","868.00","886.38","868.00","-","1.47%"
"Dec 27, 2018","870.00","870.50","875.75","867.00","-","-0.06%"
"Dec 26, 2018","870.50","884.38","888.75","869.00","-","-1.55%"
"Dec 24, 2018","884.25","881.12","886.50","879.50","-","0.11%"
"Dec 21, 2018","883.25","895.50","895.50","883.25","-","-1.37%"
"Dec 20, 2018","895.50","899.50","905.25","892.75","-","-0.39%"
"Dec 19, 2018","899.00","906.88","909.88","899.00","-","-0.85%"
"Dec 18, 2018","906.75","905.00","912.25","902.25","-","0.19%"
"Dec 17, 2018","905.00","899.00","909.12","899.00","-","0.72%"
"Dec 16, 2018","898.50","898.50","898.50","898.50","-","-0.19%"
"Dec 14, 2018","900.25","906.00","910.12","900.00","-","-0.77%"
"Dec 13, 2018","907.25","919.00","919.88","905.00","-","-1.22%"
"Dec 12, 2018","918.50","914.75","928.00","914.00","-","0.49%"
"Dec 11, 2018","914.00","906.00","917.12","906.00","-","0.55%"
"Dec 10, 2018","909.00","914.00","916.38","908.50","-","-0.36%"
"Dec 09, 2018","912.25","914.75","915.00","912.25","-","-0.41%"
"Dec 07, 2018","916.00","909.75","917.88","907.50","-","0.69%"
"Dec 06, 2018","909.75","911.50","912.00","897.00","-","-0.22%"
"Dec 05, 2018","911.75","910.50","916.75","908.50","-","0.14%"
"Dec 04, 2018","910.50","904.75","913.00","899.50","-","0.64%"
"Dec 03, 2018","904.75","919.25","923.25","904.50","-","1.29%"
"Nov 30, 2018","893.25","888.75","896.50","886.50","-","0.51%"
"Nov 29, 2018","888.75","890.75","894.00","882.50","-","-0.22%"
"Nov 28, 2018","890.75","877.00","894.75","874.00","-","1.57%"
"Nov 27, 2018","877.00","862.50","880.00","858.25","-","1.68%"
"Nov 26, 2018","862.50","881.00","883.00","857.25","-","-2.07%"
"Nov 23, 2018","880.75","884.50","884.50","880.00","-","-0.42%"
"Nov 22, 2018","884.50","884.50","884.50","884.50","-","0.00%"
"Nov 21, 2018","884.50","881.25","889.00","876.00","-","0.37%"
"Nov 20, 2018","881.25","874.00","885.75","870.75","-","0.83%"
"Nov 19, 2018","874.00","891.50","891.50","871.50","-","-2.07%"
"Nov 16, 2018","892.50","889.00","894.75","881.75","-","0.39%"
"Nov 15, 2018","889.00","883.00","897.25","883.00","-","0.68%"
"Nov 14, 2018","883.00","878.25","887.25","878.25","-","0.54%"
"Nov 13, 2018","878.25","881.50","890.75","877.25","-","-0.37%"
"Nov 12, 2018","881.50","886.00","887.00","879.50","-","-0.51%"
"Nov 09, 2018","886.00","879.00","888.50","874.00","-","0.80%"
"Nov 08, 2018","879.00","879.50","884.00","864.50","-","-0.06%"
"Nov 07, 2018","879.50","884.75","888.00","876.75","-","-0.59%"
"Nov 06, 2018","884.75","885.50","889.00","878.50","-","-0.08%"
"Nov 05, 2018","885.50","886.75","892.75","881.75","-","-0.14%"
"Nov 04, 2018","886.75","886.75","886.75","886.75","-","0.00%"
"Nov 02, 2018","886.75","880.50","900.75","878.75","-","0.68%"
"Nov 01, 2018","880.75","849.75","888.50","845.75","-","3.62%"
"Oct 31, 2018","850.00","846.00","855.00","844.75","-","0.44%"
"Oct 30, 2018","846.25","851.75","855.00","846.00","-","-0.65%"
"Oct 29, 2018","851.75","859.75","865.50","850.50","-","-0.90%"
"Oct 28, 2018","859.50","858.50","859.75","858.50","-","1.75%"
"Oct 26, 2018","844.75","841.00","849.25","841.00","-","0.45%"
"Oct 25, 2018","841.00","850.00","850.75","840.00","-","-1.15%"
"Oct 24, 2018","850.75","855.75","856.75","850.00","-","-0.58%"
"Oct 23, 2018","855.75","856.50","862.75","851.25","-","-0.12%"
"Oct 22, 2018","856.75","856.25","862.75","855.75","-","0.06%"
"Oct 21, 2018","856.25","855.75","856.25","855.50","-","0.00%"
"Oct 19, 2018","856.25","865.75","866.25","856.25","-","-1.04%"
"Oct 18, 2018","865.25","882.75","883.75","862.75","-","-1.95%"
"Oct 17, 2018","882.50","883.00","889.75","882.00","-","0.00%"
"Oct 16, 2018","882.50","890.75","891.00","879.25","-","-0.93%"
"Oct 15, 2018","890.75","867.50","892.00","863.50","-","2.68%"
"Oct 14, 2018","867.50","867.00","867.50","867.00","-","0.00%"
"Oct 12, 2018","867.50","859.75","868.00","858.75","-","0.90%"
"Oct 11, 2018","859.75","851.25","863.50","847.00","-","0.91%"
"Oct 10, 2018","852.00","862.50","864.75","847.25","-","-1.22%"
"Oct 09, 2018","862.50","869.50","872.50","859.50","-","-0.78%"
"Oct 08, 2018","869.25","872.25","874.75","862.75","-","-0.32%"
"Oct 07, 2018","872.00","872.25","872.75","871.75","-","0.32%"
"Oct 05, 2018","869.25","859.75","870.25","851.50","-","1.13%"
"Oct 04, 2018","859.50","860.50","868.25","858.50","-","-0.12%"
"Oct 03, 2018","860.50","866.75","870.25","860.50","-","-0.72%"
"Oct 02, 2018","866.75","855.50","867.25","853.00","-","1.32%"
"Oct 01, 2018","855.50","845.50","864.00","843.00","-","1.18%"
"Sep 30, 2018","845.50","845.00","845.50","845.00","-","0.15%"
"Sep 28, 2018","844.25","853.75","859.25","842.00","-","-1.20%"
"Sep 27, 2018","854.50","847.75","859.00","846.50","-","0.80%"
"Sep 26, 2018","847.75","846.50","854.00","846.00","-","0.15%"
"Sep 25, 2018","846.50","841.25","858.00","837.25","-","0.65%"
"Sep 24, 2018","841.00","843.50","845.25","838.50","-","-0.30%"
"Sep 23, 2018","843.50","844.50","844.50","843.50","-","-0.74%"
"Sep 21, 2018","849.75","846.25","849.75","841.25","-","0.38%"
"Sep 20, 2018","846.50","830.00","854.75","825.25","-","1.99%"
"Sep 19, 2018","830.00","814.50","831.75","813.50","-","1.93%"
"Sep 18, 2018","814.25","821.50","825.25","812.25","-","-0.85%"
"Sep 17, 2018","821.25","827.50","829.75","820.75","-","-0.88%"
"Sep 16, 2018","828.50","827.75","828.50","827.50","-","-0.24%"
"Sep 14, 2018","830.50","835.25","838.00","829.50","-","-0.42%"
"Sep 13, 2018","834.00","839.25","846.25","832.00","-","-0.54%"
"Sep 12, 2018","838.50","831.25","844.00","821.25","-","0.84%"
"Sep 11, 2018","831.50","847.00","849.50","830.75","-","-1.80%"
"Sep 10, 2018","846.75","842.50","851.25","840.50","-","0.50%"
"Sep 09, 2018","842.50","841.75","842.50","841.25","-","-0.30%"
"Sep 07, 2018","845.00","838.25","847.00","835.25","-","0.78%"
"Sep 06, 2018","838.50","838.75","842.75","834.75","-","-0.03%"
"Sep 05, 2018","838.75","845.25","849.25","837.25","-","-0.74%"
"Sep 04, 2018","845.00","846.75","851.25","837.00","-","-0.12%"
"Sep 03, 2018","846.00","845.50","846.50","845.50","-","0.06%"
"Aug 31, 2018","845.50","829.50","846.25","829.00","-","1.93%"
"Aug 30, 2018","829.50","836.00","844.50","829.00","-","-0.84%"
"Aug 29, 2018","836.50","833.75","843.75","832.00","-","0.33%"
"Aug 28, 2018","833.75","847.75","850.25","833.00","-","-1.59%"
"Aug 27, 2018","847.25","851.00","853.25","838.25","-","-0.91%"
"Aug 24, 2018","855.00","854.50","860.50","853.50","-","0.06%"
"Aug 23, 2018","854.50","867.75","873.50","853.75","-","-1.53%"
"Aug 22, 2018","867.75","885.00","885.25","867.75","-","-1.95%"
"Aug 21, 2018","885.00","888.75","894.50","884.50","-","-0.34%"
"Aug 20, 2018","888.00","903.00","906.00","888.00","-","0.20%"
"Aug 17, 2018","886.25","886.50","887.50","871.00","-","0.08%"
"Aug 16, 2018","885.50","859.00","888.25","854.75","-","3.08%"
"Aug 15, 2018","859.00","870.75","872.25","856.50","-","-1.12%"
"Aug 14, 2018","868.75","855.75","869.25","853.25","-","1.67%"
"Aug 13, 2018","854.50","846.00","859.25","839.75","-","0.53%"
"Aug 10, 2018","850.00","892.75","892.75","849.75","-","-4.79%"
"Aug 09, 2018","892.75","898.50","903.50","891.50","-","-0.78%"
"Aug 08, 2018","899.75","893.00","903.00","888.00","-","0.78%"
"Aug 07, 2018","892.75","887.75","897.50","885.75","-","0.56%"
"Aug 06, 2018","887.75","890.50","892.50","877.00","-","-0.53%"
"Aug 03, 2018","892.50","887.75","893.00","873.25","-","0.48%"
"Aug 02, 2018","888.25","887.75","893.00","876.00","-","0.06%"
"Aug 01, 2018","887.75","901.00","904.25","887.50","-","-1.55%"
"Jul 31, 2018","901.75","881.00","911.50","878.50","-","2.36%"
"Jul 30, 2018","881.00","884.25","886.25","876.25","-","1.24%"
"Jul 27, 2018","870.25","859.00","873.75","859.00","-","1.28%"
"Jul 26, 2018","859.25","873.00","881.00","858.25","-","-1.52%"
"Jul 25, 2018","872.50","859.25","872.50","852.00","-","1.54%"
"Jul 24, 2018","859.25","845.25","862.75","842.50","-","1.63%"
"Jul 23, 2018","845.50","853.25","854.50","845.50","-","-0.56%"
"Jul 22, 2018","850.25","850.25","850.25","850.25","-","0.00%"
"Jul 20, 2018","850.25","848.00","853.25","841.25","-","0.24%"
"Jul 19, 2018","848.25","843.00","848.25","836.75","-","0.65%"
"Jul 18, 2018","842.75","840.00","847.25","835.00","-","0.39%"
"Jul 17, 2018","839.50","835.50","843.50","830.25","-","0.57%"
"Jul 16, 2018","834.75","817.75","838.00","810.75","-","1.92%"
"Jul 13, 2018","819.00","837.50","837.75","811.75","-","-2.24%"
"Jul 12, 2018","837.75","836.25","841.25","822.25","-","0.18%"
"Jul 11, 2018","836.25","849.50","850.50","831.75","-","-1.44%"
"Jul 10, 2018","848.50","855.00","865.00","846.75","-","-0.82%"
"Jul 09, 2018","855.50","875.50","879.50","850.50","-","-2.51%"
"Jul 06, 2018","877.50","839.25","880.75","837.00","-","4.56%"
"Jul 05, 2018","839.25","847.75","850.75","837.75","-","-1.06%"
"Jul 03, 2018","848.25","855.75","857.50","847.00","-","-0.88%"
"Jul 02, 2018","855.75","865.25","868.00","850.50","-","-0.81%"
"Jun 29, 2018","862.75","868.75","881.75","862.50","-","-0.72%"
"Jun 28, 2018","869.00","870.75","875.00","865.25","-","-0.34%"
"Jun 27, 2018","872.00","871.75","883.50","871.25","-","0.00%"
"Jun 26, 2018","872.00","880.00","886.25","868.00","-","-0.85%"
"Jun 25, 2018","879.50","901.25","904.25","876.75","-","-1.90%"
"Jun 22, 2018","896.50","882.75","897.50","880.00","-","1.67%"
"Jun 21, 2018","881.75","890.50","891.25","878.25","-","-1.01%"
"Jun 20, 2018","890.75","892.50","895.25","877.00","-","-0.20%"
"Jun 19, 2018","892.50","904.00","905.75","842.50","-","-1.35%"
"Jun 18, 2018","904.75","905.25","914.00","897.50","-","0.06%"
"Jun 15, 2018","904.25","925.25","929.50","903.00","-","-2.27%"
"Jun 14, 2018","925.25","934.25","937.75","924.00","-","-0.96%"
"Jun 13, 2018","934.25","956.00","958.25","934.25","-","-2.20%"
"Jun 12, 2018","955.25","955.75","963.25","952.00","-","-0.10%"
"Jun 11, 2018","956.25","967.00","972.25","953.25","-","-1.34%"
"Jun 08, 2018","969.25","975.00","976.25","962.75","-","-0.62%"
"Jun 07, 2018","975.25","995.50","998.25","973.00","-","-2.03%"
"Jun 06, 2018","995.50","1,004.75","1,008.25","993.75","-","-0.95%"
"Jun 05, 2018","1,005.00","1,002.25","1,006.50","997.25","-","0.27%"
"Jun 04, 2018","1,002.25","1,013.00","1,014.50","1,001.25","-","-2.15%"
"Jun 01, 2018","1,024.25","1,021.50","1,026.50","1,015.00","-","0.27%"
"May 31, 2018","1,021.50","1,024.75","1,030.50","1,014.25","-","-0.24%"
"May 30, 2018","1,024.00","1,028.75","1,031.75","1,015.00","-","-0.51%"
"May 29, 2018","1,029.25","1,045.75","1,049.50","1,028.00","-","-1.58%"
"May 28, 2018","1,045.75","1,045.50","1,045.75","1,045.50","-","0.36%"
"May 25, 2018","1,042.00","1,035.75","1,044.00","1,035.50","-","0.60%"
"May 24, 2018","1,035.75","1,039.25","1,050.75","1,035.50","-","-0.34%"
"May 23, 2018","1,039.25","1,030.75","1,039.75","1,027.75","-","0.87%"
"May 22, 2018","1,030.25","1,022.25","1,035.75","1,020.25","-","0.73%"
"May 21, 2018","1,022.75","1,016.75","1,027.00","1,011.75","-","2.48%"
"May 20, 2018","998.00","998.00","998.00","998.00","-","0.00%"
"May 18, 2018","998.00","997.00","1,007.50","993.25","-","0.08%"
"May 17, 2018","997.25","1,000.75","1,007.25","992.50","-","-0.35%"
"May 16, 2018","1,000.75","1,018.00","1,018.50","998.75","-","-1.69%"
"May 15, 2018","1,018.00","1,017.25","1,025.25","1,005.25","-","0.07%"
"May 14, 2018","1,017.25","1,002.75","1,025.75","1,002.00","-","1.52%"
"May 11, 2018","1,002.00","1,021.50","1,022.25","1,002.00","-","-1.88%"
"May 10, 2018","1,021.25","1,018.00","1,033.25","1,014.25","-","0.32%"
"May 09, 2018","1,018.00","1,022.50","1,023.75","1,011.25","-","-0.39%"
"May 08, 2018","1,022.00","1,013.50","1,023.25","1,011.25","-","0.84%"
"May 07, 2018","1,013.50","1,034.50","1,040.00","1,011.00","-","-2.08%"
"May 06, 2018","1,035.00","1,035.00","1,035.00","1,035.00","-","-0.14%"
"May 04, 2018","1,036.50","1,049.50","1,052.50","1,036.25","-","-1.26%"
"May 03, 2018","1,049.75","1,042.00","1,055.50","1,034.00","-","0.70%"
"May 02, 2018","1,042.50","1,054.50","1,054.75","1,039.75","-","-1.16%"
"May 01, 2018","1,054.75","1,049.00","1,055.25","1,041.00","-","0.55%"
"Apr 30, 2018","1,049.00","1,058.00","1,067.50","1,047.00","-","0.33%"
"Apr 27, 2018","1,045.50","1,029.50","1,046.75","1,019.00","-","1.70%"
"Apr 26, 2018","1,028.00","1,028.50","1,034.50","1,024.00","-","-0.02%"
"Apr 25, 2018","1,028.25","1,023.25","1,033.25","1,020.50","-","0.54%"
"Apr 24, 2018","1,022.75","1,020.75","1,026.25","1,016.25","-","0.20%"
"Apr 23, 2018","1,020.75","1,026.75","1,033.25","1,017.25","-","-0.85%"
"Apr 22, 2018","1,029.50","1,029.50","1,029.50","1,029.50","-","0.00%"
"Apr 20, 2018","1,029.50","1,036.75","1,038.50","1,027.75","-","-0.70%"
"Apr 19, 2018","1,036.75","1,041.50","1,044.75","1,032.75","-","-0.48%"
"Apr 18, 2018","1,041.75","1,046.25","1,052.50","1,039.25","-","-0.41%"
"Apr 17, 2018","1,046.00","1,043.25","1,049.00","1,040.25","-","0.31%"
"Apr 16, 2018","1,042.75","1,054.75","1,058.75","1,041.50","-","-0.90%"
"Apr 13, 2018","1,052.25","1,060.50","1,067.25","1,051.75","-","-0.78%"
"Apr 12, 2018","1,060.50","1,047.75","1,061.75","1,047.50","-","1.22%"
"Apr 11, 2018","1,047.75","1,051.00","1,058.50","1,047.25","-","-0.26%"
"Apr 10, 2018","1,050.50","1,046.25","1,063.00","1,045.00","-","0.36%"
"Apr 09, 2018","1,046.75","1,039.00","1,056.75","1,038.75","-","1.16%"
"Apr 06, 2018","1,034.75","1,012.00","1,037.00","1,005.25","-","2.60%"
"Apr 05, 2018","1,008.50","1,015.75","1,034.00","1,004.75","-","-0.66%"
"Apr 04, 2018","1,015.25","1,038.75","1,041.50","983.50","-","-2.26%"
"Apr 03, 2018","1,038.75","1,035.75","1,048.75","1,035.75","-","0.22%"
"Apr 02, 2018","1,036.50","1,046.00","1,060.50","1,035.25","-","-0.79%"
"Mar 29, 2018","1,044.75","1,020.25","1,050.50","1,012.50","-","2.45%"
"Mar 28, 2018","1,019.75","1,019.00","1,023.25","1,015.25","-","0.07%"
"Mar 27, 2018","1,019.00","1,026.75","1,031.00","1,017.25","-","-0.80%"
"Mar 26, 2018","1,027.25","1,026.50","1,040.25","1,025.25","-","-0.05%"
"Mar 23, 2018","1,027.75","1,026.75","1,034.25","1,009.25","-","-0.12%"
"Mar 22, 2018","1,029.00","1,032.00","1,035.50","1,022.25","-","-0.07%"
"Mar 21, 2018","1,029.75","1,029.50","1,037.25","1,025.00","-","0.19%"
"Mar 20, 2018","1,027.75","1,022.75","1,029.75","1,022.25","-","0.49%"
"Mar 19, 2018","1,022.75","1,045.25","1,045.25","1,022.00","-","-2.39%"
"Mar 16, 2018","1,047.75","1,042.00","1,050.00","1,040.75","-","0.65%"
"Mar 15, 2018","1,041.00","1,031.00","1,046.00","1,027.75","-","0.97%"
"Mar 14, 2018","1,031.00","1,048.75","1,054.00","1,031.00","-","-1.67%"
"Mar 13, 2018","1,048.50","1,042.00","1,052.00","1,041.75","-","0.67%"
"Mar 12, 2018","1,041.50","1,036.25","1,044.75","1,032.00","-","0.46%"
"Mar 09, 2018","1,036.75","1,062.00","1,065.00","1,036.75","-","-2.38%"
"Mar 08, 2018","1,062.00","1,063.50","1,069.25","1,056.75","-","-0.14%"
"Mar 07, 2018","1,063.50","1,074.75","1,077.25","1,063.00","-","-1.05%"
"Mar 06, 2018","1,074.75","1,076.75","1,077.75","1,070.25","-","-0.19%"
"Mar 05, 2018","1,076.75","1,073.50","1,079.25","1,066.50","-","0.63%"
"Mar 02, 2018","1,070.00","1,067.75","1,082.50","1,063.75","-","0.23%"
"Mar 01, 2018","1,067.50","1,055.00","1,068.50","1,050.75","-","1.18%"
"Feb 28, 2018","1,055.00","1,049.00","1,059.00","1,046.25","-","0.57%"
"Feb 27, 2018","1,049.00","1,046.25","1,055.75","1,043.75","-","0.26%"
"Feb 26, 2018","1,046.25","1,051.25","1,059.50","1,045.75","-","0.89%"
"Feb 23, 2018","1,037.00","1,031.50","1,039.50","1,028.50","-","0.53%"
"Feb 22, 2018","1,031.50","1,034.00","1,037.00","1,027.25","-","-0.24%"
"Feb 21, 2018","1,034.00","1,025.75","1,038.25","1,019.25","-","0.80%"
"Feb 20, 2018","1,025.75","1,021.25","1,039.00","1,021.25","-","0.44%"
"Feb 19, 2018","1,021.25","1,021.25","1,021.25","1,021.25","-","0.00%"
"Feb 18, 2018","1,021.25","1,021.25","1,021.25","1,021.25","-","0.00%"
"Feb 16, 2018","1,021.25","1,024.00","1,028.25","1,013.00","-","-0.27%"
"Feb 15, 2018","1,024.00","1,017.00","1,024.50","1,015.75","-","0.69%"
"Feb 14, 2018","1,017.00","1,010.75","1,019.50","1,006.00","-","0.62%"
"Feb 13, 2018","1,010.75","1,001.25","1,013.50","998.75","-","0.95%"
"Feb 12, 2018","1,001.25","996.00","1,004.25","989.00","-","1.75%"
"Feb 09, 2018","984.00","987.50","989.50","979.75","-","-0.35%"
"Feb 08, 2018","987.50","984.00","995.75","978.00","-","0.36%"
"Feb 07, 2018","984.00","987.00","993.75","982.00","-","-0.30%"
"Feb 06, 2018","987.00","970.25","987.50","967.75","-","1.73%"
"Feb 05, 2018","970.25","978.50","978.50","969.50","-","-0.84%"
"Feb 04, 2018","978.50","978.50","978.50","978.50","-","0.00%"
"Feb 02, 2018","978.50","984.75","986.25","977.00","-","-0.63%"
"Feb 01, 2018","984.75","996.75","996.75","977.50","-","-1.20%"
"Jan 31, 2018","996.75","999.50","1,002.00","989.25","-","-0.28%"
"Jan 30, 2018","999.50","991.25","1,004.75","988.50","-","0.83%"
"Jan 29, 2018","991.25","991.75","998.75","986.25","-","0.53%"
"Jan 26, 2018","986.00","991.25","995.50","983.75","-","-0.53%"
"Jan 25, 2018","991.25","990.25","1,001.50","987.00","-","0.10%"
"Jan 24, 2018","990.25","985.75","994.75","980.25","-","0.46%"
"Jan 23, 2018","985.75","983.25","988.75","979.50","-","0.25%"
"Jan 22, 2018","983.25","980.50","987.25","980.25","-","0.79%"
"Jan 19, 2018","975.50","972.50","982.75","972.00","-","0.31%"
"Jan 18, 2018","972.50","968.75","974.75","966.50","-","0.34%"
"Jan 17, 2018","969.25","966.75","969.25","961.25","-","0.26%"
"Jan 16, 2018","966.75","965.50","970.00","963.25","-","0.44%"
"Jan 12, 2018","962.50","949.00","962.50","944.50","-","1.42%"
"Jan 11, 2018","949.00","954.50","957.50","949.00","-","-0.58%"
"Jan 10, 2018","954.50","963.25","963.50","951.75","-","-0.91%"
"Jan 09, 2018","963.25","967.00","968.25","961.25","-","-0.39%"
"Jan 08, 2018","967.00","970.00","971.50","960.50","-","-0.28%"
"Jan 05, 2018","969.75","967.25","976.75","967.25","-","0.26%"
"Jan 04, 2018","967.25","969.00","969.00","959.25","-","-0.18%"
"Jan 03, 2018","969.00","965.50","970.00","963.50","-","0.36%"
"Jan 02, 2018","965.50","967.50","970.00","958.75","-","0.31%"
"Dec 29, 2017","962.50","956.50","963.50","955.00","-","0.63%"
"Dec 28, 2017","956.50","966.25","967.75","955.00","-","-1.01%"
"Dec 27, 2017","966.25","969.25","975.50","965.50","-","-0.31%"
"Dec 26, 2017","969.25","964.00","973.75","964.00","-","2.02%"
"Dec 22, 2017","950.10","947.88","959.12","946.62","-","0.18%"
"Dec 21, 2017","948.38","953.38","956.62","948.12","-","-0.60%"
"Dec 20, 2017","954.12","955.88","959.88","953.38","-","-0.18%"
"Dec 19, 2017","955.88","962.12","964.12","955.12","-","-0.60%"
"Dec 18, 2017","961.62","969.88","970.12","957.38","-","-0.60%"
"Dec 15, 2017","967.38","967.88","972.12","964.12","-","-0.02%"
"Dec 14, 2017","967.62","979.88","980.88","966.62","-","-1.22%"
"Dec 13, 2017","979.62","977.12","981.38","976.12","-","0.38%"
"Dec 12, 2017","975.88","982.12","986.12","975.38","-","-0.66%"
"Dec 11, 2017","982.38","988.88","988.88","981.62","-","-0.71%"
"Dec 08, 2017","989.38","991.88","996.38","986.12","-","-0.28%"
"Dec 07, 2017","992.12","1,003.88","1,006.38","988.38","-","-1.10%"
"Dec 06, 2017","1,003.12","1,008.12","1,014.12","995.12","-","-0.52%"
"Dec 05, 2017","1,008.38","999.12","1,014.88","997.62","-","0.98%"
"Dec 04, 2017","998.62","998.38","1,008.38","996.88","-","0.43%"
"Dec 01, 2017","994.38","986.88","995.88","985.62","-","0.89%"
"Nov 30, 2017","985.62","992.62","992.88","985.12","-","-0.71%"
"Nov 29, 2017","992.62","992.88","996.38","989.38","-","-0.03%"
"Nov 28, 2017","992.88","995.62","995.88","987.62","-","-0.35%"
"Nov 27, 2017","996.38","993.88","1,001.38","990.62","-","0.33%"
"Nov 24, 2017","993.12","994.88","999.62","991.12","-","-0.43%"
"Nov 22, 2017","997.38","987.88","999.38","987.62","-","0.81%"
"Nov 21, 2017","989.38","989.62","991.12","986.38","-","-0.05%"
"Nov 20, 2017","989.88","989.88","991.88","983.12","-","-0.07%"
"Nov 17, 2017","990.62","972.62","991.88","971.62","-","1.90%"
"Nov 16, 2017","972.12","976.38","978.38","970.38","-","-0.41%"
"Nov 15, 2017","976.12","969.12","977.88","968.12","-","0.88%"
"Nov 14, 2017","967.62","975.12","977.12","967.12","-","-0.69%"
"Nov 13, 2017","974.38","987.12","990.12","973.88","-","-1.29%"
"Nov 10, 2017","987.12","985.88","990.75","983.88","-","0.23%"
"Nov 09, 2017","984.88","998.12","1,007.62","983.62","-","-1.35%"
"Nov 08, 2017","998.38","996.00","999.38","994.88","-","0.23%"
"Nov 07, 2017","996.12","994.38","998.62","991.38","-","0.23%"
"Nov 06, 2017","993.88","987.12","995.62","985.38","-","0.66%"
"Nov 03, 2017","987.38","998.62","998.88","985.88","-","-1.18%"
"Nov 02, 2017","999.12","990.12","1,000.38","990.12","-","0.78%"
"Nov 01, 2017","991.38","984.75","994.88","983.88","-","0.69%"
"Oct 31, 2017","984.62","984.38","988.38","982.12","-","0.02%"
"Oct 30, 2017","984.38","986.88","993.25","983.12","-","1.00%"
"Oct 27, 2017","974.62","970.62","976.62","969.88","-","0.41%"
"Oct 26, 2017","970.62","975.88","978.62","970.62","-","-0.51%"
"Oct 25, 2017","975.62","975.88","983.12","975.38","-","0.02%"
"Oct 24, 2017","975.38","979.88","982.88","972.88","-","-0.53%"
"Oct 23, 2017","980.62","977.12","982.88","975.12","-","0.20%"
"Oct 20, 2017","978.62","985.38","993.88","978.62","-","-0.81%"
"Oct 19, 2017","986.62","983.38","988.88","983.38","-","0.25%"
"Oct 18, 2017","984.12","985.38","988.38","981.88","-","-0.03%"
"Oct 17, 2017","984.38","989.38","990.38","982.62","-","-0.61%"
"Oct 16, 2017","990.38","997.88","998.75","990.38","-","-0.90%"
"Oct 13, 2017","999.38","990.88","1,003.12","990.38","-","0.73%"
"Oct 12, 2017","992.12","964.88","997.38","961.88","-","2.77%"
"Oct 11, 2017","965.38","965.62","967.38","963.38","-","-0.05%"
"Oct 10, 2017","965.88","966.25","975.62","964.38","-","-0.08%"
"Oct 09, 2017","966.62","974.38","976.88","965.38","-","-0.59%"
"Oct 06, 2017","972.38","967.88","972.88","963.62","-","0.44%"
"Oct 05, 2017","968.12","958.38","970.88","957.88","-","1.02%"
"Oct 04, 2017","958.38","955.62","961.62","952.88","-","0.34%"
"Oct 03, 2017","955.12","956.38","961.12","952.62","-","-0.21%"
"Oct 02, 2017","957.12","967.38","967.88","956.38","-","-1.01%"
"Sep 29, 2017","966.88","959.12","975.88","955.38","-","0.76%"
"Sep 28, 2017","959.62","964.88","965.88","957.62","-","-0.57%"
"Sep 27, 2017","965.12","963.12","968.38","958.12","-","0.18%"
"Sep 26, 2017","963.38","971.62","974.12","962.62","-","-0.82%"
"Sep 25, 2017","971.38","983.38","985.62","971.12","-","-1.32%"
"Sep 22, 2017","984.38","969.62","986.88","969.12","-","1.39%"
"Sep 21, 2017","970.88","970.12","972.88","963.12","-","0.08%"
"Sep 20, 2017","970.12","966.88","973.88","964.88","-","0.47%"
"Sep 19, 2017","965.62","968.12","971.62","958.62","-","-0.18%"
"Sep 18, 2017","967.38","966.62","976.38","966.62","-","-0.15%"
"Sep 15, 2017","968.88","975.38","977.50","967.38","-","-0.77%"
"Sep 14, 2017","976.38","960.88","978.12","960.38","-","1.64%"
"Sep 13, 2017","960.62","949.62","963.38","946.88","-","1.05%"
"Sep 12, 2017","950.62","960.38","965.62","938.62","-","-1.02%"
"Sep 11, 2017","960.38","964.62","968.62","957.00","-","-0.16%"
"Sep 08, 2017","961.88","967.88","976.62","961.88","-","-0.70%"
"Sep 07, 2017","968.62","971.38","977.25","965.88","-","-0.22%"
"Sep 06, 2017","970.75","967.62","976.62","964.88","-","0.30%"
"Sep 05, 2017","967.88","953.38","973.38","952.62","-","2.00%"
"Sep 01, 2017","948.88","947.62","951.62","943.12","-","0.24%"
"Aug 31, 2017","946.62","933.12","948.62","932.88","-","1.39%"
"Aug 30, 2017","933.62","936.88","940.88","931.62","-","-0.43%"
"Aug 29, 2017","937.62","940.62","943.62","934.62","-","-0.42%"
"Aug 28, 2017","941.62","943.88","950.38","938.12","-","0.27%"
"Aug 25, 2017","939.12","939.88","941.75","937.12","-","-0.21%"
"Aug 24, 2017","941.12","934.38","942.50","932.38","-","0.61%"
"Aug 23, 2017","935.38","941.00","943.12","929.12","-","0.19%"
"Aug 22, 2017","933.62","931.62","938.38","927.88","-","0.13%"
"Aug 21, 2017","932.38","935.12","936.12","930.25","-","-0.53%"
"Aug 18, 2017","937.38","930.12","938.88","927.88","-","0.78%"
"Aug 17, 2017","930.12","925.62","931.88","922.12","-","0.89%"
"Aug 16, 2017","921.88","921.38","925.50","917.38","-","0.00%"
"Aug 15, 2017","921.88","932.62","934.25","920.38","-","-1.20%"
"Aug 14, 2017","933.12","929.62","934.38","924.88","-","-0.53%"
"Aug 11, 2017","938.12","935.12","939.50","930.38","-","0.48%"
"Aug 10, 2017","933.62","966.38","980.38","932.12","-","-3.29%"
"Aug 09, 2017","965.38","966.88","971.12","960.38","-","-0.10%"
"Aug 08, 2017","966.38","966.38","973.75","963.88","-","0.29%"
"Aug 07, 2017","963.62","957.75","966.62","955.88","-","1.25%"
"Aug 04, 2017","951.75","953.62","959.50","949.88","-","-0.17%"
"Aug 03, 2017","953.38","969.12","969.62","948.88","-","-1.75%"
"Aug 02, 2017","970.38","964.50","973.38","963.12","-","0.65%"
"Aug 01, 2017","964.12","988.50","992.62","964.12","-","-3.43%"
"Jul 31, 2017","998.38","994.88","1,001.62","987.38","-","-0.17%"
"Jul 28, 2017","1,000.12","992.88","1,007.38","989.62","-","0.53%"
"Jul 27, 2017","994.88","991.62","1,000.62","987.38","-","0.61%"
"Jul 26, 2017","988.88","980.38","991.12","973.38","-","0.79%"
"Jul 25, 2017","981.12","1,012.88","1,022.38","981.12","-","-1.68%"
"Jul 24, 2017","997.88","999.38","999.38","985.88","-","-1.14%"
"Jul 21, 2017","1,009.38","1,011.12","1,013.38","1,001.88","-","-0.35%"
"Jul 20, 2017","1,012.88","999.62","1,017.38","995.12","-","1.30%"
"Jul 19, 2017","999.88","991.88","1,004.62","984.38","-","1.04%"
"Jul 18, 2017","989.62","998.12","1,004.12","986.00","-","0.41%"
"Jul 17, 2017","985.62","988.88","995.38","981.62","-","-0.30%"
"Jul 14, 2017","988.62","975.38","992.00","972.12","-","1.38%"
"Jul 13, 2017","975.12","1,014.88","1,015.38","974.88","-","-4.46%"
"Jul 12, 2017","1,020.62","1,026.12","1,031.12","1,010.62","-","-0.85%"
"Jul 11, 2017","1,029.38","1,027.12","1,032.62","1,008.12","-","0.44%"
"Jul 10, 2017","1,024.88","1,013.12","1,029.38","1,013.12","-","2.37%"
"Jul 07, 2017","1,001.12","985.12","1,003.38","982.62","-","1.47%"
"Jul 06, 2017","986.62","983.88","987.38","973.88","-","0.43%"
"Jul 05, 2017","982.38","982.50","986.38","969.12","-","1.08%"
"Jul 03, 2017","971.88","956.62","980.62","956.12","-","2.48%"
"Jun 30, 2017","948.38","920.38","950.38","917.62","-","3.02%"
"Jun 29, 2017","920.62","919.38","932.38","919.12","-","0.22%"
"Jun 28, 2017","918.62","916.38","922.12","915.88","-","0.30%"
"Jun 27, 2017","915.88","913.62","922.38","913.62","-","0.44%"
"Jun 26, 2017","911.88","909.12","916.38","908.25","-","0.83%"
"Jun 23, 2017","904.38","906.38","908.88","900.38","-","0.06%"
"Jun 22, 2017","903.88","919.88","920.62","903.12","-","-1.63%"
"Jun 21, 2017","918.88","929.12","932.38","917.12","-","-0.94%"
"Jun 20, 2017","927.62","937.62","940.62","926.12","-","-1.07%"
"Jun 19, 2017","937.62","936.62","947.38","933.88","-","-0.19%"
"Jun 16, 2017","939.38","935.62","942.12","932.12","-","0.51%"
"Jun 15, 2017","934.62","931.12","938.38","925.62","-","0.29%"
"Jun 14, 2017","931.88","932.38","938.88","931.12","-","-0.11%"
"Jun 13, 2017","932.88","933.38","941.38","931.88","-","0.21%"
"Jun 12, 2017","930.88","941.62","942.62","930.38","-","-1.12%"
"Jun 09, 2017","941.38","936.62","943.88","933.12","-","0.37%"
"Jun 08, 2017","937.88","931.12","944.62","930.88","-","0.75%"
"Jun 07, 2017","930.88","925.12","934.38","924.88","-","0.84%"
"Jun 06, 2017","923.12","920.88","934.12","920.12","-","0.16%"
"Jun 05, 2017","921.62","925.38","926.38","917.88","-","0.11%"
"Jun 02, 2017","920.62","912.62","923.88","910.88","-","0.96%"
"Jun 01, 2017","911.88","916.38","920.62","911.88","-","-0.44%"
"May 31, 2017","915.88","915.12","920.38","909.62","-","0.36%"
"May 30, 2017","912.62","927.62","928.38","910.62","-","-1.49%"
"May 26, 2017","926.38","939.88","940.88","925.62","-","-1.38%"
"May 25, 2017","939.38","947.62","952.12","939.12","-","-0.92%"
"May 24, 2017","948.12","948.88","951.88","943.12","-","-0.03%"
"May 23, 2017","948.38","956.12","959.12","947.12","-","-0.84%"
"May 22, 2017","956.38","954.12","960.88","954.12","-","0.34%"
"May 19, 2017","953.12","944.62","956.12","944.62","-","0.90%"
"May 18, 2017","944.62","970.62","971.12","942.88","-","-3.20%"
"May 17, 2017","975.88","975.62","980.50","973.62","-","-0.05%"
"May 16, 2017","976.38","965.38","976.62","963.88","-","1.17%"
"May 15, 2017","965.12","962.62","972.88","962.38","-","0.23%"
"May 12, 2017","962.88","964.62","967.38","960.62","-","-0.34%"
"May 11, 2017","966.12","970.88","975.62","962.88","-","-0.32%"
"May 10, 2017","969.25","974.38","988.50","966.88","-","-0.48%"
"May 09, 2017","973.88","965.38","977.12","963.62","-","0.86%"
"May 08, 2017","965.62","971.62","974.62","963.62","-","-0.77%"
"May 05, 2017","973.12","974.38","982.88","967.88","-","-0.03%"
"May 04, 2017","973.38","976.62","979.88","969.62","-","-0.15%"
"May 03, 2017","974.88","969.62","976.38","967.38","-","0.59%"
"May 02, 2017","969.12","969.12","978.38","965.38","-","-0.15%"
"May 01, 2017","970.62","961.88","974.62","958.62","-","1.41%"
"Apr 28, 2017","957.12","956.75","958.62","952.50","-","-0.05%"
"Apr 27, 2017","957.62","957.12","961.25","954.38","-","0.09%"
"Apr 26, 2017","956.75","965.62","968.38","955.25","-","-0.89%"
"Apr 25, 2017","965.38","969.38","971.12","964.88","-","-0.67%"
"Apr 24, 2017","971.88","963.25","971.88","962.12","-","2.21%"
"Apr 21, 2017","950.88","945.62","952.62","944.88","-","0.45%"
"Apr 20, 2017","946.62","950.12","955.62","946.12","-","-0.47%"
"Apr 19, 2017","951.12","946.75","954.38","942.75","-","0.58%"
"Apr 18, 2017","945.62","952.12","954.88","939.88","-","-0.79%"
"Apr 17, 2017","953.12","958.62","961.88","951.62","-","-0.26%"
"Apr 13, 2017","955.62","947.12","959.38","946.88","-","0.84%"
"Apr 12, 2017","947.62","942.38","951.25","941.12","-","0.80%"
"Apr 11, 2017","940.12","941.62","944.88","929.88","-","-0.19%"
"Apr 10, 2017","941.88","944.12","948.88","939.38","-","-0.05%"
"Apr 07, 2017","942.38","938.62","945.38","937.38","-","0.16%"
"Apr 06, 2017","940.88","944.38","946.38","940.12","-","-0.29%"
"Apr 05, 2017","943.62","937.62","948.38","937.62","-","0.64%"
"Apr 04, 2017","937.62","939.50","942.62","936.62","-","0.00%"
"Apr 03, 2017","937.62","946.38","949.12","937.62","-","-0.87%"
"Mar 31, 2017","945.88","961.38","966.38","944.38","-","-1.77%"
"Mar 30, 2017","962.88","969.75","969.88","961.12","-","-0.59%"
"Mar 29, 2017","968.62","970.88","975.88","967.38","-","-0.34%"
"Mar 28, 2017","971.88","971.38","976.38","971.12","-","0.05%"
"Mar 27, 2017","971.38","976.12","978.62","968.38","-","-0.43%"
"Mar 24, 2017","975.62","990.62","990.88","972.38","-","-1.51%"
"Mar 23, 2017","990.62","999.38","1,001.88","990.62","-","-0.88%"
"Mar 22, 2017","999.38","1,000.62","1,003.12","994.12","-","-0.25%"
"Mar 21, 2017","1,001.88","1,000.38","1,007.88","995.12","-","0.20%"
"Mar 20, 2017","999.88","1,003.62","1,008.62","998.38","-","-0.02%"
"Mar 17, 2017","1,000.12","1,001.62","1,004.38","994.38","-","-0.08%"
"Mar 16, 2017","1,000.88","999.62","1,006.62","995.88","-","0.30%"
"Mar 15, 2017","997.88","998.62","1,007.62","995.38","-","-0.12%"
"Mar 14, 2017","999.12","1,006.50","1,007.88","992.12","-","-0.70%"
"Mar 13, 2017","1,006.12","1,006.38","1,010.12","1,003.62","-","-0.05%"
"Mar 10, 2017","1,006.62","1,011.88","1,012.75","1,003.12","-","-0.42%"
"Mar 09, 2017","1,010.88","1,020.88","1,022.62","1,006.38","-","-1.08%"
"Mar 08, 2017","1,021.88","1,025.62","1,027.62","1,018.62","-","-0.39%"
"Mar 07, 2017","1,025.88","1,038.62","1,041.62","1,022.38","-","-1.11%"
"Mar 06, 2017","1,037.38","1,039.12","1,048.38","1,035.88","-","0.05%"
"Mar 03, 2017","1,036.88","1,037.62","1,040.88","1,028.88","-","0.03%"
"Mar 02, 2017","1,036.62","1,049.12","1,050.88","1,032.12","-","-1.40%"
"Mar 01, 2017","1,051.38","1,036.88","1,051.88","1,035.12","-","1.45%"
"Feb 28, 2017","1,036.38","1,024.38","1,056.12","1,023.50","-","1.42%"
"Feb 27, 2017","1,021.88","1,027.38","1,028.88","1,017.12","-","0.79%"
"Feb 24, 2017","1,013.90","1,011.88","1,016.12","1,009.38","-","0.02%"
"Feb 23, 2017","1,013.70","1,022.62","1,026.90","1,010.10","-","-0.90%"
"Feb 22, 2017","1,022.90","1,027.88","1,031.62","1,022.38","-","-0.37%"
"Feb 21, 2017","1,026.70","1,033.88","1,044.40","1,026.10","-","-0.79%"
"Feb 17, 2017","1,034.90","1,043.38","1,046.12","1,031.10","-","-0.84%"
"Feb 16, 2017","1,043.70","1,060.12","1,062.62","1,042.60","-","-1.64%"
"Feb 15, 2017","1,061.10","1,045.12","1,061.40","1,040.38","-","1.50%"
"Feb 14, 2017","1,045.40","1,055.12","1,055.90","1,042.60","-","-0.97%"
"Feb 13, 2017","1,055.60","1,059.38","1,061.62","1,050.60","-","-0.24%"
"Feb 10, 2017","1,058.10","1,050.12","1,063.40","1,047.60","-","0.77%"
"Feb 09, 2017","1,050.00","1,055.88","1,061.40","1,045.10","-","-0.79%"
"Feb 08, 2017","1,058.40","1,041.88","1,059.62","1,040.00","-","1.61%"
"Feb 07, 2017","1,041.60","1,038.88","1,043.12","1,032.10","-","0.39%"
"Feb 06, 2017","1,037.60","1,027.88","1,042.38","1,026.38","-","1.07%"
"Feb 03, 2017","1,026.60","1,036.12","1,044.12","1,026.40","-","-0.95%"
"Feb 02, 2017","1,036.40","1,037.12","1,041.62","1,031.50","-","-0.06%"
"Feb 01, 2017","1,037.00","1,024.12","1,037.40","1,017.10","-","1.21%"
"Jan 31, 2017","1,024.60","1,023.12","1,026.62","1,019.60","-","0.20%"
"Jan 30, 2017","1,022.60","1,043.88","1,043.88","1,019.60","-","-2.55%"
"Jan 27, 2017","1,049.40","1,047.38","1,051.90","1,043.10","-","0.10%"
"Jan 26, 2017","1,048.40","1,055.38","1,058.62","1,045.60","-","-0.77%"
"Jan 25, 2017","1,056.50","1,057.38","1,059.90","1,050.10","-","-0.23%"
"Jan 24, 2017","1,058.90","1,060.12","1,068.12","1,051.38","-","-0.09%"
"Jan 23, 2017","1,059.90","1,066.88","1,069.40","1,055.38","-","-0.70%"
"Jan 20, 2017","1,067.40","1,070.12","1,071.12","1,060.25","-","-0.21%"
"Jan 19, 2017","1,069.60","1,072.62","1,077.12","1,066.88","-","-0.42%"
"Jan 18, 2017","1,074.10","1,067.88","1,079.90","1,062.60","-","0.61%"
"Jan 17, 2017","1,067.60","1,054.12","1,075.25","1,052.38","-","2.24%"
"Jan 13, 2017","1,044.20","1,037.62","1,052.62","1,033.10","-","0.44%"
"Jan 12, 2017","1,039.60","1,009.38","1,041.12","1,006.10","-","2.92%"
"Jan 11, 2017","1,010.10","1,012.38","1,016.40","1,001.10","-","-0.31%"
"Jan 10, 2017","1,013.20","1,003.62","1,014.90","997.38","-","0.83%"
"Jan 09, 2017","1,004.90","995.12","1,005.90","993.60","-","0.95%"
"Jan 06, 2017","995.40","1,012.62","1,014.62","993.60","-","-1.68%"
"Jan 05, 2017","1,012.40","1,013.38","1,015.90","1,007.60","-","-0.17%"
"Jan 04, 2017","1,014.10","995.88","1,015.50","992.75","-","1.78%"
"Jan 03, 2017","996.40","1,005.40","1,011.62","994.60","-","-0.87%"